seed,stage_type,stage_index,method,target,target_type,mean,sd,q2.5,median,q97.5,true_value,bias,absolute_error,scaled_absolute_error,covered,interval_width,simulator_calls,runtime_seconds,training_inclusive_calls
0,rejection_budget,0,Manual ABC,alpha,parameter,-0.8680218476600404,0.32518740043152466,-1.47932199311277,-0.9122737479130171,-0.2942804040208944,-0.5,-0.3680218476600404,0.3680218476600404,0.2628727483286003,True,1.1850415890918755,2000,,2000
0,rejection_budget,0,Manual ABC,beta,parameter,0.9164958677487707,0.03188022837075839,0.8553412040020821,0.9196389491884822,0.9698857666374858,0.95,-0.03350413225122928,0.03350413225122928,0.22485994799482734,True,0.11454456263540369,2000,,2000
0,rejection_budget,0,Manual ABC,sigma_eta,parameter,0.33298484066632955,0.08057385674014568,0.19533754890504668,0.3309542647804893,0.474064072664819,0.3,0.03298484066632956,0.03298484066632956,0.0732996459251768,True,0.2787265237597723,2000,,2000
0,rejection_budget,0,Manual ABC,long_run_log_variance,derived,-10.620402252273054,2.33821346205012,-14.861981880330234,-10.527197080328541,-7.077429740365496,-9.999999999999991,-0.6204022522730632,0.6204022522730632,0.06204022522730638,True,7.784552139964737,2000,,2000
0,rejection_budget,0,Manual ABC,half_life_days,derived,9.627451823141378,5.040873540263683,4.436005095416393,8.27400009847846,22.668921621461916,13.513407333964874,-3.8859555108234964,3.8859555108234964,0.2875629672655879,True,18.23291652604552,2000,,2000
0,rejection_budget,0,Manual ABC,stationary_log_volatility_variance,derived,0.7500546225791535,0.25789334719515183,0.3378253203863795,0.7326424564878623,1.3979605847444716,0.9230769230769228,-0.17302230049776934,0.17302230049776934,0.18744082553925018,True,1.0601352643580921,2000,,2000
0,rejection_budget,1,Manual ABC,alpha,parameter,-0.8335378753486737,0.3111278583369228,-1.3948537963946828,-0.8546348394125352,-0.2937122070966409,-0.5,-0.33353787534867374,0.33353787534867374,0.23824133953476698,True,1.1011415892980418,5000,,5000
0,rejection_budget,1,Manual ABC,beta,parameter,0.9210544076098663,0.029637566651460216,0.8659470007592613,0.9216316155458114,0.9724984367006015,0.95,-0.028945592390133612,0.028945592390133612,0.19426572073915174,True,0.1065514359413402,5000,,5000
0,rejection_budget,1,Manual ABC,sigma_eta,parameter,0.3341342580343566,0.08002274991323748,0.18814746282689837,0.3338530505420783,0.474064072664819,0.3,0.0341342580343566,0.0341342580343566,0.07585390674301466,True,0.2859166098379206,5000,,5000
0,rejection_budget,1,Manual ABC,long_run_log_variance,derived,-10.765323105244091,2.227422101722734,-14.713700882846922,-10.664260775008383,-7.221346276682205,-9.999999999999991,-0.7653231052441001,0.7653231052441001,0.07653231052441008,True,7.492354606164717,5000,,5000
0,rejection_budget,1,Manual ABC,half_life_days,derived,10.249814723946667,6.086798950799068,4.815810522272126,8.49344271141984,24.85573487207132,13.513407333964874,-3.2635926100182076,3.2635926100182076,0.24150775073696085,True,20.039924349799193,5000,,5000
0,rejection_budget,1,Manual ABC,stationary_log_volatility_variance,derived,0.7875389602590944,0.24785694475437317,0.38697158326198294,0.7631269801459726,1.3890109066581973,0.9230769230769228,-0.13553796281782837,0.13553796281782837,0.14683279305264746,True,1.0020393233962144,5000,,5000
0,rejection_budget,2,Manual ABC,alpha,parameter,-0.8281210466007956,0.3176576706070988,-1.4141101377638996,-0.8458918545142798,-0.25299395345482134,-0.5,-0.32812104660079555,0.32812104660079555,0.2343721761434254,True,1.1611161843090783,10000,,10000
0,rejection_budget,2,Manual ABC,beta,parameter,0.9220782687955449,0.02949428585249266,0.866838161640437,0.9223255934408501,0.9750394341137194,0.95,-0.02792173120445507,0.02792173120445507,0.18739416915741655,True,0.10820127247328237,10000,,10000
0,rejection_budget,2,Manual ABC,sigma_eta,parameter,0.33311197623705824,0.0796362538425139,0.17518821344780533,0.3321826880062227,0.4774884395694463,0.3,0.03311197623705825,0.03311197623705825,0.073582169415685,True,0.302300226121641,10000,,10000
0,rejection_budget,2,Manual ABC,long_run_log_variance,derived,-10.81427015089782,2.2101412143175536,-14.788510184960483,-10.679289924936304,-7.2412797671690985,-9.999999999999991,-0.8142701508978281,0.8142701508978281,0.08142701508978288,True,7.5472304177913845,10000,,10000
0,rejection_budget,2,Manual ABC,half_life_days,derived,10.512972170720994,6.3878262948191455,4.850473791496984,8.572508947109393,27.421656494661256,13.513407333964874,-3.00043516324388,3.00043516324388,0.22203394666440085,True,22.571182703164272,10000,,10000
0,rejection_budget,2,Manual ABC,stationary_log_volatility_variance,derived,0.796266950596668,0.24989867792041615,0.412866012351326,0.7643121295637263,1.385054201028725,0.9230769230769228,-0.12680997248025483,0.12680997248025483,0.13737747018694277,True,0.9721881886773991,10000,,10000
0,rejection_budget,3,Manual ABC,alpha,parameter,-0.8285726713954243,0.32318470973836877,-1.431708338982113,-0.8286897960027794,-0.24750621054478694,-0.5,-0.32857267139542434,0.32857267139542434,0.23469476528244598,True,1.184202128437326,20000,,20000
0,rejection_budget,3,Manual ABC,beta,parameter,0.9219480823830597,0.02970244817621248,0.8617018604071902,0.9215354604229355,0.9753417727712378,0.95,-0.02805191761694026,0.02805191761694026,0.18826790346939767,True,0.11363991236404758,20000,,20000
0,rejection_budget,3,Manual ABC,sigma_eta,parameter,0.3312835660129562,0.07988887334208317,0.1710808813236182,0.3347062630072469,0.4761090335832652,0.3,0.03128356601295623,0.03128356601295623,0.06951903558434717,True,0.30502815225964697,20000,,20000
0,rejection_budget,3,Manual ABC,long_run_log_variance,derived,-10.783592737256594,2.2341155211367063,-14.71807994370328,-10.599710032816112,-7.2412797671690985,-9.999999999999991,-0.783592737256603,0.783592737256603,0.07835927372566036,True,7.476800176534182,20000,,20000
0,rejection_budget,3,Manual ABC,half_life_days,derived,10.543956081084813,6.485425412319954,4.6568095244879775,8.482597827774342,27.762163228086433,13.513407333964874,-2.969451252880061,2.969451252880061,0.21974111928207637,True,23.105353703598453,20000,,20000
0,rejection_budget,3,Manual ABC,stationary_log_volatility_variance,derived,0.7866123220823242,0.24865024887332154,0.37804008035449543,0.7602891520800843,1.354727527324067,0.9230769230769228,-0.13646460099459856,0.13646460099459856,0.1478366510774818,True,0.9766874469695717,20000,,20000
0,rejection_budget,0,Auto ABC,alpha,parameter,-0.3645241797401562,0.21208367653050236,-0.9228794209552217,-0.2956815622051989,-0.11164139433255671,-0.5,0.13547582025984378,0.13547582025984378,0.09676844304274557,True,0.811238026622665,2000,,7000
0,rejection_budget,0,Auto ABC,beta,parameter,0.9565249298128677,0.020545682126923315,0.907143412811964,0.9575223796580131,0.9869593083964469,0.95,0.006524929812867786,0.006524929812867786,0.04379147525414621,True,0.07981589558448288,2000,,7000
0,rejection_budget,0,Auto ABC,sigma_eta,parameter,0.3314506813635373,0.0932060514714795,0.13962271129566872,0.3380417165329186,0.49021165130879646,0.3,0.03145068136353729,0.03145068136353729,0.06989040303008287,True,0.35058894001312774,2000,,7000
0,rejection_budget,0,Auto ABC,long_run_log_variance,derived,-8.826717153323159,3.4921173900041107,-15.394363358241305,-8.529104922274842,-2.8425085304021818,-9.999999999999991,1.1732828466768321,1.1732828466768321,0.11732828466768332,True,12.551854827839124,2000,,7000
0,rejection_budget,0,Auto ABC,half_life_days,derived,19.946752669607626,10.876999790282328,7.112504709250813,15.968857376750204,52.8053077683544,13.513407333964874,6.433345335642752,6.433345335642752,0.4760712954661738,True,45.69280305910359,2000,,7000
0,rejection_budget,0,Auto ABC,stationary_log_volatility_variance,derived,1.7011638914207654,1.307569702785951,0.3007318177567107,1.2993287234880027,5.910957930703125,0.9230769230769228,0.7780869683438426,0.7780869683438426,0.8429275490391631,True,5.610226112946414,2000,,7000
0,rejection_budget,1,Auto ABC,alpha,parameter,-0.4023588348776107,0.22630918599114014,-0.9505378347750358,-0.3536756749579151,-0.11164139433255671,-0.5,0.0976411651223893,0.0976411651223893,0.06974368937313521,True,0.8388964404424791,5000,,10000
0,rejection_budget,1,Auto ABC,beta,parameter,0.9551206288309608,0.021544343353945082,0.907143412811964,0.9581374638184311,0.9867183439216778,0.95,0.005120628830960872,0.005120628830960872,0.03436663644940182,True,0.07957493110971381,5000,,10000
0,rejection_budget,1,Auto ABC,sigma_eta,parameter,0.3348522366031425,0.09388600932103665,0.13962271129566872,0.3440848759888049,0.4895530932598445,0.3,0.03485223660314252,0.03485223660314252,0.07744941467365003,True,0.34993038196417575,5000,,10000
0,rejection_budget,1,Auto ABC,long_run_log_variance,derived,-9.358315727337587,3.4788250154602567,-15.597458687102383,-9.040975730259174,-3.3709105345422534,-9.999999999999991,0.6416842726624044,0.6416842726624044,0.06416842726624049,True,12.226548152560131,5000,,10000
0,rejection_budget,1,Auto ABC,half_life_days,derived,19.679313273353635,11.652903540284568,7.112504709250813,16.208653118863477,51.84096377933144,13.513407333964874,6.165905939388761,6.165905939388761,0.4562806246424058,True,44.728459070080625,5000,,10000
0,rejection_budget,1,Auto ABC,stationary_log_volatility_variance,derived,1.6950375597177476,1.2888262717236638,0.2888362599427076,1.2677666512034222,5.188174283420779,0.9230769230769228,0.7719606366408248,0.7719606366408248,0.8362906896942272,True,4.899338023478072,5000,,10000
0,rejection_budget,2,Auto ABC,alpha,parameter,-0.4111000322844316,0.23880704113891274,-0.9505826442665849,-0.35556936970623654,-0.11164139433255671,-0.5,0.0888999677155684,0.0888999677155684,0.06349997693969173,True,0.8389412499340282,10000,,15000
0,rejection_budget,2,Auto ABC,beta,parameter,0.9554450750059789,0.02238858557119157,0.9023289496370819,0.9599868519823259,0.9875122590895773,0.95,0.0054450750059789055,0.0054450750059789055,0.0365441275569054,True,0.08518330945249541,10000,,15000
0,rejection_budget,2,Auto ABC,sigma_eta,parameter,0.34150932472390805,0.09600467352831034,0.1525126703338426,0.344963075142933,0.4927675210836935,0.3,0.04150932472390806,0.04150932472390806,0.0922429438309068,True,0.34025485074985085,10000,,15000
0,rejection_budget,2,Auto ABC,long_run_log_variance,derived,-9.622523771648922,3.5217395851085027,-15.759404138583971,-9.360248964722894,-3.8202775542252816,-9.999999999999991,0.3774762283510693,0.3774762283510693,0.037747622835106964,True,11.93912658435869,10000,,15000
0,rejection_budget,2,Auto ABC,half_life_days,derived,20.139709414123704,12.174931839056313,6.744242447830426,16.97405315432738,55.15891144346139,13.513407333964874,6.62630208015883,6.62630208015883,0.4903502067538619,True,48.41466899563097,10000,,15000
0,rejection_budget,2,Auto ABC,stationary_log_volatility_variance,derived,1.8049972467119297,1.4783664690503677,0.300589953753492,1.3557167121856595,5.363835354513149,0.9230769230769228,0.8819203236350069,0.8819203236350069,0.9554136839379245,True,5.063245400759658,10000,,15000
0,rejection_budget,3,Auto ABC,alpha,parameter,-0.4077025200752798,0.2384286943174412,-0.9847902135120801,-0.345935736166336,-0.11379153020609056,-0.5,0.0922974799247202,0.0922974799247202,0.06592677137480014,True,0.8709986833059895,20000,,25000
0,rejection_budget,3,Auto ABC,beta,parameter,0.9557907476679615,0.02181163211634318,0.9045080778854441,0.9595363007267734,0.9874644666728528,0.95,0.005790747667961504,0.005790747667961504,0.038864078308466464,True,0.08295638878740874,20000,,25000
0,rejection_budget,3,Auto ABC,sigma_eta,parameter,0.34398488173289155,0.09706100658590427,0.14953298825540223,0.3486477679261054,0.4918227452923072,0.3,0.043984881732891556,0.043984881732891556,0.0977441816286479,True,0.34228975703690495,20000,,25000
0,rejection_budget,3,Auto ABC,long_run_log_variance,derived,-9.596370523630362,3.605344466765852,-16.004920950091947,-9.473567357453012,-3.8071380801943135,-9.999999999999991,0.40362947636962865,0.40362947636962865,0.0403629476369629,True,12.197782869897633,20000,,25000
0,rejection_budget,3,Auto ABC,half_life_days,derived,20.105236459410254,12.20017411685589,6.90632976705305,16.7811397504541,54.94728813742815,13.513407333964874,6.591829125445379,6.591829125445379,0.48779918806098155,True,48.0409583703751,20000,,25000
0,rejection_budget,3,Auto ABC,stationary_log_volatility_variance,derived,1.831109719171264,1.500134068976173,0.3371180974308947,1.4326710462714995,6.017681629655413,0.9230769230769228,0.9080327960943412,0.9080327960943412,0.9837021957688699,True,5.680563532224518,20000,,25000
0,rejection_budget,0,Wasserstein ABC,alpha,parameter,-0.9831614999984869,0.34234284453507907,-1.456213260292444,-1.0571717852975309,-0.325386744474069,-0.5,-0.4831614999984869,0.4831614999984869,0.3451153571417764,True,1.130826515818375,2000,,2000
0,rejection_budget,0,Wasserstein ABC,beta,parameter,0.8993759196538604,0.034972972035271,0.8534510247261994,0.8902056810396192,0.9675549412919129,0.95,-0.05062408034613952,0.05062408034613952,0.33975892849758066,True,0.1141039165657135,2000,,2000
0,rejection_budget,0,Wasserstein ABC,sigma_eta,parameter,0.2612738933089794,0.12130829858777989,0.05177294152456838,0.24769573710239184,0.47325829135776326,0.3,-0.03872610669102061,0.03872610669102061,0.08605801486893469,True,0.42148534983319486,2000,,2000
0,rejection_budget,0,Wasserstein ABC,long_run_log_variance,derived,-9.779513093185034,0.3436568370545877,-10.390062298861992,-9.77716498072487,-9.218352335612781,-9.999999999999991,0.22048690681495664,0.22048690681495664,0.022048690681495682,True,1.17170996324921,2000,,2000
0,rejection_budget,0,Wasserstein ABC,half_life_days,derived,8.023249260061375,4.966969187162808,4.37407570848308,5.959852507352964,21.01524222101284,13.513407333964874,-5.490158073903499,5.490158073903499,0.40627488968710535,True,16.64116651252976,2000,,2000
0,rejection_budget,0,Wasserstein ABC,stationary_log_volatility_variance,derived,0.49618434417194424,0.4787635854993461,0.01664909253830636,0.3519743191980365,1.9971646507347565,0.9230769230769228,-0.42689257890497856,0.42689257890497856,0.4624669604803936,True,1.9805155581964502,2000,,2000
0,rejection_budget,1,Wasserstein ABC,alpha,parameter,-0.9800024398715756,0.3337975823638209,-1.456213260292444,-1.0447572447970797,-0.325386744474069,-0.5,-0.48000243987157565,0.48000243987157565,0.34285888562255407,True,1.130826515818375,5000,,5000
0,rejection_budget,1,Wasserstein ABC,beta,parameter,0.9002838346261189,0.03400930940048781,0.8529971179970539,0.8932628560377505,0.9675549412919129,0.95,-0.049716165373881016,0.049716165373881016,0.3336655394220202,True,0.11455782329485897,5000,,5000
0,rejection_budget,1,Wasserstein ABC,sigma_eta,parameter,0.27846098045800294,0.1256662318907749,0.05444031186838198,0.27445952158747766,0.48439295842525126,0.3,-0.02153901954199705,0.02153901954199705,0.047864487871104554,True,0.42995264655686927,5000,,5000
0,rejection_budget,1,Wasserstein ABC,long_run_log_variance,derived,-9.840268209958742,0.3378263901938191,-10.479435707709989,-9.839680516453251,-9.24216931689439,-9.999999999999991,0.15973179004124916,0.15973179004124916,0.01597317900412493,True,1.2372663908155985,5000,,5000
0,rejection_budget,1,Wasserstein ABC,half_life_days,derived,7.9948067821078395,4.7296706735879726,4.359440627363634,6.140872008959179,21.01524222101284,13.513407333964874,-5.518600551857035,5.518600551857035,0.40837964959336875,True,16.65580159364921,5000,,5000
0,rejection_budget,1,Wasserstein ABC,stationary_log_volatility_variance,derived,0.5544501153491433,0.4887854446441364,0.016886846308949748,0.4050018876204175,1.8726676049284814,0.9230769230769228,-0.36862680772777945,0.36862680772777945,0.3993457083717612,True,1.8557807586195316,5000,,5000
0,rejection_budget,2,Wasserstein ABC,alpha,parameter,-0.9710611377681455,0.328110728283591,-1.4456145489300825,-1.0225060410242865,-0.3182263760706423,-0.5,-0.4710611377681455,0.4710611377681455,0.3364722412629611,True,1.1273881728594402,10000,,10000
0,rejection_budget,2,Wasserstein ABC,beta,parameter,0.9011140352661742,0.033684683138569906,0.8525566497533109,0.8964309348100317,0.9675549412919129,0.95,-0.04888596473382578,0.04888596473382578,0.3280937230458106,True,0.11499829153860197,10000,,10000
0,rejection_budget,2,Wasserstein ABC,sigma_eta,parameter,0.2745578100879936,0.12422243003239165,0.06002502426234796,0.2779903334841881,0.4834937193264364,0.3,-0.025442189912006363,0.025442189912006363,0.05653819980445858,True,0.42346869506408846,10000,,10000
0,rejection_budget,2,Wasserstein ABC,long_run_log_variance,derived,-9.84126869712642,0.32050142493604533,-10.449989312385165,-9.839945561556727,-9.288786540534616,-9.999999999999991,0.15873130287357107,0.15873130287357107,0.01587313028735712,True,1.161202771850549,10000,,10000
0,rejection_budget,2,Wasserstein ABC,half_life_days,derived,8.051422590007022,4.767208735493668,4.3453247868785905,6.339720540609587,21.01524222101284,13.513407333964874,-5.461984743957853,5.461984743957853,0.4041900468899201,True,16.66991743413425,10000,,10000
0,rejection_budget,2,Wasserstein ABC,stationary_log_volatility_variance,derived,0.5495561573249983,0.4897800893208224,0.01941359330259609,0.41715277411592133,1.9046184533134969,0.9230769230769228,-0.3735207657519245,0.3735207657519245,0.4046474962312517,True,1.8852048600109008,10000,,10000
0,rejection_budget,3,Wasserstein ABC,alpha,parameter,-0.98312471310707,0.331978519283189,-1.4626534771239303,-1.0335074888186953,-0.29562484747743256,-0.5,-0.48312471310706995,0.48312471310706995,0.3450890807907643,True,1.1670286296464978,20000,,20000
0,rejection_budget,3,Wasserstein ABC,beta,parameter,0.8998996309913121,0.03394328171512445,0.8528712277149284,0.8951422167590277,0.9700350128810631,0.95,-0.05010036900868786,0.05010036900868786,0.3362440873066299,True,0.11716378516613468,20000,,20000
0,rejection_budget,3,Wasserstein ABC,sigma_eta,parameter,0.2771284682958428,0.12456518123069554,0.06137846043147854,0.2779903334841881,0.4843697242780016,0.3,-0.022871531704157178,0.022871531704157178,0.05082562600923817,True,0.4229912638465231,20000,,20000
0,rejection_budget,3,Wasserstein ABC,long_run_log_variance,derived,-9.836933109184551,0.3076870277205836,-10.407845030793482,-9.833376369612337,-9.306214380931264,-9.999999999999991,0.1630668908154398,0.1630668908154398,0.016306689081543993,True,1.1016306498622175,20000,,20000
0,rejection_budget,3,Wasserstein ABC,half_life_days,derived,8.022423632325811,5.2006983926810015,4.355397570927598,6.25738432160658,22.783572300094832,13.513407333964874,-5.490983701639063,5.490983701639063,0.40633598661959314,True,18.428174729167235,20000,,20000
0,rejection_budget,3,Wasserstein ABC,stationary_log_volatility_variance,derived,0.5534574291983887,0.4926687700671092,0.020083010389569177,0.42903632483082993,1.87089414591719,0.9230769230769228,-0.3696194938785341,0.3696194938785341,0.40042111836841204,True,1.8508111355276207,20000,,20000
1,rejection_budget,0,Manual ABC,alpha,parameter,-0.8755972011695206,0.3310660181839708,-1.451200830182533,-0.9095432408860175,-0.2155255173809687,-0.5,-0.37559720116952056,0.37559720116952056,0.2682837151210861,True,1.2356753128015643,2000,,2000
1,rejection_budget,0,Manual ABC,beta,parameter,0.9173048607802987,0.0316051411742416,0.8597689097103446,0.9133513919775881,0.9784241616811983,0.95,-0.03269513921970124,0.03269513921970124,0.21943046456175327,True,0.11865525197085369,2000,,2000
1,rejection_budget,0,Manual ABC,sigma_eta,parameter,0.3450130444564788,0.08824875649183768,0.14943612369419013,0.3442378390959733,0.48411364426558773,0.3,0.0450130444564788,0.0450130444564788,0.100028987681064,True,0.3346775205713976,2000,,2000
1,rejection_budget,0,Manual ABC,long_run_log_variance,derived,-10.83713519516461,2.1107902113276653,-14.891513267843148,-10.519900427238673,-7.465005953749598,-9.999999999999991,-0.8371351951646187,0.8371351951646187,0.08371351951646194,True,7.42650731409355,2000,,2000
1,rejection_budget,0,Manual ABC,half_life_days,derived,10.614273430207705,9.98686037630172,4.587594662973056,7.647710801694618,31.778249876993062,13.513407333964874,-2.8991339037571695,2.8991339037571695,0.21453759456139734,True,27.190655214020005,2000,,2000
1,rejection_budget,0,Manual ABC,stationary_log_volatility_variance,derived,0.810996679620259,0.2746619798009672,0.37214189102471434,0.7722280467889966,1.563879202006327,0.9230769230769228,-0.11208024345666379,0.11208024345666379,0.12142026374471913,True,1.1917373109816127,2000,,2000
1,rejection_budget,1,Manual ABC,alpha,parameter,-0.8748023802134826,0.32555133411559245,-1.4624779733889193,-0.8991739022953226,-0.2155255173809687,-0.5,-0.37480238021348256,0.37480238021348256,0.26771598586677325,True,1.2469524560079506,5000,,5000
1,rejection_budget,1,Manual ABC,beta,parameter,0.9189103003639655,0.03009433116125593,0.8631230238617973,0.9177459145662399,0.9784241616811983,0.95,-0.031089699636034474,0.031089699636034474,0.2086557022552649,True,0.11530113781940099,5000,,5000
1,rejection_budget,1,Manual ABC,sigma_eta,parameter,0.33691648944200475,0.08321946021738579,0.17077315713940708,0.3418152744712984,0.4788303748714763,0.3,0.03691648944200476,0.03691648944200476,0.08203664320445503,True,0.3080572177320692,5000,,5000
1,rejection_budget,1,Manual ABC,long_run_log_variance,derived,-10.98325361106839,2.145868468630901,-14.848621930079105,-10.869646564799082,-7.465005953749598,-9.999999999999991,-0.9832536110683989,0.9832536110683989,0.09832536110683998,True,7.383615976329507,5000,,5000
1,rejection_budget,1,Manual ABC,half_life_days,derived,10.384069063119039,8.047524229972959,4.708942864578359,8.075371783378472,31.778249876993062,13.513407333964874,-3.1293382708458353,3.1293382708458353,0.23157285157685525,True,27.069307012414704,5000,,5000
1,rejection_budget,1,Manual ABC,stationary_log_volatility_variance,derived,0.7858632406039933,0.26419524367192,0.391957448485048,0.7562457819802199,1.4310040740481031,0.9230769230769228,-0.13721368247292953,0.13721368247292953,0.14864815601234038,True,1.039046625563055,5000,,5000
1,rejection_budget,2,Manual ABC,alpha,parameter,-0.8503741299584437,0.3302829373741044,-1.445443205230379,-0.8540556130854308,-0.2248376569517243,-0.5,-0.35037412995844375,0.35037412995844375,0.2502672356846027,True,1.2206055482786546,10000,,10000
1,rejection_budget,2,Manual ABC,beta,parameter,0.9210182460136704,0.029471905567653785,0.8629665483234787,0.9208076622149224,0.9783036968856988,0.95,-0.028981753986329517,0.028981753986329517,0.19450841601563432,True,0.1153371485622201,10000,,10000
1,rejection_budget,2,Manual ABC,sigma_eta,parameter,0.33326089864330927,0.08169641186675732,0.17451340971633053,0.3343101803247031,0.4788303748714763,0.3,0.03326089864330928,0.03326089864330928,0.07391310809624284,True,0.3043169651551457,10000,,10000
1,rejection_budget,2,Manual ABC,long_run_log_variance,derived,-10.911243248151857,2.173828821346042,-14.735091365364445,-10.854670319660396,-7.4129558237278195,-9.999999999999991,-0.911243248151866,0.911243248151866,0.09112432481518667,True,7.322135541636626,10000,,10000
1,rejection_budget,2,Manual ABC,half_life_days,derived,10.546559762514908,7.410056410445746,4.7031499129198,8.401366448642175,31.599868502643016,13.513407333964874,-2.966847571449966,2.966847571449966,0.21954844534235496,True,26.896718589723214,10000,,10000
1,rejection_budget,2,Manual ABC,stationary_log_volatility_variance,derived,0.7880946521731886,0.25885550173919175,0.3792897166306556,0.7691565502610924,1.3940466280079051,0.9230769230769228,-0.13498227090373416,0.13498227090373416,0.14623079347904538,True,1.0147569113772494,10000,,10000
1,rejection_budget,3,Manual ABC,alpha,parameter,-0.8373229565411263,0.332248038726856,-1.4449393049068238,-0.8381345128683797,-0.20588689403793592,-0.5,-0.3373229565411263,0.3373229565411263,0.2409449689579474,True,1.2390524108688878,20000,,20000
1,rejection_budget,3,Manual ABC,beta,parameter,0.9225622918220978,0.029741101951661606,0.8630155391276804,0.9227472795893268,0.9803196663478679,0.95,-0.027437708177902143,0.027437708177902143,0.18414569246914186,True,0.11730412722018757,20000,,20000
1,rejection_budget,3,Manual ABC,sigma_eta,parameter,0.33135378193168186,0.08304062553452149,0.16740290182459575,0.3343101803247031,0.4788303748714763,0.3,0.03135378193168187,0.03135378193168187,0.06967507095929304,True,0.31142747304688057,20000,,20000
1,rejection_budget,3,Manual ABC,long_run_log_variance,derived,-10.968984750552073,2.192099754866329,-14.735091365364445,-10.92001105416331,-7.334258526831331,-9.999999999999991,-0.9689847505520817,0.9689847505520817,0.09689847505520825,True,7.400832838533114,20000,,20000
1,rejection_budget,3,Manual ABC,half_life_days,derived,10.94482776512432,7.779912837770885,4.7049622032790674,8.62124589555272,34.87257450241995,13.513407333964874,-2.568579568840555,2.568579568840555,0.19007638157880688,True,30.167612299140885,20000,,20000
1,rejection_budget,3,Manual ABC,stationary_log_volatility_variance,derived,0.7968950714958656,0.2608972964267441,0.3755956975538523,0.7712003529140179,1.372115661382135,0.9230769230769228,-0.12618185158105721,0.12618185158105721,0.1366970058794787,True,0.9965199638282827,20000,,20000
1,rejection_budget,0,Auto ABC,alpha,parameter,-0.4399075843190375,0.2539693283798933,-1.0329295433343373,-0.391479888496175,-0.13951668965487296,-0.5,0.06009241568096252,0.06009241568096252,0.04292315405783037,True,0.8934128536794643,2000,,7000
1,rejection_budget,0,Auto ABC,beta,parameter,0.9524474268662753,0.023069275214834713,0.8941753028569107,0.9571539131945942,0.984107166279956,0.95,0.002447426866275304,0.002447426866275304,0.016425683666277207,True,0.08993186342304527,2000,,7000
1,rejection_budget,0,Auto ABC,sigma_eta,parameter,0.35658280030734874,0.09529237251581138,0.14501545212021727,0.3717208236681123,0.49518249390176705,0.3,0.056582800307348746,0.056582800307348746,0.12573955623855276,True,0.3501670417815498,2000,,7000
1,rejection_budget,0,Auto ABC,long_run_log_variance,derived,-9.489431478656364,3.4686773813037286,-16.12841891421291,-9.311148321105756,-3.451387888514747,-9.999999999999991,0.5105685213436271,0.5105685213436271,0.05105685213436275,True,12.677031025698165,2000,,7000
1,rejection_budget,0,Auto ABC,half_life_days,derived,17.926741111990246,9.034231481170536,6.196923515554876,15.82850464303381,43.26632049365022,13.513407333964874,4.413333778025372,4.413333778025372,0.3265892656793382,True,37.06939697809534,2000,,7000
1,rejection_budget,0,Auto ABC,stationary_log_volatility_variance,derived,1.7262084257747692,1.245545167842697,0.3133534694308439,1.4594185301132558,6.0091580119789265,0.9230769230769228,0.8031315026978464,0.8031315026978464,0.8700591279226672,True,5.695804542548083,2000,,7000
1,rejection_budget,1,Auto ABC,alpha,parameter,-0.40297651862215844,0.23325113687773433,-1.003742601841319,-0.34953282080761205,-0.11856692998283536,-0.5,0.09702348137784156,0.09702348137784156,0.06930248669845826,True,0.8851756718584836,5000,,10000
1,rejection_budget,1,Auto ABC,beta,parameter,0.9543156145171345,0.02197187424706355,0.9070099960791375,0.9570092408171372,0.9865597539965832,0.95,0.0043156145171345806,0.0043156145171345806,0.028963855819695166,True,0.07954975791744578,5000,,10000
1,rejection_budget,1,Auto ABC,sigma_eta,parameter,0.35202451189763745,0.09724901468309798,0.14277976170198325,0.3601616199168539,0.49518249390176705,0.3,0.05202451189763746,0.05202451189763746,0.11561002643919435,True,0.3524027321997838,5000,,10000
1,rejection_budget,1,Auto ABC,long_run_log_variance,derived,-9.238295256018283,3.5525040972862776,-16.263918767792262,-8.855562036648363,-3.6584972532779942,-9.999999999999991,0.7617047439817082,0.7617047439817082,0.07617047439817089,True,12.605421514514267,5000,,10000
1,rejection_budget,1,Auto ABC,half_life_days,derived,19.784448791016764,13.302825501179292,7.101786283762442,15.774055074526064,51.2251517690809,13.513407333964874,6.27104145705189,6.27104145705189,0.4640607140798699,True,44.12336548531846,5000,,10000
1,rejection_budget,1,Auto ABC,stationary_log_volatility_variance,derived,1.8875056135461599,1.7875990592980968,0.3133534694308439,1.5537409946787717,6.632494891059508,0.9230769230769228,0.9644286904692371,0.9644286904692371,1.0447977480083406,True,6.3191414216286645,5000,,10000
1,rejection_budget,2,Auto ABC,alpha,parameter,-0.39969369222455386,0.23436547852505693,-0.9976957074129992,-0.3356788892987661,-0.11552597355474847,-0.5,0.10030630777544614,0.10030630777544614,0.07164736269674725,True,0.8821697338582507,10000,,15000
1,rejection_budget,2,Auto ABC,beta,parameter,0.9546002959519355,0.022480576469418697,0.9025532006935363,0.9574673107116182,0.9877711611244203,0.95,0.004600295951935562,0.004600295951935562,0.030874469476077596,True,0.08521796043088403,10000,,15000
1,rejection_budget,2,Auto ABC,sigma_eta,parameter,0.3490263153716299,0.09695268435655408,0.14277976170198325,0.3555781238313135,0.4917970099346524,0.3,0.049026315371629936,0.049026315371629936,0.10894736749251097,True,0.34901724823266916,10000,,15000
1,rejection_budget,2,Auto ABC,long_run_log_variance,derived,-9.253171567708844,3.5554434004583335,-16.153239271011365,-8.971314667054274,-3.720832343042846,-9.999999999999991,0.7468284322911476,0.7468284322911476,0.07468284322911482,True,12.43240692796852,10000,,15000
1,rejection_budget,2,Auto ABC,half_life_days,derived,20.164157166654704,13.772652870893548,6.760588310620887,15.947726501646976,56.33407257358962,13.513407333964874,6.650749832689829,6.650749832689829,0.4921593546561494,True,49.573484262968734,10000,,15000
1,rejection_budget,2,Auto ABC,stationary_log_volatility_variance,derived,1.9009331988658489,1.7280397295346477,0.3159927845439603,1.468306136351546,6.672939872907395,0.9230769230769228,0.9778562757889261,0.9778562757889261,1.0593442987713368,True,6.356947088363435,10000,,15000
1,rejection_budget,3,Auto ABC,alpha,parameter,-0.39173172881956475,0.23269833631872294,-0.9998830356427222,-0.33363303198408745,-0.11576559459251556,-0.5,0.10826827118043525,0.10826827118043525,0.0773344794145966,True,0.8841174410502066,20000,,25000
1,rejection_budget,3,Auto ABC,beta,parameter,0.9560435088970818,0.02241112015338927,0.902497303557167,0.9596010000496603,0.9879939688711766,0.95,0.0060435088970818285,0.0060435088970818285,0.040560462396522334,True,0.08549666531400968,20000,,25000
1,rejection_budget,3,Auto ABC,sigma_eta,parameter,0.349802915177429,0.09990471281984917,0.14900472417604527,0.35863472281273256,0.4925621405568063,0.3,0.04980291517742902,0.04980291517742902,0.11067314483873116,True,0.34355741638076104,20000,,25000
1,rejection_budget,3,Auto ABC,long_run_log_variance,derived,-9.36412224445193,3.5579162723839324,-16.285726332073878,-9.098378437287023,-3.8306886712271466,-9.999999999999991,0.6358777555480604,0.6358777555480604,0.06358777555480609,True,12.455037660846731,20000,,25000
1,rejection_budget,3,Auto ABC,half_life_days,derived,20.84406254892465,13.891221218769637,6.756506889096447,16.808577636138867,57.385977377500105,13.513407333964874,7.330655214959776,7.330655214959776,0.5424727482708789,True,50.629470488403655,20000,,25000
1,rejection_budget,3,Auto ABC,stationary_log_volatility_variance,derived,1.9606042784446345,1.7606001598532368,0.31657699946277307,1.4996072840464423,6.486062270816711,0.9230769230769228,1.0375273553677116,1.0375273553677116,1.1239879683150211,True,6.169485271353937,20000,,25000
1,rejection_budget,0,Wasserstein ABC,alpha,parameter,-0.9885749921512864,0.31340761994023486,-1.440990679362901,-0.9860496599892236,-0.2155255173809687,-0.5,-0.4885749921512864,0.4885749921512864,0.34898213725091887,True,1.2254651619819323,2000,,2000
1,rejection_budget,0,Wasserstein ABC,beta,parameter,0.8996343999337179,0.031797802263053204,0.8545292761373977,0.9005487736212918,0.9773366438919455,0.95,-0.0503656000662821,0.0503656000662821,0.33802416151867176,True,0.12280736775454781,2000,,2000
1,rejection_budget,0,Wasserstein ABC,sigma_eta,parameter,0.29867053819290146,0.13737352425429739,0.06635310130318636,0.3372470007705247,0.48917403770482587,0.3,-0.001329461807098531,0.001329461807098531,0.0029543595713300685,True,0.42282093640163954,2000,,2000
1,rejection_budget,0,Wasserstein ABC,long_run_log_variance,derived,-9.851915681690919,0.2928292620600919,-10.439768368298802,-9.862086172239811,-9.31955507789251,-9.999999999999991,0.14808431830907232,0.14808431830907232,0.014808431830907244,True,1.1202132904062925,2000,,2000
1,rejection_budget,0,Wasserstein ABC,half_life_days,derived,7.810882956601106,4.917500996778781,4.409206546480213,6.617096652939778,30.236591932918216,13.513407333964874,-5.702524377363768,5.702524377363768,0.42199011962223076,True,25.827385386438003,2000,,2000
1,rejection_budget,0,Wasserstein ABC,stationary_log_volatility_variance,derived,0.5917610163487471,0.45082905657825645,0.028365123799700964,0.5723392171766818,1.563879202006327,0.9230769230769228,-0.3313159067281757,0.3313159067281757,0.3589255656221904,True,1.535514078206626,2000,,2000
1,rejection_budget,1,Wasserstein ABC,alpha,parameter,-0.9989838211400736,0.32300028776473383,-1.440990679362901,-1.055242525150194,-0.2155255173809687,-0.5,-0.49898382114007356,0.49898382114007356,0.3564170151000526,True,1.2254651619819323,5000,,5000
1,rejection_budget,1,Wasserstein ABC,beta,parameter,0.8983916888523871,0.03286704555283032,0.8524914973286538,0.8938428120318551,0.9773366438919455,0.95,-0.051608311147612884,0.051608311147612884,0.34636450434639515,True,0.12484514656329171,5000,,5000
1,rejection_budget,1,Wasserstein ABC,sigma_eta,parameter,0.28560553550822304,0.12974027249025705,0.0642883224592296,0.2962952790491039,0.4827953429130634,0.3,-0.014394464491776948,0.014394464491776948,0.03198769887061544,True,0.4185070204538338,5000,,5000
1,rejection_budget,1,Wasserstein ABC,long_run_log_variance,derived,-9.838578790704677,0.27181113666936924,-10.366003435034505,-9.840428767928268,-9.31955507789251,-9.999999999999991,0.16142120929531423,0.16142120929531423,0.016142120929531437,True,1.0464483571419958,5000,,5000
1,rejection_budget,1,Wasserstein ABC,half_life_days,derived,7.93910226924996,5.583520087430843,4.343243964843746,6.176387180577351,30.236591932918216,13.513407333964874,-5.574305064714914,5.574305064714914,0.4125018159338942,True,25.89334796807447,5000,,5000
1,rejection_budget,1,Wasserstein ABC,stationary_log_volatility_variance,derived,0.5624822355956716,0.47031018137045494,0.02386451078681965,0.4640891766095361,1.7463167755087743,0.9230769230769228,-0.36059468748125123,0.36059468748125123,0.3906442447713556,True,1.7224522647219547,5000,,5000
1,rejection_budget,2,Wasserstein ABC,alpha,parameter,-0.9957505514221758,0.3259597678504623,-1.443014832352162,-1.0448534355163255,-0.2567098828760148,-0.5,-0.49575055142217583,0.49575055142217583,0.3541075367301256,True,1.1863049494761473,10000,,10000
1,rejection_budget,2,Wasserstein ABC,beta,parameter,0.8987471927599188,0.03327859290197343,0.8527772509378827,0.8939924040738676,0.9736499029947762,0.95,-0.05125280724008119,0.05125280724008119,0.34397857208108173,True,0.12087265205689346,10000,,10000
1,rejection_budget,2,Wasserstein ABC,sigma_eta,parameter,0.278385217668084,0.12725192804243748,0.062497927334331564,0.28058496791222276,0.48411364426558773,0.3,-0.021614782331915994,0.021614782331915994,0.04803284962647998,True,0.42161571693125616,10000,,10000
1,rejection_budget,2,Wasserstein ABC,long_run_log_variance,derived,-9.847601272352323,0.2879903089220917,-10.41626477952634,-9.846108870722553,-9.337815474668606,-9.999999999999991,0.15239872764766815,0.15239872764766815,0.01523987276476683,True,1.0784493048577346,10000,,10000
1,rejection_budget,2,Wasserstein ABC,half_life_days,derived,7.957361295167548,5.4046756089514965,4.352383936601842,6.185610826948417,25.95718298043555,13.513407333964874,-5.5560460387973265,5.5560460387973265,0.41115063739939567,True,21.604799043833708,10000,,10000
1,rejection_budget,2,Wasserstein ABC,stationary_log_volatility_variance,derived,0.5462398986579425,0.47308836959861184,0.019709615180853998,0.43743766754498564,1.7915671095969627,0.9230769230769228,-0.37683702441898026,0.37683702441898026,0.40824010978722874,True,1.7718574944161087,10000,,10000
1,rejection_budget,3,Wasserstein ABC,alpha,parameter,-0.9901516742037713,0.3274108635570738,-1.4496493503891263,-1.0391668747364502,-0.28455705128052466,-0.5,-0.49015167420377126,0.49015167420377126,0.3501083387169795,True,1.1650922991086017,20000,,20000
1,rejection_budget,3,Wasserstein ABC,beta,parameter,0.8992634808449946,0.03351536359993406,0.8522881997076901,0.8939924040738676,0.971868877667501,0.95,-0.05073651915500532,0.05073651915500532,0.3405135513758746,True,0.11958067795981087,20000,,20000
1,rejection_budget,3,Wasserstein ABC,sigma_eta,parameter,0.27486526323652505,0.1299626512214783,0.0574155844246378,0.27531392391791437,0.48516831727076104,0.3,-0.02513473676347494,0.02513473676347494,0.05585497058549987,True,0.42775273284612325,20000,,20000
1,rejection_budget,3,Wasserstein ABC,long_run_log_variance,derived,-9.847193289504641,0.31212578314615175,-10.453804082969803,-9.844301873173757,-9.31331503272614,-9.999999999999991,0.15280671049534966,0.15280671049534966,0.01528067104953498,True,1.140489050243664,20000,,20000
1,rejection_budget,3,Wasserstein ABC,half_life_days,derived,7.991160801969954,5.31707238293903,4.336762868621407,6.185610826948417,24.291647629011305,13.513407333964874,-5.52224653199492,5.52224653199492,0.40864945424350474,True,19.9548847603899,20000,,20000
1,rejection_budget,3,Wasserstein ABC,stationary_log_volatility_variance,derived,0.553924904605206,0.5141323167851343,0.0182036751379633,0.43164823548708825,1.9056630000769774,0.9230769230769228,-0.36915201847171675,0.36915201847171675,0.39991468667769325,True,1.8874593249390141,20000,,20000
2,rejection_budget,0,Manual ABC,alpha,parameter,-0.8161017505816215,0.3422375236736856,-1.4263976354215377,-0.8181968471269176,-0.12440856628460928,-0.5,-0.3161017505816215,0.3161017505816215,0.22578696470115822,True,1.3019890691369285,2000,,2000
2,rejection_budget,0,Manual ABC,beta,parameter,0.9219222044813041,0.03347758620588996,0.8574972334037807,0.9204017506681252,0.9847908984419876,0.95,-0.028077795518695825,0.028077795518695825,0.18844158066238806,True,0.12729366503820694,2000,,2000
2,rejection_budget,0,Manual ABC,sigma_eta,parameter,0.3265805530322622,0.08821216240006251,0.14732103002155295,0.33994130062618316,0.48272975508988936,0.3,0.0265805530322622,0.0265805530322622,0.05906789562724933,True,0.3354087250683364,2000,,2000
2,rejection_budget,0,Manual ABC,long_run_log_variance,derived,-10.695020700976404,2.1979110697550044,-14.92364671461266,-10.702631441024923,-7.126116703393011,-9.999999999999991,-0.6950207009764124,0.6950207009764124,0.06950207009764131,True,7.797530011219649,2000,,2000
2,rejection_budget,0,Manual ABC,half_life_days,derived,11.87894875650472,10.79223150832078,4.508645995403947,8.356706538973366,45.22703994230111,13.513407333964874,-1.6344585774601548,1.6344585774601548,0.12095088507781995,True,40.718393946897166,2000,,2000
2,rejection_budget,0,Manual ABC,stationary_log_volatility_variance,derived,0.7794659343051238,0.2599355812995597,0.35408696805789336,0.7504878532535356,1.3368893471667285,0.9230769230769228,-0.143610988771799,0.143610988771799,0.15557857116944898,True,0.9828023791088352,2000,,2000
2,rejection_budget,1,Manual ABC,alpha,parameter,-0.8229983949864526,0.33940184959764763,-1.4114044516456645,-0.8242692814596777,-0.20190815247575955,-0.5,-0.32299839498645255,0.32299839498645255,0.23071313927603757,True,1.209496299169905,5000,,5000
2,rejection_budget,1,Manual ABC,beta,parameter,0.922208989339949,0.030469560247887918,0.8642602321874291,0.9214012486480763,0.9809247595417149,0.95,-0.027791010660050963,0.027791010660050963,0.1865168500674561,True,0.11666452735428579,5000,,5000
2,rejection_budget,1,Manual ABC,sigma_eta,parameter,0.3286507960527316,0.0802476491166133,0.16351091712589141,0.33652125481645306,0.47011717348379556,0.3,0.02865079605273163,0.02865079605273163,0.06366843567273696,True,0.30660625635790417,5000,,5000
2,rejection_budget,1,Manual ABC,long_run_log_variance,derived,-10.679375347905093,2.2255541247448845,-14.92364671461266,-10.650898794919854,-7.1138611299285905,-9.999999999999991,-0.6793753479051023,0.6793753479051023,0.06793753479051029,True,7.80978558468407,5000,,5000
2,rejection_budget,1,Manual ABC,half_life_days,derived,11.124175948889873,8.624034686494495,4.751444437053608,8.46750505353752,35.98984699153797,13.513407333964874,-2.3892313850750018,2.3892313850750018,0.1768045116992706,True,31.238402554484367,5000,,5000
2,rejection_budget,1,Manual ABC,stationary_log_volatility_variance,derived,0.7835288051514404,0.2473458773092262,0.37297438818179524,0.7467413747282721,1.3457583660495744,0.9230769230769228,-0.13954811792548238,0.13954811792548238,0.15117712775260597,True,0.9727839778677791,5000,,5000
2,rejection_budget,2,Manual ABC,alpha,parameter,-0.8401654637021364,0.33898249328611174,-1.4323956675525973,-0.8512713147033533,-0.21306684344339288,-0.5,-0.3401654637021364,0.3401654637021364,0.24297533121581175,True,1.2193288241092044,10000,,10000
2,rejection_budget,2,Manual ABC,beta,parameter,0.9204481032025658,0.030510375288927707,0.8623661274680329,0.9202654749010248,0.9792880428310377,0.95,-0.029551896797434196,0.029551896797434196,0.1983348778351288,True,0.11692191536300478,10000,,10000
2,rejection_budget,2,Manual ABC,sigma_eta,parameter,0.33252381537264053,0.0803481576955544,0.16142565657982097,0.3366091165239342,0.47802806138578685,0.3,0.03252381537264054,0.03252381537264054,0.07227514527253454,True,0.3166024048059659,10000,,10000
2,rejection_budget,2,Manual ABC,long_run_log_variance,derived,-10.672093559162095,2.213058699889634,-14.686220248830935,-10.662140857825706,-7.126116703393011,-9.999999999999991,-0.6720935591621036,0.6720935591621036,0.06720935591621041,True,7.560103545437924,10000,,10000
2,rejection_budget,2,Manual ABC,half_life_days,derived,10.679327965196586,7.9552832338394985,4.681043464795494,8.341814862596534,33.11825717012134,13.513407333964874,-2.834079368768288,2.834079368768288,0.20972352114666556,True,28.437213705325846,10000,,10000
2,rejection_budget,2,Manual ABC,stationary_log_volatility_variance,derived,0.7828194851699521,0.2459876905257386,0.3771218842668562,0.7590249357207985,1.3457583660495744,0.9230769230769228,-0.14025743790697065,0.14025743790697065,0.15194555773255158,True,0.9686364817827182,10000,,10000
2,rejection_budget,3,Manual ABC,alpha,parameter,-0.8327496576520732,0.3335539966120329,-1.431180077725665,-0.8448330610704897,-0.2149901858865253,-0.5,-0.3327496576520732,0.3327496576520732,0.23767832689433802,True,1.2161898918391396,20000,,20000
2,rejection_budget,3,Manual ABC,beta,parameter,0.9218828254656153,0.030166510444095157,0.863000852538977,0.9202654749010248,0.9786562752597259,0.95,-0.02811717453438467,0.02811717453438467,0.18870586935828634,True,0.11565542272074891,20000,,20000
2,rejection_budget,3,Manual ABC,sigma_eta,parameter,0.33133153051052266,0.0828299917873392,0.15296038357579128,0.3369136839470743,0.4796638413324265,0.3,0.031331530510522676,0.031331530510522676,0.06962562335671706,True,0.32670345775663523,20000,,20000
2,rejection_budget,3,Manual ABC,long_run_log_variance,derived,-10.793222873622282,2.226355816761437,-14.66330903721735,-10.741920869072246,-7.151473899166494,-9.999999999999991,-0.793222873622291,0.793222873622291,0.07932228736222917,True,7.511835138050855,20000,,20000
2,rejection_budget,3,Manual ABC,half_life_days,derived,10.915410184823543,8.043120882377169,4.704418774461576,8.341814862596534,32.127635595658184,13.513407333964874,-2.5979971491413316,2.5979971491413316,0.19225329962573337,True,27.423216821196608,20000,,20000
2,rejection_budget,3,Manual ABC,stationary_log_volatility_variance,derived,0.789385952693733,0.2532717003560463,0.36686684101671024,0.7650343904712673,1.3457583660495744,0.9230769230769228,-0.13369097038318978,0.13369097038318978,0.14483188458178897,True,0.9788915250328643,20000,,20000
2,rejection_budget,0,Auto ABC,alpha,parameter,-0.38542074403496995,0.2462789869603689,-0.9191801949450323,-0.32111625354676376,-0.1065254018509576,-0.5,0.11457925596503005,0.11457925596503005,0.08184232568930719,True,0.8126547930940747,2000,,7000
2,rejection_budget,0,Auto ABC,beta,parameter,0.9561145199005037,0.023877799934554602,0.8908010904075919,0.9585012751188635,0.9881524097597707,0.95,0.006114519900503712,0.006114519900503712,0.041037046312105446,True,0.09735131935217878,2000,,7000
2,rejection_budget,0,Auto ABC,sigma_eta,parameter,0.35229727033930724,0.10400833270350761,0.14721214809045868,0.3652772938743029,0.49602487200851353,0.3,0.052297270339307256,0.052297270339307256,0.11621615630957167,True,0.34881272391805485,2000,,7000
2,rejection_budget,0,Auto ABC,long_run_log_variance,derived,-9.093151021599885,3.4529965945467356,-16.69185406086007,-8.728247121875155,-4.389963578368263,-9.999999999999991,0.9068489784001059,0.9068489784001059,0.09068489784001067,True,12.301890482491807,2000,,7000
2,rejection_budget,0,Auto ABC,half_life_days,derived,21.55239318117474,15.047695152627623,5.994313645659649,16.353833172950072,58.158068306491124,13.513407333964874,8.038985847209865,8.038985847209865,0.5948896269118236,True,52.16375466083147,2000,,7000
2,rejection_budget,0,Auto ABC,stationary_log_volatility_variance,derived,2.1085803675530577,2.2278083258712202,0.32120171186093077,1.641274457248971,6.704628695197118,0.9230769230769228,1.1855034444761348,1.1855034444761348,1.2842953981824796,True,6.383426983336188,2000,,7000
2,rejection_budget,1,Auto ABC,alpha,parameter,-0.40191882844406057,0.2391608891298698,-0.8930738584833173,-0.34845348124640196,-0.11260374686594243,-0.5,0.09808117155593943,0.09808117155593943,0.07005797968281388,True,0.7804701116173749,5000,,10000
2,rejection_budget,1,Auto ABC,beta,parameter,0.9577921000659733,0.02183908257130206,0.9099687130611452,0.9613804121934518,0.9890282762972802,0.95,0.007792100065973306,0.007792100065973306,0.05229597359713628,True,0.07905956323613494,5000,,10000
2,rejection_budget,1,Auto ABC,sigma_eta,parameter,0.34966137694122496,0.10153464992923325,0.14721214809045868,0.3622456751055381,0.49465593796715673,0.3,0.049661376941224966,0.049661376941224966,0.11035861542494436,True,0.34744378987669805,5000,,10000
2,rejection_budget,1,Auto ABC,long_run_log_variance,derived,-9.919761067090201,3.815887761760136,-16.910802004655487,-9.960832085257769,-4.436782236343233,-9.999999999999991,0.0802389329097899,0.0802389329097899,0.008023893290978997,True,12.474019768312253,5000,,10000
2,rejection_budget,1,Auto ABC,half_life_days,derived,22.60264211910351,18.808576347997096,7.346936563585793,17.599224479961386,62.828567124235335,13.513407333964874,9.089234785138636,9.089234785138636,0.6726086589792618,True,55.48163056064954,5000,,10000
2,rejection_budget,1,Auto ABC,stationary_log_volatility_variance,derived,2.26476756561572,3.0310463441799,0.3333174008666684,1.4903955928102561,7.700622376014407,0.9230769230769228,1.341690642538797,1.341690642538797,1.4534981960836972,True,7.367304975147739,5000,,10000
2,rejection_budget,2,Auto ABC,alpha,parameter,-0.4043524901391413,0.2371168270674977,-0.9752898566694135,-0.3491821156199002,-0.11835254698296138,-0.5,0.09564750986085868,0.09564750986085868,0.06831964990061334,True,0.8569373096864521,10000,,15000
2,rejection_budget,2,Auto ABC,beta,parameter,0.9568555640222555,0.02146348680636246,0.9076531060711789,0.960336547772345,0.9890282762972802,0.95,0.006855564022255511,0.006855564022255511,0.04601049679366114,True,0.0813751702261013,10000,,15000
2,rejection_budget,2,Auto ABC,sigma_eta,parameter,0.3513007343359321,0.09816671137724597,0.15522254293983392,0.3614667037996148,0.4937262036343636,0.3,0.05130073433593213,0.05130073433593213,0.11400163185762695,True,0.33850366069452964,10000,,15000
2,rejection_budget,2,Auto ABC,long_run_log_variance,derived,-9.824014783376455,3.7643625266179654,-16.73772778895221,-9.558662089987378,-4.1517941054289,-9.999999999999991,0.17598521662353583,0.17598521662353583,0.017598521662353598,True,12.58593368352331,10000,,15000
2,rejection_budget,2,Auto ABC,half_life_days,derived,21.49051903501487,16.70048233460764,7.15373734105024,17.126803585328247,62.828567124235335,13.513407333964874,7.977111701049996,7.977111701049996,0.590310904119656,True,55.674829783185096,10000,,15000
2,rejection_budget,2,Auto ABC,stationary_log_volatility_variance,derived,2.106459691361118,2.508837731044877,0.3491018878940448,1.484627221613546,6.918742614846773,0.9230769230769228,1.1833827682841953,1.1833827682841953,1.2819979989745454,True,6.569640726952729,10000,,15000
2,rejection_budget,3,Auto ABC,alpha,parameter,-0.3935175440329996,0.2398822454649867,-1.0160159570348417,-0.329007409668314,-0.11829350342516953,-0.5,0.1064824559670004,0.1064824559670004,0.076058897119286,True,0.8977224536096722,20000,,25000
2,rejection_budget,3,Auto ABC,beta,parameter,0.9572906024546936,0.022018583296574117,0.9050502720628525,0.9606476091348205,0.9900443868003829,0.95,0.0072906024546935955,0.0072906024546935955,0.04893021781673553,True,0.08499411473753038,20000,,25000
2,rejection_budget,3,Auto ABC,sigma_eta,parameter,0.3479133903873555,0.10024533872158119,0.14708403252878044,0.35821181051502027,0.4940415769515025,0.3,0.04791339038735554,0.04791339038735554,0.10647420086079008,True,0.3469575444227221,20000,,25000
2,rejection_budget,3,Auto ABC,long_run_log_variance,derived,-9.714232850963274,3.7639179254963917,-16.86144927847607,-9.592153298780133,-3.9978969232137502,-9.999999999999991,0.28576714903671707,0.28576714903671707,0.028576714903671734,True,12.86355235526232,20000,,25000
2,rejection_budget,3,Auto ABC,half_life_days,derived,22.14738641883781,16.874032946222762,6.947813926575055,17.264959251099643,69.27660410054413,13.513407333964874,8.633979084872937,8.633979084872937,0.6389194724540063,True,62.32879017396908,20000,,25000
2,rejection_budget,3,Auto ABC,stationary_log_volatility_variance,derived,2.086252327796622,2.2851710869108297,0.3333174008666684,1.5231311506961345,6.725051067336434,0.9230769230769228,1.163175404719699,1.163175404719699,1.260106688446341,True,6.391733666469765,20000,,25000
2,rejection_budget,0,Wasserstein ABC,alpha,parameter,-1.023088403758891,0.34348721688404266,-1.465260994721582,-1.1042695134828895,-0.18697840747160233,-0.5,-0.523088403758891,0.523088403758891,0.3736345741134936,True,1.2782825872499797,2000,,2000
2,rejection_budget,0,Wasserstein ABC,beta,parameter,0.8968659300502014,0.03454191465901996,0.8504031920181955,0.8870547575855592,0.980668834017387,0.95,-0.053134069949798524,0.053134069949798524,0.35660449630737256,True,0.13026564199919155,2000,,2000
2,rejection_budget,0,Wasserstein ABC,sigma_eta,parameter,0.29794137164353157,0.12831757292875973,0.07720214143209819,0.3052926069772751,0.4863294683065468,0.3,-0.002058628356468417,0.002058628356468417,0.004574729681040927,True,0.4091273268744486,2000,,2000
2,rejection_budget,0,Wasserstein ABC,long_run_log_variance,derived,-9.92049014829756,0.3749307404769241,-10.493743114606815,-9.988548654655576,-9.235355300026555,-9.999999999999991,0.07950985170243108,0.07950985170243108,0.007950985170243115,True,1.25838781458026,2000,,2000
2,rejection_budget,0,Wasserstein ABC,half_life_days,derived,8.270610144710577,7.5240032109592025,4.2775060668529195,5.7835250669892195,35.508758909954004,13.513407333964874,-5.242797189254297,5.242797189254297,0.3879700403966173,True,31.231252843101085,2000,,2000
2,rejection_budget,0,Wasserstein ABC,stationary_log_volatility_variance,derived,0.6171975046771775,0.5418079066205423,0.03141576069082936,0.4892983320446022,2.031667843611334,0.9230769230769228,-0.3058794183997453,0.3058794183997453,0.3313693699330575,True,2.0002520829205044,2000,,2000
2,rejection_budget,1,Wasserstein ABC,alpha,parameter,-0.9932018248378384,0.34072499693319414,-1.448706375265141,-1.065778017483642,-0.2800390952018261,-0.5,-0.49320182483783837,0.49320182483783837,0.35228701774131316,True,1.1686672800633149,5000,,5000
2,rejection_budget,1,Wasserstein ABC,beta,parameter,0.8988961647705905,0.034775340501417215,0.8510146731677609,0.8919140333180664,0.9722344935964934,0.95,-0.05110383522940942,0.05110383522940942,0.34297875992892224,True,0.12121982042873247,5000,,5000
2,rejection_budget,1,Wasserstein ABC,sigma_eta,parameter,0.2699846216857369,0.13497377466654878,0.0643189805896086,0.27246001835428496,0.48659256370302856,0.3,-0.030015378314263097,0.030015378314263097,0.06670084069836243,True,0.42227358311341995,5000,,5000
2,rejection_budget,1,Wasserstein ABC,long_run_log_variance,derived,-9.830104208797161,0.3324203385961406,-10.434071497399117,-9.82337049542868,-9.2768743773209,-9.999999999999991,0.16989579120282983,0.16989579120282983,0.016989579120282997,True,1.1571971200782176,5000,,5000
2,rejection_budget,1,Wasserstein ABC,half_life_days,derived,8.257663334656936,6.641763815118243,4.296564562369191,6.059745522716882,24.616126924370977,13.513407333964874,-5.2557439993079385,5.2557439993079385,0.3889281118684289,True,20.319562362001786,5000,,5000
2,rejection_budget,1,Wasserstein ABC,stationary_log_volatility_variance,derived,0.5535907647126533,0.556943524799042,0.020759867007128327,0.40690619464079536,1.9528722366308982,0.9230769230769228,-0.36948615836426946,0.36948615836426946,0.40027667156129204,True,1.9321123696237699,5000,,5000
2,rejection_budget,2,Wasserstein ABC,alpha,parameter,-0.9917320008626599,0.3345069722637395,-1.4429308029910688,-1.056078117636663,-0.2973537100246961,-0.5,-0.4917320008626599,0.4917320008626599,0.3512371434733285,True,1.1455770929663727,10000,,10000
2,rejection_budget,2,Wasserstein ABC,beta,parameter,0.8988786153569467,0.03438218264839349,0.8518438419259227,0.8926376075519088,0.9699486564872175,0.95,-0.05112138464305327,0.05112138464305327,0.3430965412285454,True,0.11810481456129485,10000,,10000
2,rejection_budget,2,Wasserstein ABC,sigma_eta,parameter,0.2779220456593457,0.1306367490414744,0.0634825725336964,0.29069161286436346,0.4863294683065468,0.3,-0.022077954340654293,0.022077954340654293,0.04906212075700954,True,0.4228468957728504,10000,,10000
2,rejection_budget,2,Wasserstein ABC,long_run_log_variance,derived,-9.822373069643826,0.3228999333130813,-10.434071497399117,-9.818123378128883,-9.297891931670732,-9.999999999999991,0.1776269303561655,0.1776269303561655,0.017762693035616565,True,1.1361795657283853,10000,,10000
2,rejection_budget,2,Wasserstein ABC,half_life_days,derived,8.084275497922409,5.933726988098598,4.322658595657638,6.1030125624335545,22.717094664232963,13.513407333964874,-5.429131836042465,5.429131836042465,0.4017589126020626,True,18.394436068575324,10000,,10000
2,rejection_budget,2,Wasserstein ABC,stationary_log_volatility_variance,derived,0.5679567500088268,0.5271987574543348,0.020962157315591232,0.45452791532337544,1.9528722366308982,0.9230769230769228,-0.35512017306809596,0.35512017306809596,0.38471352082377075,True,1.931910079315307,10000,,10000
2,rejection_budget,3,Wasserstein ABC,alpha,parameter,-0.9863193674010311,0.33439368293943655,-1.4514988103151105,-1.0474035897126763,-0.2800390952018261,-0.5,-0.4863193674010311,0.4863193674010311,0.34737097671502226,True,1.1714597151132844,20000,,20000
2,rejection_budget,3,Wasserstein ABC,beta,parameter,0.8995604380683526,0.03425574334912927,0.8520000606061903,0.894082693538833,0.9712972982008934,0.95,-0.050439561931647336,0.050439561931647336,0.3385205498768277,True,0.11929723759470312,20000,,20000
2,rejection_budget,3,Wasserstein ABC,sigma_eta,parameter,0.27559933596127695,0.1267514225179831,0.0634825725336964,0.2774314739457069,0.4852497327203058,0.3,-0.02440066403872304,0.02440066403872304,0.05422369786382898,True,0.4217671601866094,20000,,20000
2,rejection_budget,3,Wasserstein ABC,long_run_log_variance,derived,-9.836468102366574,0.31675310255228317,-10.44829189132927,-9.838490062116293,-9.300744349989987,-9.999999999999991,0.16353189763341724,0.16353189763341724,0.016353189763341738,True,1.1475475413392822,20000,,20000
2,rejection_budget,3,Wasserstein ABC,half_life_days,derived,8.146908636458,5.8453511699142515,4.327607470767623,6.19119054973733,23.800940558002818,13.513407333964874,-5.366498697506874,5.366498697506874,0.3971240239327801,True,19.473333087235197,20000,,20000
2,rejection_budget,3,Wasserstein ABC,stationary_log_volatility_variance,derived,0.5566147560069378,0.5125260350731828,0.022535985115477466,0.42363623191048544,1.9218076111052889,0.9230769230769228,-0.366462167069985,0.366462167069985,0.3970006809924839,True,1.8992716259898115,20000,,20000
3,rejection_budget,0,Manual ABC,alpha,parameter,-0.8382540839743049,0.35887390816984766,-1.4389850348934135,-0.8314607243836729,-0.1924377512356623,-0.5,-0.3382540839743049,0.3382540839743049,0.24161005998164636,True,1.2465472836577511,2000,,2000
3,rejection_budget,0,Manual ABC,beta,parameter,0.9210838324307998,0.03170186577556396,0.8634642207394141,0.9201349583601535,0.9805185872407536,0.95,-0.028916167569200124,0.028916167569200124,0.19406823871946388,True,0.11705436650133949,2000,,2000
3,rejection_budget,0,Manual ABC,sigma_eta,parameter,0.32953079720634676,0.08285400901819803,0.16041648652490095,0.3419083654931397,0.4680128721990021,0.3,0.02953079720634677,0.02953079720634677,0.0656239937918817,True,0.3075963856741012,2000,,2000
3,rejection_budget,0,Manual ABC,long_run_log_variance,derived,-10.741336007737244,2.349627617608559,-14.64746151971291,-10.676986015468321,-7.071911150825221,-9.999999999999991,-0.741336007737253,0.741336007737253,0.07413360077372537,True,7.57555036888769,2000,,2000
3,rejection_budget,0,Manual ABC,half_life_days,derived,11.051492072790984,8.565156560564368,4.721620420991261,8.327600147008637,35.232213773169235,13.513407333964874,-2.461915261173891,2.461915261173891,0.18218316079217584,True,30.510593352177974,2000,,2000
3,rejection_budget,0,Manual ABC,stationary_log_volatility_variance,derived,0.7747434889682226,0.24298522754611726,0.375225195619649,0.7548346000361363,1.292419608559407,0.9230769230769228,-0.14833343410870015,0.14833343410870015,0.16069455361775853,True,0.917194412939758,2000,,2000
3,rejection_budget,1,Manual ABC,alpha,parameter,-0.8188120045944822,0.33918599593735876,-1.4382940261273673,-0.8272976890784819,-0.1831521261557163,-0.5,-0.3188120045944822,0.3188120045944822,0.22772286042463016,True,1.255141899971651,5000,,5000
3,rejection_budget,1,Manual ABC,beta,parameter,0.9244930776922518,0.03003393714097539,0.8698541362496721,0.9242171775776052,0.9824916605851087,0.95,-0.025506922307748203,0.025506922307748203,0.17118739803857852,True,0.11263752433543661,5000,,5000
3,rejection_budget,1,Manual ABC,sigma_eta,parameter,0.3245822874800107,0.08279595746337981,0.16264063351948793,0.32358971113952195,0.4792305900359518,0.3,0.024582287480010734,0.024582287480010734,0.05462730551113496,True,0.3165899565164639,5000,,5000
3,rejection_budget,1,Manual ABC,long_run_log_variance,derived,-10.966644917233992,2.2589280857228387,-14.808686338354343,-10.984176800306379,-7.071911150825221,-9.999999999999991,-0.9666449172340013,0.9666449172340013,0.0966644917234002,True,7.736775187529123,5000,,5000
3,rejection_budget,1,Manual ABC,half_life_days,derived,11.480185271705082,8.536611387461253,4.971300787189837,8.795369400436055,39.241950531341125,13.513407333964874,-2.0332220622597923,2.0332220622597923,0.15045961481153983,True,34.270649744151285,5000,,5000
3,rejection_budget,1,Manual ABC,stationary_log_volatility_variance,derived,0.7882318709288687,0.25503455547580856,0.37219245779679067,0.7757067144016057,1.335699031217554,0.9230769230769228,-0.1348450521480541,0.1348450521480541,0.14608213982705864,True,0.9635065734207634,5000,,5000
3,rejection_budget,2,Manual ABC,alpha,parameter,-0.831528667561938,0.3413264458271041,-1.4389850348934135,-0.8314607243836729,-0.1924377512356623,-0.5,-0.331528667561938,0.331528667561938,0.23680619111567,True,1.2465472836577511,10000,,10000
3,rejection_budget,2,Manual ABC,beta,parameter,0.922561698597443,0.030005328539868845,0.8660622711176867,0.9212734997738619,0.9816172677195267,0.95,-0.027438301402556986,0.027438301402556986,0.1841496738426643,True,0.11555499660183999,10000,,10000
3,rejection_budget,2,Manual ABC,sigma_eta,parameter,0.328775577615869,0.08335089948652848,0.16105181754053083,0.33014350051338526,0.47953257376255604,0.3,0.02877557761586902,0.02877557761586902,0.06394572803526448,True,0.3184807562220252,10000,,10000
3,rejection_budget,2,Manual ABC,long_run_log_variance,derived,-10.842364249072666,2.283591417071401,-14.863131680700867,-10.77732497623834,-7.177450569965965,-9.999999999999991,-0.8423642490726753,0.8423642490726753,0.0842364249072676,True,7.685681110734902,10000,,10000
3,rejection_budget,2,Manual ABC,half_life_days,derived,11.01319565079642,7.856845738153798,4.820268239996647,8.453186839005928,37.358783217107465,13.513407333964874,-2.5002116831684535,2.5002116831684535,0.18501711828698972,True,32.53851497711082,10000,,10000
3,rejection_budget,2,Manual ABC,stationary_log_volatility_variance,derived,0.7858317050202333,0.2574413666671825,0.3593002479418186,0.7689438128473315,1.3384476574923094,0.9230769230769228,-0.13724521805668954,0.13724521805668954,0.14868231956141373,True,0.9791474095504908,10000,,10000
3,rejection_budget,3,Manual ABC,alpha,parameter,-0.8417315755803327,0.3379665243500107,-1.439606992668145,-0.8376421584626061,-0.21602600919907133,-0.5,-0.34173157558033274,0.34173157558033274,0.24409398255738055,True,1.2235809834690736,20000,,20000
3,rejection_budget,3,Manual ABC,beta,parameter,0.9219752140668818,0.030131680174859374,0.8655077569783751,0.9209866213766631,0.9786696821742329,0.95,-0.02802478593311819,0.02802478593311819,0.18808581163166568,True,0.11316192519585777,20000,,20000
3,rejection_budget,3,Manual ABC,sigma_eta,parameter,0.33146277485373565,0.08246200538703401,0.15986895083167854,0.33609529706914476,0.4783822754407282,0.3,0.031462774853735664,0.031462774853735664,0.06991727745274592,True,0.3185133246090497,20000,,20000
3,rejection_budget,3,Manual ABC,long_run_log_variance,derived,-10.937013346453345,2.23817080252829,-14.839998561848404,-10.8737830478799,-7.278611965236698,-9.999999999999991,-0.9370133464533534,0.9370133464533534,0.09370133464533542,True,7.5613865966117055,20000,,20000
3,rejection_budget,3,Manual ABC,half_life_days,derived,10.832618270627826,7.446062963814851,4.798894058974696,8.42120186669929,32.148048443498666,13.513407333964874,-2.6807890633370484,2.6807890633370484,0.19837994941505968,True,27.34915438452397,20000,,20000
3,rejection_budget,3,Manual ABC,stationary_log_volatility_variance,derived,0.7900966975197912,0.25164825730904544,0.3687459407638884,0.7620875442963306,1.3384476574923094,0.9230769230769228,-0.13298022555713163,0.13298022555713163,0.14406191102022597,True,0.969701716728421,20000,,20000
3,rejection_budget,0,Auto ABC,alpha,parameter,-0.39838453366602583,0.22605436688441485,-0.9917465998826247,-0.3562589398984226,-0.11426804511574384,-0.5,0.10161546633397417,0.10161546633397417,0.07258247595283869,True,0.8774785547668809,2000,,7000
3,rejection_budget,0,Auto ABC,beta,parameter,0.9562449874010645,0.024183181003546425,0.8880501857577625,0.9600864472205124,0.9897918874648112,0.95,0.006244987401064495,0.006244987401064495,0.041912667121238215,True,0.10174170170704866,2000,,7000
3,rejection_budget,0,Auto ABC,sigma_eta,parameter,0.3490411223436607,0.10378763832074182,0.15729648817550934,0.369356670504629,0.4919454903664906,0.3,0.049041122343660704,0.049041122343660704,0.10898027187480155,True,0.33464900219098126,2000,,7000
3,rejection_budget,0,Auto ABC,long_run_log_variance,derived,-9.738997248313938,3.3525464589711342,-15.457110755322654,-9.871567399253722,-3.6694178012148115,-9.999999999999991,0.26100275168605336,0.26100275168605336,0.026100275168605358,True,11.787692954107843,2000,,7000
3,rejection_budget,0,Auto ABC,half_life_days,derived,21.45548591249146,14.282651042816685,5.838158561844146,17.01728473597868,67.55443436777034,13.513407333964874,7.942078578526587,7.942078578526587,0.5877184326831327,True,61.716275805926195,2000,,7000
3,rejection_budget,0,Auto ABC,stationary_log_volatility_variance,derived,1.998637798969459,1.5785701423881786,0.34023163554973573,1.4472219414775822,6.157025299366383,0.9230769230769228,1.0755608758925361,1.0755608758925361,1.1651909488835812,True,5.8167936638166475,2000,,7000
3,rejection_budget,1,Auto ABC,alpha,parameter,-0.40225310163505557,0.22646331249481266,-0.965776605873854,-0.3562589398984226,-0.11426804511574384,-0.5,0.09774689836494443,0.09774689836494443,0.06981921311781746,True,0.8515085607581102,5000,,10000
3,rejection_budget,1,Auto ABC,beta,parameter,0.9566401558892292,0.023036609510980924,0.9000235747197919,0.9595547906600955,0.9880900394324329,0.95,0.006640155889229282,0.006640155889229282,0.04456480462569987,True,0.08806646471264101,5000,,10000
3,rejection_budget,1,Auto ABC,sigma_eta,parameter,0.34723610871407423,0.10160848453087834,0.1480708395983289,0.3622628181225813,0.49436376211242905,0.3,0.04723610871407424,0.04723610871407424,0.10496913047572054,True,0.34629292251410015,5000,,10000
3,rejection_budget,1,Auto ABC,long_run_log_variance,derived,-9.963277178289099,3.653610682868419,-16.025976896181607,-10.126544727117654,-3.8883441802506606,-9.999999999999991,0.03672282171089236,0.03672282171089236,0.0036722821710892394,True,12.137632715930947,5000,,10000
3,rejection_budget,1,Auto ABC,half_life_days,derived,21.72486078511919,15.75621050980673,6.5804494515090965,16.78897206013672,57.8516827390817,13.513407333964874,8.211453451154316,8.211453451154316,0.607652329883928,True,51.271233287572606,5000,,10000
3,rejection_budget,1,Auto ABC,stationary_log_volatility_variance,derived,1.9995484036727078,1.8441213583866394,0.2857413770167628,1.47887322921653,6.793708719341425,0.9230769230769228,1.0764714805957851,1.0764714805957851,1.166177437312101,True,6.507967342324663,5000,,10000
3,rejection_budget,2,Auto ABC,alpha,parameter,-0.40301433759871297,0.2297485169638971,-0.9636985420864486,-0.3562589398984226,-0.11330671894867139,-0.5,0.09698566240128703,0.09698566240128703,0.06927547314377645,True,0.8503918231377772,10000,,15000
3,rejection_budget,2,Auto ABC,beta,parameter,0.95713370288675,0.02247767303968859,0.9045687451017632,0.9594126210647148,0.9890770542629497,0.95,0.007133702886750082,0.007133702886750082,0.047877200582215305,True,0.08450830916118646,10000,,15000
3,rejection_budget,2,Auto ABC,sigma_eta,parameter,0.34519777618790626,0.09931501152163533,0.14170426570618305,0.3545798154771598,0.492506950244905,0.3,0.04519777618790627,0.04519777618790627,0.1004395026397917,True,0.35080268453872193,10000,,15000
3,rejection_budget,2,Auto ABC,long_run_log_variance,derived,-9.944636952608063,3.4888816694602656,-16.255060582086774,-9.871221716309204,-4.022036416720451,-9.999999999999991,0.05536304739192843,0.05536304739192843,0.005536304739192848,True,12.233024165366324,10000,,15000
3,rejection_budget,2,Auto ABC,half_life_days,derived,22.032700490971088,15.661962698262652,6.910948113801695,16.728932707091055,63.11069038284548,13.513407333964874,8.519293157006214,8.519293157006214,0.6304326471084497,True,56.19974226904379,10000,,15000
3,rejection_budget,2,Auto ABC,stationary_log_volatility_variance,derived,1.9994850711390153,1.845613985265883,0.28943516210968373,1.4948136970116865,6.123544718485056,0.9230769230769228,1.0764081480620926,1.0764081480620926,1.1661088270672673,True,5.834109556375372,10000,,15000
3,rejection_budget,3,Auto ABC,alpha,parameter,-0.39704787187519885,0.23019707981257154,-0.9820313152696728,-0.34702742323736935,-0.11160279669263384,-0.5,0.10295212812480115,0.10295212812480115,0.07353723437485797,True,0.870428518577039,20000,,25000
3,rejection_budget,3,Auto ABC,beta,parameter,0.9563768199102618,0.02254387400948911,0.903708836366723,0.9589755919443111,0.9888380516115538,0.95,0.006376819910261844,0.006376819910261844,0.04279744906216002,True,0.08512921524483086,20000,,25000
3,rejection_budget,3,Auto ABC,sigma_eta,parameter,0.349392431202435,0.09843441762468774,0.1458848420211724,0.35948991912413325,0.492506950244905,0.3,0.04939243120243503,0.04939243120243503,0.10976095822763339,True,0.3466221082237326,20000,,25000
3,rejection_budget,3,Auto ABC,long_run_log_variance,derived,-9.634600812706342,3.575221521406895,-16.20858650253387,-9.474099344205401,-3.7697004550506175,-9.999999999999991,0.36539918729364906,0.36539918729364906,0.03653991872936494,True,12.438886047483251,20000,,25000
3,rejection_budget,3,Auto ABC,half_life_days,derived,21.39527994864031,15.0435915446962,6.846029649464089,16.546977150670592,61.751898776724275,13.513407333964874,7.881872614675437,7.881872614675437,0.5832631563517646,True,54.90586912726019,20000,,25000
3,rejection_budget,3,Auto ABC,stationary_log_volatility_variance,derived,1.976310744301208,1.7201434640017297,0.30835509041503933,1.4977872637711045,6.0822892580750425,0.9230769230769228,1.053233821224285,1.053233821224285,1.1410033063263092,True,5.773934167660003,20000,,25000
3,rejection_budget,0,Wasserstein ABC,alpha,parameter,-0.9936746439099207,0.3290229592416693,-1.4766177739893769,-1.036563171779968,-0.22534851568652225,-0.5,-0.49367464390992066,0.49367464390992066,0.35262474564994334,True,1.2512692583028546,2000,,2000
3,rejection_budget,0,Wasserstein ABC,beta,parameter,0.8983825655877213,0.03392238674447799,0.8505031733733776,0.8942611416989059,0.9779443834963507,0.95,-0.05161743441227862,0.05161743441227862,0.3464257343105947,True,0.12744121012297316,2000,,2000
3,rejection_budget,0,Wasserstein ABC,sigma_eta,parameter,0.2641871449309221,0.13926254741760677,0.07345477767987793,0.21784821370025648,0.4947740906378994,0.3,-0.03581285506907789,0.03581285506907789,0.07958412237572864,True,0.4213193129580215,2000,,2000
3,rejection_budget,0,Wasserstein ABC,long_run_log_variance,derived,-9.799558469292226,0.25940392887710245,-10.382058211827262,-9.789526775041518,-9.35090291428357,-9.999999999999991,0.20044153070776538,0.20044153070776538,0.020044153070776557,True,1.0311552975436928,2000,,2000
3,rejection_budget,0,Wasserstein ABC,half_life_days,derived,7.9804958109027355,5.658129555727545,4.28061162459417,6.202246313977192,31.07937941887353,13.513407333964874,-5.532911523062139,5.532911523062139,0.4094386697835716,True,26.79876779427936,2000,,2000
3,rejection_budget,0,Wasserstein ABC,stationary_log_volatility_variance,derived,0.5150067350033463,0.4838779383255515,0.02311210572582009,0.3468177883771853,1.7262905830074535,0.9230769230769228,-0.40807018807357653,0.40807018807357653,0.44207603707970805,True,1.7031784772816334,2000,,2000
3,rejection_budget,1,Wasserstein ABC,alpha,parameter,-1.0116939812802408,0.3185523237378735,-1.463470617050318,-1.0436789873096004,-0.3791763279226943,-0.5,-0.5116939812802408,0.5116939812802408,0.3654957009144577,True,1.0842942891276237,5000,,5000
3,rejection_budget,1,Wasserstein ABC,beta,parameter,0.8966475106619842,0.03279732453337666,0.8514179135306751,0.8926700791720567,0.9602238446289661,0.95,-0.05335248933801573,0.05335248933801573,0.35807039824171627,True,0.10880593109829106,5000,,5000
3,rejection_budget,1,Wasserstein ABC,sigma_eta,parameter,0.2654755630219261,0.12953513737350106,0.06803375259774441,0.25392230777797103,0.4917959230084436,0.3,-0.03452443697807389,0.03452443697807389,0.07672097106238643,True,0.4237621704106992,5000,,5000
3,rejection_budget,1,Wasserstein ABC,long_run_log_variance,derived,-9.805625982589994,0.29537723070358984,-10.385852737547955,-9.793336307873748,-9.331548243692275,-9.999999999999991,0.19437401740999682,0.19437401740999682,0.0194374017409997,True,1.05430449385568,5000,,5000
3,rejection_budget,1,Wasserstein ABC,half_life_days,derived,7.564143951234975,4.625804197692446,4.309218289138649,6.104967905955423,17.077280507815406,13.513407333964874,-5.9492633827298995,5.9492633827298995,0.4402489494841837,True,12.768062218676757,5000,,5000
3,rejection_budget,1,Wasserstein ABC,stationary_log_volatility_variance,derived,0.4908196678821041,0.43356770782248055,0.02311210572582009,0.38995917183825923,1.5009558254464366,0.9230769230769228,-0.43225725519481867,0.43225725519481867,0.46827869312772036,True,1.4778437197206165,5000,,5000
3,rejection_budget,2,Wasserstein ABC,alpha,parameter,-1.0170229191738647,0.31670827252372674,-1.463470617050318,-1.0532660532020093,-0.34325369409704143,-0.5,-0.5170229191738647,0.5170229191738647,0.36930208512418905,True,1.1202169229532766,10000,,10000
3,rejection_budget,2,Wasserstein ABC,beta,parameter,0.8960937607374069,0.03254395905535348,0.8514179135306751,0.8913228325656343,0.9653186523005024,0.95,-0.05390623926259308,0.05390623926259308,0.3617868406885441,True,0.11390073876982731,10000,,10000
3,rejection_budget,2,Wasserstein ABC,sigma_eta,parameter,0.26954091644430284,0.12969299642620613,0.06412187197500864,0.257715198952522,0.48881611219627347,0.3,-0.030459083555697153,0.030459083555697153,0.06768685234599367,True,0.42469424022126484,10000,,10000
3,rejection_budget,2,Wasserstein ABC,long_run_log_variance,derived,-9.800553044726115,0.3028535708021073,-10.385852737547955,-9.781619071853811,-9.308215311110487,-9.999999999999991,0.19944695527387601,0.19944695527387601,0.019944695527387618,True,1.0776374264374677,10000,,10000
3,rejection_budget,2,Wasserstein ABC,half_life_days,derived,7.51464587883458,4.581714437864029,4.309218289138649,6.024821115947431,19.63755385638883,13.513407333964874,-5.998761455130294,5.998761455130294,0.4439118356221591,True,15.328335567250182,10000,,10000
3,rejection_budget,2,Wasserstein ABC,stationary_log_volatility_variance,derived,0.5067174473636991,0.470016300348629,0.022831336415336804,0.3889301379649834,1.6767808163865254,0.9230769230769228,-0.41635947571322374,0.41635947571322374,0.45105609868932584,True,1.6539494799711887,10000,,10000
3,rejection_budget,3,Wasserstein ABC,alpha,parameter,-1.024076542676113,0.3162482668696437,-1.4617346903714075,-1.0784622851278813,-0.3460829038516473,-0.5,-0.5240765426761129,0.5240765426761129,0.37434038762579497,True,1.1156517865197602,20000,,20000
3,rejection_budget,3,Wasserstein ABC,beta,parameter,0.8954875899090942,0.032451838010944305,0.8517864867895163,0.8893291083170172,0.9640527093866306,0.95,-0.054512410090905794,0.054512410090905794,0.3658551012812469,True,0.11226622259711427,20000,,20000
3,rejection_budget,3,Wasserstein ABC,sigma_eta,parameter,0.27272423114142413,0.12893341929592966,0.058844900881440836,0.2737685002400741,0.4867514434096807,0.3,-0.027275768858575855,0.027275768858575855,0.06061281968572412,True,0.42790654252823984,20000,,20000
3,rejection_budget,3,Wasserstein ABC,long_run_log_variance,derived,-9.811374295391051,0.30149224715212547,-10.393959545823678,-9.795698622094346,-9.316677144262917,-9.999999999999991,0.18862570460894013,0.18862570460894013,0.01886257046089403,True,1.0772824015607618,20000,,20000
3,rejection_budget,3,Wasserstein ABC,half_life_days,derived,7.459173818331363,4.655972993595651,4.320844245793489,5.909792171433183,18.933632371759163,13.513407333964874,-6.054233515633511,6.054233515633511,0.4480168003532815,True,14.612788125965675,20000,,20000
3,rejection_budget,3,Wasserstein ABC,stationary_log_volatility_variance,derived,0.5153855989697316,0.47513511396366953,0.019403853162776912,0.3958850991223529,1.7608042367041414,0.9230769230769228,-0.4076913241071912,0.4076913241071912,0.44166560111612396,True,1.7414003835413645,20000,,20000
4,rejection_budget,0,Manual ABC,alpha,parameter,-0.8403093686332997,0.3433132802868709,-1.4621501836137727,-0.8429130206749937,-0.24142387940781207,-0.5,-0.34030936863329975,0.34030936863329975,0.24307812045235697,True,1.2207263042059606,2000,,2000
4,rejection_budget,0,Manual ABC,beta,parameter,0.9228428720241955,0.028645929836215958,0.8632126119155368,0.9221604453739122,0.9733934716263779,0.95,-0.027157127975804496,0.027157127975804496,0.18226260386445967,True,0.11018085971084113,2000,,2000
4,rejection_budget,0,Manual ABC,sigma_eta,parameter,0.32253816968527793,0.08384928688670508,0.1733703750458805,0.3266151910390623,0.480182932202541,0.3,0.022538169685277942,0.022538169685277942,0.05008482152283987,True,0.3068125571566605,2000,,2000
4,rejection_budget,0,Manual ABC,long_run_log_variance,derived,-10.922426269301399,2.231342221623644,-14.510672900734601,-10.827815271459409,-7.1286455154281,-9.999999999999991,-0.9224262693014076,0.9224262693014076,0.09224262693014085,True,7.382027385306501,2000,,2000
4,rejection_budget,0,Manual ABC,half_life_days,derived,10.576096779632053,6.879875608110059,4.712265499106694,8.553565553063386,25.703639619678643,13.513407333964874,-2.9373105543328215,2.9373105543328215,0.21736268890157148,True,20.991374120571948,2000,,2000
4,rejection_budget,0,Manual ABC,stationary_log_volatility_variance,derived,0.7463983964043167,0.23982432818481864,0.3785367450874368,0.7152787468581727,1.2016811707901254,0.9230769230769228,-0.17667852667260608,0.17667852667260608,0.19140173722865664,True,0.8231444257026885,2000,,2000
4,rejection_budget,1,Manual ABC,alpha,parameter,-0.839143899673892,0.3411293819414161,-1.4374563087595034,-0.8403923597405426,-0.24142387940781207,-0.5,-0.339143899673892,0.339143899673892,0.2422456426242086,True,1.1960324293516913,5000,,5000
4,rejection_budget,1,Manual ABC,beta,parameter,0.9220499756596907,0.030393723281451353,0.8632126119155368,0.9221604453739122,0.9788424487232701,0.95,-0.027950024340309243,0.027950024340309243,0.18758405597522979,True,0.11562983680773331,5000,,5000
4,rejection_budget,1,Manual ABC,sigma_eta,parameter,0.32849017430114436,0.08510756047977881,0.16309404405925515,0.3367099542654711,0.48451817744884124,0.3,0.028490174301144366,0.028490174301144366,0.06331149844698748,True,0.3214241333895861,5000,,5000
4,rejection_budget,1,Manual ABC,long_run_log_variance,derived,-10.891486447974547,2.2523751328253856,-14.66728131405482,-10.834913889633357,-7.158462159254338,-9.999999999999991,-0.8914864479745557,0.8914864479745557,0.08914864479745564,True,7.508819154800483,5000,,5000
4,rejection_budget,1,Manual ABC,half_life_days,derived,10.781748162840687,7.269298225236244,4.712265499106694,8.553565553063386,32.41341065482865,13.513407333964874,-2.7316591711241873,2.7316591711241873,0.20214436696941557,True,27.70114515572196,5000,,5000
4,rejection_budget,1,Manual ABC,stationary_log_volatility_variance,derived,0.7737318283816452,0.24796158772365842,0.356068886429261,0.7404610037410414,1.2869456703821551,0.9230769230769228,-0.14934509469527757,0.14934509469527757,0.1617905192532174,True,0.9308767839528942,5000,,5000
4,rejection_budget,2,Manual ABC,alpha,parameter,-0.8562620325715887,0.3301452451546987,-1.4502977265414434,-0.8429130206749937,-0.2571537864645974,-0.5,-0.3562620325715887,0.3562620325715887,0.2544728804082777,True,1.193143940076846,10000,,10000
4,rejection_budget,2,Manual ABC,beta,parameter,0.920829451418605,0.02947522087791837,0.8632126119155368,0.9205879675113331,0.9755801638631802,0.95,-0.029170548581395006,0.029170548581395006,0.19577549383486578,True,0.11236755194764347,10000,,10000
4,rejection_budget,2,Manual ABC,sigma_eta,parameter,0.3336717195052996,0.083511929803291,0.16443595106934547,0.34042092980389244,0.481211253307504,0.3,0.033671719505299624,0.033671719505299624,0.07482604334511027,True,0.31677530223815853,10000,,10000
4,rejection_budget,2,Manual ABC,long_run_log_variance,derived,-10.965485277610247,2.1762816700052063,-14.652021209426906,-10.950962934446387,-7.2350760571215025,-9.999999999999991,-0.9654852776102558,0.9654852776102558,0.09654852776102567,True,7.416945152305403,10000,,10000
4,rejection_budget,2,Manual ABC,half_life_days,derived,10.360346810742495,6.619033313396757,4.712265499106694,8.37713816651613,28.03659426572287,13.513407333964874,-3.153060523222379,3.153060523222379,0.23332831204587554,True,23.324328766616176,10000,,10000
4,rejection_budget,2,Manual ABC,stationary_log_volatility_variance,derived,0.7823964802363862,0.2525012462786238,0.3785367450874368,0.7483495690539316,1.3501327491414623,0.9230769230769228,-0.1406804428405366,0.1406804428405366,0.15240381307724804,True,0.9715960040540255,10000,,10000
4,rejection_budget,3,Manual ABC,alpha,parameter,-0.8421957070492366,0.3296759562889649,-1.4526077522972034,-0.831231727917579,-0.2631992135517396,-0.5,-0.34219570704923663,0.34219570704923663,0.24442550503516905,True,1.1894085387454638,20000,,20000
4,rejection_budget,3,Manual ABC,beta,parameter,0.9220523990738667,0.02936307845433795,0.8622094521538956,0.9226702289947354,0.9756942532786242,0.95,-0.027947600926133243,0.027947600926133243,0.18756779145055866,True,0.1134848011247287,20000,,20000
4,rejection_budget,3,Manual ABC,sigma_eta,parameter,0.33184415011593393,0.08252865978529676,0.16443595106934547,0.33790202766208166,0.4796533061215509,0.3,0.031844150115933945,0.031844150115933945,0.07076477803540876,True,0.3152173550522054,20000,,20000
4,rejection_budget,3,Manual ABC,long_run_log_variance,derived,-10.940567315364977,2.1812912235227384,-14.753112110120696,-10.828139798777892,-7.330419754133434,-9.999999999999991,-0.9405673153649854,0.9405673153649854,0.09405673153649863,True,7.422692355987262,20000,,20000
4,rejection_budget,3,Manual ABC,half_life_days,derived,10.50806936366065,6.488033877216152,4.675306586365738,8.612301003063639,28.16983625830892,13.513407333964874,-3.0053379703042236,3.0053379703042236,0.2223967572375729,True,23.49452967194318,20000,,20000
4,rejection_budget,3,Manual ABC,stationary_log_volatility_variance,derived,0.7862824539560841,0.2534488579432628,0.38055406132089625,0.7511774593581423,1.365610207572748,0.9230769230769228,-0.1367944691208387,0.1367944691208387,0.14819400821424197,True,0.9850561462518519,20000,,20000
4,rejection_budget,0,Auto ABC,alpha,parameter,-0.41517145740755046,0.2380859675466552,-0.9581001845386151,-0.3542489459604168,-0.12766999674145163,-0.5,0.08482854259244954,0.08482854259244954,0.060591816137463964,True,0.8304301877971635,2000,,7000
4,rejection_budget,0,Auto ABC,beta,parameter,0.9568673912086716,0.0202616818457282,0.9117361712170894,0.9604036379251093,0.9883226217457558,0.95,0.006867391208671636,0.006867391208671636,0.04608987388370225,True,0.07658645052866642,2000,,7000
4,rejection_budget,0,Auto ABC,sigma_eta,parameter,0.33608424653989266,0.10514360915778541,0.12614132356024177,0.3484780923243938,0.48914512054013076,0.3,0.03608424653989267,0.03608424653989267,0.08018721453309482,True,0.363003796979889,2000,,7000
4,rejection_budget,0,Auto ABC,long_run_log_variance,derived,-10.00425138333888,3.6277962610138617,-15.588862711507451,-9.685863408469285,-3.8387261301166795,-9.999999999999991,-0.004251383338889525,0.004251383338889525,0.00042513833388895287,True,11.750136581390771,2000,,7000
4,rejection_budget,0,Auto ABC,half_life_days,derived,20.811650981955722,13.224424007829715,7.501218069775411,17.15641762264176,59.01086457841304,13.513407333964874,7.298243647990848,7.298243647990848,0.5400742734696743,True,51.50964650863763,2000,,7000
4,rejection_budget,0,Auto ABC,stationary_log_volatility_variance,derived,1.722094548148627,1.3039568634530962,0.2922800791650256,1.4253251844322172,5.2603654430443125,0.9230769230769228,0.7990176250717042,0.7990176250717042,0.8656024271610131,True,4.968085363879287,2000,,7000
4,rejection_budget,1,Auto ABC,alpha,parameter,-0.40538878005093715,0.23261686850274088,-0.9350832426552446,-0.3387663965933856,-0.117843029455315,-0.5,0.09461121994906285,0.09461121994906285,0.06757944282075919,True,0.8172402131999296,5000,,10000
4,rejection_budget,1,Auto ABC,beta,parameter,0.9564781536203649,0.02114678842937968,0.9105207216256487,0.9601961147804781,0.9885863621008426,0.95,0.006478153620364968,0.006478153620364968,0.043477541076274946,True,0.07806564047519393,5000,,10000
4,rejection_budget,1,Auto ABC,sigma_eta,parameter,0.340909073218137,0.10365283759172811,0.15042923550585502,0.3518528984235315,0.4926746861213474,0.3,0.040909073218137026,0.040909073218137026,0.09090905159586006,True,0.3422454506154924,5000,,10000
4,rejection_budget,1,Auto ABC,long_run_log_variance,derived,-9.822216017959995,3.7232391281601207,-16.432545450375727,-9.965888365773832,-3.7527570961926293,-9.999999999999991,0.1777839820399958,0.1777839820399958,0.017778398203999596,True,12.679788354183097,5000,,10000
4,rejection_budget,1,Auto ABC,half_life_days,derived,21.01718761607559,14.28647486457385,7.394467392604316,17.065138672051965,60.38249620088623,13.513407333964874,7.503780282110714,7.503780282110714,0.5552841039025412,True,52.98802880828191,5000,,10000
4,rejection_budget,1,Auto ABC,stationary_log_volatility_variance,derived,1.949476168989574,2.0010314381820833,0.32000329812471834,1.3737657937173091,6.968566010989487,0.9230769230769228,1.0263992459126512,1.0263992459126512,1.1119325164053724,True,6.648562712864768,5000,,10000
4,rejection_budget,2,Auto ABC,alpha,parameter,-0.4097875783238076,0.23251899820268299,-0.9673405572087068,-0.34634100629356657,-0.11546377146685116,-0.5,0.09021242167619242,0.09021242167619242,0.06443744405442316,True,0.8518767857418557,10000,,15000
4,rejection_budget,2,Auto ABC,beta,parameter,0.9566301925062608,0.02117359362512887,0.9082169208878643,0.9589980042516026,0.9893335942646974,0.95,0.006630192506260846,0.006630192506260846,0.04449793628362983,True,0.08111667337683304,10000,,15000
4,rejection_budget,2,Auto ABC,sigma_eta,parameter,0.3489743227355888,0.10070622615422331,0.15256222545807452,0.3606996601743863,0.49138205960064973,0.3,0.04897432273558883,0.04897432273558883,0.1088318283013085,True,0.3388198341425752,10000,,15000
4,rejection_budget,2,Auto ABC,long_run_log_variance,derived,-9.988690815239213,3.737205905578075,-17.139933786776076,-9.984310339287388,-3.7527570961926293,-9.999999999999991,0.011309184760778024,0.011309184760778024,0.0011309184760778033,True,13.387176690583447,10000,,15000
4,rejection_budget,2,Auto ABC,half_life_days,derived,21.22705826510159,14.757258515308504,7.199881273018239,16.556214091886496,64.63694482569683,13.513407333964874,7.713650931136716,7.713650931136716,0.5708146539584482,True,57.437063552678595,10000,,15000
4,rejection_budget,2,Auto ABC,stationary_log_volatility_variance,derived,2.03323897649249,1.8944852490018038,0.32383500097913964,1.5604860050159894,7.143454797395327,0.9230769230769228,1.110162053415567,1.110162053415567,1.2026755578668646,True,6.8196197964161875,10000,,15000
4,rejection_budget,3,Auto ABC,alpha,parameter,-0.4086818782015019,0.24150260234886076,-1.0347533707527776,-0.34394417198372085,-0.117843029455315,-0.5,0.09131812179849808,0.09131812179849808,0.06522722985607006,True,0.9169103412974626,20000,,25000
4,rejection_budget,3,Auto ABC,beta,parameter,0.9564639339163559,0.021565333496433626,0.9061591980347342,0.9590369003723638,0.9891055332226036,0.95,0.006463933916355913,0.006463933916355913,0.04338210682118062,True,0.08294633518786942,20000,,25000
4,rejection_budget,3,Auto ABC,sigma_eta,parameter,0.34388581615305214,0.09966680900530538,0.138773684195435,0.35390617939548746,0.49120895828287936,0.3,0.04388581615305215,0.04388581615305215,0.09752403589567143,True,0.35243527408744435,20000,,25000
4,rejection_budget,3,Auto ABC,long_run_log_variance,derived,-9.816432737034372,3.615812799872508,-16.432545450375727,-9.730853693640142,-3.764795620124712,-9.999999999999991,0.1835672629656191,0.1835672629656191,0.018356726296561925,True,12.667749830251015,20000,,25000
4,rejection_budget,3,Auto ABC,half_life_days,derived,21.16094192946494,14.750641619803291,7.034151202527048,16.57226861153323,63.27657578904097,13.513407333964874,7.6475345955000655,7.6475345955000655,0.5659220066784042,True,56.24242458651392,20000,,25000
4,rejection_budget,3,Auto ABC,stationary_log_volatility_variance,derived,1.9779380520588727,1.9257593564069597,0.32000329812471834,1.4540151915863921,7.385103433823628,0.9230769230769228,1.0548611289819498,1.0548611289819498,1.1427662230637794,True,7.065100135698909,20000,,25000
4,rejection_budget,0,Wasserstein ABC,alpha,parameter,-1.030066349309717,0.33949351214456236,-1.4801270083950664,-1.075805514071627,-0.2382101590660224,-0.5,-0.5300663493097171,0.5300663493097171,0.37861882093551225,True,1.241916849329044,2000,,2000
4,rejection_budget,0,Wasserstein ABC,beta,parameter,0.8952464605714981,0.03479161300694082,0.8508693890171972,0.8902317966058556,0.9760549357902135,0.95,-0.05475353942850181,0.05475353942850181,0.36747341898323355,True,0.1251855467730163,2000,,2000
4,rejection_budget,0,Wasserstein ABC,sigma_eta,parameter,0.2661236914056318,0.11837143648038755,0.07729006527176947,0.24906056254820963,0.4865079505888405,0.3,-0.03387630859436819,0.03387630859436819,0.07528068576526263,True,0.40921788531707104,2000,,2000
4,rejection_budget,0,Wasserstein ABC,long_run_log_variance,derived,-9.857973321543042,0.34768411573665703,-10.477196845517344,-9.838089487947183,-9.262316218260759,-9.999999999999991,0.14202667845694883,0.14202667845694883,0.014202667845694895,True,1.2148806272565853,2000,,2000
4,rejection_budget,0,Wasserstein ABC,half_life_days,derived,8.149735031588865,6.897806948630487,4.292022259267447,5.961356195713147,28.599419326170985,13.513407333964874,-5.36367230237601,5.36367230237601,0.39691486904970635,True,24.307397066903537,2000,,2000
4,rejection_budget,0,Wasserstein ABC,stationary_log_volatility_variance,derived,0.49566362049283724,0.4800843660445497,0.027927489411643396,0.34432233822011055,1.4331084822723943,0.9230769230769228,-0.42741330258408555,0.42741330258408555,0.46303107779942615,True,1.4051809928607508,2000,,2000
4,rejection_budget,1,Wasserstein ABC,alpha,parameter,-1.0228924806652244,0.3262383693970351,-1.4415955851826827,-1.075805514071627,-0.24142387940781207,-0.5,-0.5228924806652244,0.5228924806652244,0.3734946290465889,True,1.2001717057748706,5000,,5000
4,rejection_budget,1,Wasserstein ABC,beta,parameter,0.8957096579506748,0.033663614030138,0.8522751803683845,0.8898474169123366,0.9749862299020942,0.95,-0.054290342049325147,0.054290342049325147,0.36436471174043716,True,0.1227110495337097,5000,,5000
4,rejection_budget,1,Wasserstein ABC,sigma_eta,parameter,0.2785162307630288,0.12901851692098165,0.07013587404245449,0.272325304850662,0.4893315416924821,0.3,-0.021483769236971206,0.021483769236971206,0.047741709415491565,True,0.41919566765002764,5000,,5000
4,rejection_budget,1,Wasserstein ABC,long_run_log_variance,derived,-9.83591166260672,0.3273257170472629,-10.422259992384161,-9.81193875194456,-9.301145048806605,-9.999999999999991,0.164088337393272,0.164088337393272,0.016408833739327215,True,1.121114943577556,5000,,5000
4,rejection_budget,1,Wasserstein ABC,half_life_days,derived,7.887833129218457,6.071354707154701,4.336348420503272,5.939296185747138,27.362587297762616,13.513407333964874,-5.6255742047464175,5.6255742047464175,0.41629576210634783,True,23.026238877259345,5000,,5000
4,rejection_budget,1,Wasserstein ABC,stationary_log_volatility_variance,derived,0.5543538266870285,0.5122877070585278,0.022492059250927995,0.4237863295973282,1.8745545640861812,0.9230769230769228,-0.3687230963898943,0.3687230963898943,0.3994500210890523,True,1.8520625048352533,5000,,5000
4,rejection_budget,2,Wasserstein ABC,alpha,parameter,-1.0103065488702263,0.32948685424811613,-1.4415955851826827,-1.0799076874804063,-0.29107258339924513,-0.5,-0.5103065488702263,0.5103065488702263,0.3645046777644474,True,1.1505230017834376,10000,,10000
4,rejection_budget,2,Wasserstein ABC,beta,parameter,0.896899534411598,0.03406389061242008,0.8523459745174715,0.8897910014652879,0.9712537298770333,0.95,-0.05310046558840198,0.05310046558840198,0.35637896368055016,True,0.11890775535956177,10000,,10000
4,rejection_budget,2,Wasserstein ABC,sigma_eta,parameter,0.2732994329420396,0.12467914165262324,0.06831479845787285,0.2709722112949609,0.4865079505888405,0.3,-0.026700567057960367,0.026700567057960367,0.05933459346213415,True,0.41819315213096764,10000,,10000
4,rejection_budget,2,Wasserstein ABC,long_run_log_variance,derived,-9.827616742689148,0.3316220143624751,-10.452024328058547,-9.812291199046927,-9.28449817576124,-9.999999999999991,0.1723832573108428,0.1723832573108428,0.017238325731084296,True,1.1675261522973077,10000,,10000
4,rejection_budget,2,Wasserstein ABC,half_life_days,derived,7.949399618635221,5.760931124045398,4.338602909397251,5.936071370091479,23.764337044542003,13.513407333964874,-5.564007715329653,5.564007715329653,0.4117398060920552,True,19.42573413514475,10000,,10000
4,rejection_budget,2,Wasserstein ABC,stationary_log_volatility_variance,derived,0.5416288032695924,0.526927113508492,0.021089631335734396,0.38659954257500395,2.1571719255622077,0.9230769230769228,-0.3814481198073304,0.3814481198073304,0.41323546312460807,True,2.1360822942264734,10000,,10000
4,rejection_budget,3,Wasserstein ABC,alpha,parameter,-0.9914070748188689,0.33262235598591344,-1.451645072235863,-1.0424395883129614,-0.2768269393639806,-0.5,-0.4914070748188689,0.4914070748188689,0.35100505344204924,True,1.1748181328718823,20000,,20000
4,rejection_budget,3,Wasserstein ABC,beta,parameter,0.8988606736448729,0.03423133557325123,0.851985483300415,0.893604683169374,0.9716080273591512,0.95,-0.05113932635512708,0.05113932635512708,0.3432169554035374,True,0.11962254405873618,20000,,20000
4,rejection_budget,3,Wasserstein ABC,sigma_eta,parameter,0.27849281697673356,0.12599895115383242,0.06820807861388953,0.27986196469106944,0.4845235900029106,0.3,-0.02150718302326643,0.02150718302326643,0.04779374005170318,True,0.4163155113890211,20000,,20000
4,rejection_budget,3,Wasserstein ABC,long_run_log_variance,derived,-9.823697662717144,0.3073801876753326,-10.431001693278649,-9.812291199046927,-9.310998560679796,-9.999999999999991,0.17630233728284672,0.17630233728284672,0.017630233728284688,True,1.1200031325988533,20000,,20000
4,rejection_budget,3,Wasserstein ABC,half_life_days,derived,8.112277234927628,5.872499077418718,4.327145233214087,6.161757918313931,24.06525413997777,13.513407333964874,-5.401130099037246,5.401130099037246,0.3996867677822406,True,19.738108906763685,20000,,20000
4,rejection_budget,3,Wasserstein ABC,stationary_log_volatility_variance,derived,0.5590593796017692,0.5063971391485841,0.022696838910797074,0.42778769973557385,1.9272828159763553,0.9230769230769228,-0.3640175434751536,0.3640175434751536,0.39435233876474984,True,1.9045859770655582,20000,,20000
5,rejection_budget,0,Manual ABC,alpha,parameter,-0.8088426795052666,0.3588267709148799,-1.4071322977741874,-0.7951712185549707,-0.15544860337655786,-0.5,-0.30884267950526656,0.30884267950526656,0.22060191393233328,True,1.2516836943976295,2000,,2000
5,rejection_budget,0,Manual ABC,beta,parameter,0.9261714103945432,0.03113297655032975,0.8636520522686497,0.9292097262704988,0.9882624854700568,0.95,-0.02382858960545675,0.02382858960545675,0.15992342017085065,True,0.12461043320140708,2000,,2000
5,rejection_budget,0,Manual ABC,sigma_eta,parameter,0.32248132086132064,0.09003875168590555,0.11254517314030692,0.32461982285257274,0.4828565041192353,0.3,0.022481320861320653,0.022481320861320653,0.04995849080293478,True,0.3703113309789284,2000,,2000
5,rejection_budget,0,Manual ABC,long_run_log_variance,derived,-11.057139799130308,2.254166385097574,-14.55859085199447,-11.345153381680717,-7.282222462400364,-9.999999999999991,-1.0571397991303169,1.0571397991303169,0.10571397991303177,True,7.276368389594106,2000,,2000
5,rejection_budget,0,Manual ABC,half_life_days,derived,12.91751563310451,12.815320924522682,4.728626540489367,9.440745385207325,58.70674420328271,13.513407333964874,-0.5958917008603652,0.5958917008603652,0.04409633234118821,True,53.978117662793345,2000,,2000
5,rejection_budget,0,Manual ABC,stationary_log_volatility_variance,derived,0.7916539067828928,0.2461529227313144,0.42844941257469815,0.7697214039389478,1.2769934784427,0.9230769230769228,-0.13142301629402997,0.13142301629402997,0.14237493431853251,True,0.8485440658680018,2000,,2000
5,rejection_budget,1,Manual ABC,alpha,parameter,-0.8553899486117963,0.3503004105647564,-1.4257163323281266,-0.8673172944808117,-0.18070584906929588,-0.5,-0.3553899486117963,0.3553899486117963,0.2538499632941402,True,1.2450104832588307,5000,,5000
5,rejection_budget,1,Manual ABC,beta,parameter,0.9205689033368573,0.031101599113646572,0.8608440725285521,0.9194421639386425,0.9809911685759012,0.95,-0.029431096663142697,0.029431096663142697,0.19752413867881002,True,0.12014709604734908,5000,,5000
5,rejection_budget,1,Manual ABC,sigma_eta,parameter,0.33851530179253675,0.08329217078615736,0.1647587859842627,0.34289863602991366,0.47739745976566733,0.3,0.03851530179253676,0.03851530179253676,0.08558955953897057,True,0.31263867378140464,5000,,5000
5,rejection_budget,1,Manual ABC,long_run_log_variance,derived,-10.879651564445027,2.2665179268299966,-14.6835097793745,-10.69971558523603,-7.327682484616231,-9.999999999999991,-0.8796515644450356,0.8796515644450356,0.08796515644450363,True,7.355827294758269,5000,,5000
5,rejection_budget,1,Manual ABC,half_life_days,derived,11.091199488053908,9.462469482341232,4.625857122772999,8.252917738118683,36.11679928814927,13.513407333964874,-2.4222078459109664,2.4222078459109664,0.1792447889750899,True,31.490942165376268,5000,,5000
5,rejection_budget,1,Manual ABC,stationary_log_volatility_variance,derived,0.8096959234601067,0.23897145640095807,0.42844941257469815,0.7834424252550543,1.390592428617613,0.9230769230769228,-0.11338099961681614,0.11338099961681614,0.12282941625155085,True,0.9621430160429149,5000,,5000
5,rejection_budget,2,Manual ABC,alpha,parameter,-0.8528565270841785,0.34643383173505976,-1.4521536352959914,-0.8635561116743856,-0.20316097840214953,-0.5,-0.3528565270841785,0.3528565270841785,0.2520403764886989,True,1.2489926568938419,10000,,10000
5,rejection_budget,2,Manual ABC,beta,parameter,0.9211663449702868,0.031004299051039765,0.8594058298096056,0.9211074234017969,0.9799811535919376,0.95,-0.028833655029713134,0.028833655029713134,0.1935144632866653,True,0.12057532378233204,10000,,10000
5,rejection_budget,2,Manual ABC,sigma_eta,parameter,0.3322250615044432,0.08396806926885562,0.16370535692535676,0.3348474336821229,0.4828565041192353,0.3,0.03222506150444321,0.03222506150444321,0.07161124778765157,True,0.31915114719387855,10000,,10000
5,rejection_budget,2,Manual ABC,long_run_log_variance,derived,-10.957300153008255,2.1968958423660303,-14.682932900633206,-10.96493825631984,-7.327682484616231,-9.999999999999991,-0.9573001530082639,0.9573001530082639,0.09573001530082648,True,7.355250416016975,10000,,10000
5,rejection_budget,2,Manual ABC,half_life_days,derived,10.939401493145542,8.311998664233936,4.57480543305741,8.434642127322928,34.276989789819176,13.513407333964874,-2.574005840819332,2.574005840819332,0.19047792886030845,True,29.702184356761766,10000,,10000
5,rejection_budget,2,Manual ABC,stationary_log_volatility_variance,derived,0.7876678445271679,0.2497937350108861,0.39358602217711375,0.7697214039389478,1.390592428617613,0.9230769230769228,-0.13540907854975492,0.13540907854975492,0.1466931684289012,True,0.9970064064404993,10000,,10000
5,rejection_budget,3,Manual ABC,alpha,parameter,-0.8526294267444758,0.34170239462492324,-1.4345440712260233,-0.8635561116743856,-0.20261793193799194,-0.5,-0.35262942674447584,0.35262942674447584,0.2518781619603399,True,1.2319261392880314,20000,,20000
5,rejection_budget,3,Manual ABC,beta,parameter,0.9211661992270652,0.030538216666331768,0.8616702386461753,0.9209972669892528,0.979649422164011,0.95,-0.028833800772934737,0.028833800772934737,0.19351544142909216,True,0.11797918351783565,20000,,20000
5,rejection_budget,3,Manual ABC,sigma_eta,parameter,0.3335045230188506,0.08408644545950289,0.15788762470428921,0.3362531480372316,0.4820768251170465,0.3,0.033504523018850596,0.033504523018850596,0.07445449559744577,True,0.32418920041275734,20000,,20000
5,rejection_budget,3,Manual ABC,long_run_log_variance,derived,-10.952768404754607,2.2369370510542583,-14.704384882808219,-10.90545598906087,-7.325753047794618,-9.999999999999991,-0.9527684047546163,0.9527684047546163,0.09527684047546171,True,7.378631835013601,20000,,20000
5,rejection_budget,3,Manual ABC,half_life_days,derived,10.875795613308757,8.208556304889374,4.6556616843229826,8.422384631833495,33.71255817183496,13.513407333964874,-2.6376117206561176,2.6376117206561176,0.1951848009514736,True,29.056896487511974,20000,,20000
5,rejection_budget,3,Manual ABC,stationary_log_volatility_variance,derived,0.794962030951323,0.2739641237674188,0.37272853539369516,0.7712775856639924,1.3668069052934744,0.9230769230769228,-0.1281148921255998,0.1281148921255998,0.13879113313606647,True,0.9940783698997793,20000,,20000
5,rejection_budget,0,Auto ABC,alpha,parameter,-0.39911415707182707,0.2544625156921121,-1.0946490033002605,-0.336424897101544,-0.10379481863836837,-0.5,0.10088584292817293,0.10088584292817293,0.07206131637726639,True,0.9908541846618921,2000,,7000
5,rejection_budget,0,Auto ABC,beta,parameter,0.9559803013935276,0.02332215987242956,0.9032188344003645,0.9577052734664365,0.9885666394158215,0.95,0.005980301393527676,0.005980301393527676,0.04013625096327299,True,0.08534780501545691,2000,,7000
5,rejection_budget,0,Auto ABC,sigma_eta,parameter,0.3231008955537828,0.10461489678476395,0.11254517314030692,0.32318291111936953,0.493860258717997,0.3,0.023100895553782808,0.023100895553782808,0.05133532345285068,True,0.38131508557769006,2000,,7000
5,rejection_budget,0,Auto ABC,long_run_log_variance,derived,-9.487919889757396,3.34664872019142,-15.933390568396211,-9.676619417313558,-3.8791651070713624,-9.999999999999991,0.5120801102425947,0.5120801102425947,0.051208011024259516,True,12.05422546132485,2000,,7000
5,rejection_budget,0,Auto ABC,half_life_days,derived,21.575441418214755,14.766666472067813,6.809552662490299,16.03943157463682,60.27773552624579,13.513407333964874,8.06203408424988,8.06203408424988,0.5965952098540388,True,53.468182863755494,2000,,7000
5,rejection_budget,0,Auto ABC,stationary_log_volatility_variance,derived,1.6651301652058297,1.526420620155603,0.29902068436269097,1.237924782169145,5.198213610228439,0.9230769230769228,0.7420532421289069,0.7420532421289069,0.803891012306316,True,4.899192925865749,2000,,7000
5,rejection_budget,1,Auto ABC,alpha,parameter,-0.39004319988889447,0.24526097258518434,-0.9841721404887668,-0.3299985734098476,-0.10553967564865485,-0.5,0.10995680011110553,0.10995680011110553,0.07854057150793253,True,0.8786324648401119,5000,,10000
5,rejection_budget,1,Auto ABC,beta,parameter,0.9565438780223459,0.02321448961045204,0.9001394603079222,0.9614636374239436,0.9885666394158215,0.95,0.006543878022345906,0.006543878022345906,0.04391864444527453,True,0.08842717910789921,5000,,10000
5,rejection_budget,1,Auto ABC,sigma_eta,parameter,0.33470700319040897,0.09978366542493643,0.13117794971348384,0.34125395264277875,0.4945580904574285,0.3,0.03470700319040898,0.03470700319040898,0.0771266737564644,True,0.36338014074394465,5000,,10000
5,rejection_budget,1,Auto ABC,long_run_log_variance,derived,-9.343621945282955,3.4777556154208455,-15.933390568396211,-9.387829158173428,-3.8305635348458025,-9.999999999999991,0.6563780547170364,0.6563780547170364,0.0656378054717037,True,12.102827033550408,5000,,10000
5,rejection_budget,1,Auto ABC,half_life_days,derived,21.249900390816055,13.738676953259738,6.588502575805991,17.637991117099055,60.27773552624579,13.513407333964874,7.736493056851181,7.736493056851181,0.5725049845427305,True,53.6892329504398,5000,,10000
5,rejection_budget,1,Auto ABC,stationary_log_volatility_variance,derived,1.8020890981861113,1.5921178151881559,0.2972347088235309,1.353539605498387,5.86106543356644,0.9230769230769228,0.8790121751091885,0.8790121751091885,0.9522631897016212,True,5.563830724742909,5000,,10000
5,rejection_budget,2,Auto ABC,alpha,parameter,-0.3925145690178645,0.24459196344699605,-0.9932679406701659,-0.3278354336731055,-0.10553967564865485,-0.5,0.10748543098213548,0.10748543098213548,0.07677530784438248,True,0.887728265021511,10000,,15000
5,rejection_budget,2,Auto ABC,beta,parameter,0.9569786005503147,0.023113451026282567,0.9001394603079222,0.9609150727901749,0.9891503214336117,0.95,0.00697860055031474,0.00697860055031474,0.046836245304125765,True,0.08901086112568946,10000,,15000
5,rejection_budget,2,Auto ABC,sigma_eta,parameter,0.33834826748375635,0.09827047297886683,0.129308582941765,0.35111985515403193,0.4945580904574285,0.3,0.03834826748375636,0.03834826748375636,0.08521837218612524,True,0.3652495075156635,10000,,15000
5,rejection_budget,2,Auto ABC,long_run_log_variance,derived,-9.587556814656256,3.609421881316258,-16.16814841200653,-9.718150991550111,-3.7118063054963355,-9.999999999999991,0.4124431853437347,0.4124431853437347,0.041244318534373506,True,12.456342106510196,10000,,15000
5,rejection_budget,2,Auto ABC,half_life_days,derived,21.85445434386304,15.297723662737452,6.588502575805991,17.385509395512678,63.5392217041714,13.513407333964874,8.341047009898165,8.341047009898165,0.6172423285823412,True,56.950719128365414,10000,,15000
5,rejection_budget,2,Auto ABC,stationary_log_volatility_variance,derived,1.8765979262717778,1.7230681929545697,0.3170969035726986,1.413230453514494,6.2530748708187875,0.9230769230769228,0.953521003194855,0.953521003194855,1.0329810867944265,True,5.935977967246089,10000,,15000
5,rejection_budget,3,Auto ABC,alpha,parameter,-0.40005327931742773,0.23883475654165115,-1.0205146236185123,-0.3466224758505405,-0.11111838834246823,-0.5,0.09994672068257227,0.09994672068257227,0.07139051477326591,True,0.9093962352760441,20000,,25000
5,rejection_budget,3,Auto ABC,beta,parameter,0.9560130384956995,0.02280379468656649,0.9001394603079222,0.9591594129468526,0.9890976665516534,0.95,0.006013038495699563,0.006013038495699563,0.040355963058386325,True,0.08895820624373119,20000,,25000
5,rejection_budget,3,Auto ABC,sigma_eta,parameter,0.3462396276188724,0.09952188395862717,0.13785416218781688,0.35662901551688636,0.4943697094660304,0.3,0.0462396276188724,0.0462396276188724,0.10275472804193866,True,0.35651554727821355,20000,,25000
5,rejection_budget,3,Auto ABC,long_run_log_variance,derived,-9.595515768591444,3.6432710484601696,-16.594486819641283,-9.651953598746221,-3.7118063054963355,-9.999999999999991,0.4044842314085475,0.4044842314085475,0.04044842314085478,True,12.882680514144948,20000,,25000
5,rejection_budget,3,Auto ABC,half_life_days,derived,21.09874605857968,14.406916955630017,6.588502575805991,16.62303595726063,63.23066705129616,13.513407333964874,7.585338724614807,7.585338724614807,0.561319476069493,True,56.64216447549017,20000,,25000
5,rejection_budget,3,Auto ABC,stationary_log_volatility_variance,derived,1.8947118595925967,1.613058503438155,0.32576406453756473,1.4861030625305143,6.496451443857468,0.9230769230769228,0.9716349365156739,0.9716349365156739,1.0526045145586471,True,6.170687379319903,20000,,25000
5,rejection_budget,0,Wasserstein ABC,alpha,parameter,-0.9959502941483944,0.34409484488352676,-1.4829738149156375,-1.0229691599648356,-0.34213541723930097,-0.5,-0.4959502941483944,0.4959502941483944,0.35425021010599606,True,1.1408383976763365,2000,,2000
5,rejection_budget,0,Wasserstein ABC,beta,parameter,0.8984531055559195,0.03503353849823961,0.8513638488825971,0.8948987178382681,0.9649182145370707,0.95,-0.05154689444408045,0.05154689444408045,0.3459523117052379,True,0.11355436565447363,2000,,2000
5,rejection_budget,0,Wasserstein ABC,sigma_eta,parameter,0.2624214925190281,0.12529597334728887,0.06233628072799773,0.26942719551407446,0.48460627008545765,0.3,-0.03757850748097191,0.03757850748097191,0.0835077944021598,True,0.4222699893574599,2000,,2000
5,rejection_budget,0,Wasserstein ABC,long_run_log_variance,derived,-9.813349138097509,0.29850055687999716,-10.357728599608294,-9.81908143148208,-9.335596944169648,-9.999999999999991,0.18665086190248203,0.18665086190248203,0.01866508619024822,True,1.0221316554386455,2000,,2000
5,rejection_budget,0,Wasserstein ABC,half_life_days,derived,7.72249630592845,3.98217479555517,4.307517758362867,6.242053728831352,19.40939966394197,13.513407333964874,-5.790911028036424,5.790911028036424,0.42853078316387533,True,15.101881905579102,2000,,2000
5,rejection_budget,0,Wasserstein ABC,stationary_log_volatility_variance,derived,0.4793330755203014,0.413367442479085,0.01833730725891095,0.3847242220727748,1.4248591813046698,0.9230769230769228,-0.4437438475566214,0.4437438475566214,0.48072250151967333,True,1.4065218740457588,2000,,2000
5,rejection_budget,1,Wasserstein ABC,alpha,parameter,-0.9755951258488236,0.3394715667831677,-1.4666944797070067,-1.0028373627777925,-0.29687156468819254,-0.5,-0.4755951258488236,0.4755951258488236,0.33971080417773114,True,1.1698229150188142,5000,,5000
5,rejection_budget,1,Wasserstein ABC,beta,parameter,0.9005340097051735,0.03471480103114265,0.8519748750261265,0.8973685950102123,0.968820259978542,0.95,-0.049465990294826456,0.049465990294826456,0.3319865120458151,True,0.11684538495241559,5000,,5000
5,rejection_budget,1,Wasserstein ABC,sigma_eta,parameter,0.2818029200718258,0.12879271523043348,0.06841320231090971,0.2993986634255787,0.48460627008545765,0.3,-0.01819707992817421,0.01819707992817421,0.040437955395942686,True,0.41619306777454795,5000,,5000
5,rejection_budget,1,Wasserstein ABC,long_run_log_variance,derived,-9.81887465978656,0.31856697411927715,-10.404398685773643,-9.80745590469045,-9.319331537191749,-9.999999999999991,0.18112534021343052,0.18112534021343052,0.01811253402134307,True,1.085067148581894,5000,,5000
5,rejection_budget,1,Wasserstein ABC,half_life_days,derived,8.176396753488454,5.469783000321076,4.326808908350246,6.400925844825452,21.88228822363046,13.513407333964874,-5.33701058047642,5.33701058047642,0.39494188612684444,True,17.555479315280216,5000,,5000
5,rejection_budget,1,Wasserstein ABC,stationary_log_volatility_variance,derived,0.5710676999475945,0.5175598276175712,0.02305093376794942,0.45091738722226,1.7964725556210495,0.9230769230769228,-0.35200922312932825,0.35200922312932825,0.3813433250567724,True,1.7734216218531,5000,,5000
5,rejection_budget,2,Wasserstein ABC,alpha,parameter,-0.9941949369105192,0.342452587687349,-1.4666944797070067,-1.041962123971505,-0.2855191878513572,-0.5,-0.4941949369105192,0.4941949369105192,0.3529963835075137,True,1.1811752918556495,10000,,10000
5,rejection_budget,2,Wasserstein ABC,beta,parameter,0.8987162862168698,0.0350791439865314,0.8518772056866549,0.8926234366350609,0.9718148671594279,0.95,-0.051283713783130125,0.051283713783130125,0.34418599854449744,True,0.11993766147277296,10000,,10000
5,rejection_budget,2,Wasserstein ABC,sigma_eta,parameter,0.2840099795543566,0.1285303660081698,0.06551998140195825,0.2939963835702427,0.4875717334436842,0.3,-0.015990020445643405,0.015990020445643405,0.03553337876809645,True,0.42205175204172596,10000,,10000
5,rejection_budget,2,Wasserstein ABC,long_run_log_variance,derived,-9.833972062776445,0.3199571836098263,-10.415352292804993,-9.837903104078084,-9.309264107204974,-9.999999999999991,0.16602793722354647,0.16602793722354647,0.016602793722354663,True,1.1060881856000186,10000,,10000
5,rejection_budget,2,Wasserstein ABC,half_life_days,derived,8.103122649101913,5.64123971563213,4.323714656659239,6.102159602596415,24.244427615956248,13.513407333964874,-5.410284684862962,5.410284684862962,0.40036421245622056,True,19.92071295929701,10000,,10000
5,rejection_budget,2,Wasserstein ABC,stationary_log_volatility_variance,derived,0.5739099005435027,0.5116669405016842,0.02305093376794942,0.4443418729111848,1.8157612999478194,0.9230769230769228,-0.34916702253342013,0.34916702253342013,0.37826427441120525,True,1.79271036617987,10000,,10000
5,rejection_budget,3,Wasserstein ABC,alpha,parameter,-0.9965837376293111,0.3329728537021816,-1.4645215138944803,-1.0554782024095037,-0.29182396000619737,-0.5,-0.4965837376293111,0.4965837376293111,0.35470266973522224,True,1.172697553888283,20000,,20000
5,rejection_budget,3,Wasserstein ABC,beta,parameter,0.8985540519753163,0.034007639662398476,0.8521275377911245,0.8919258471358014,0.970676933896404,0.95,-0.05144594802468361,0.05144594802468361,0.34527481895760803,True,0.11854939610527948,20000,,20000
5,rejection_budget,3,Wasserstein ABC,sigma_eta,parameter,0.28139073153001104,0.1289115473398074,0.06551998140195825,0.29137178817588355,0.48666304264981464,0.3,-0.01860926846998895,0.01860926846998895,0.041353929933308775,True,0.4211430612478564,20000,,20000
5,rejection_budget,3,Wasserstein ABC,long_run_log_variance,derived,-9.83929711047357,0.3105304593305876,-10.407543865712862,-9.834842782119724,-9.323262952669808,-9.999999999999991,0.1607028895264211,0.1607028895264211,0.016070288952642123,True,1.0842809130430542,20000,,20000
5,rejection_budget,3,Wasserstein ABC,half_life_days,derived,7.970387271509708,5.328164154610475,4.331653569421776,6.060447297885535,23.28999871359551,13.513407333964874,-5.543020062455167,5.543020062455167,0.41018670757620296,True,18.958345144173734,20000,,20000
5,rejection_budget,3,Wasserstein ABC,stationary_log_volatility_variance,derived,0.5713636147035372,0.5221919175534265,0.021615359018706405,0.42376106104301425,1.867407185397504,0.9230769230769228,-0.35171330837338555,0.35171330837338555,0.3810227507378345,True,1.8457918263787976,20000,,20000
6,rejection_budget,0,Manual ABC,alpha,parameter,-0.8182620329816032,0.34024674801093474,-1.4592221659211893,-0.8342415862158968,-0.2221814541996916,-0.5,-0.31826203298160316,0.31826203298160316,0.227330023558288,True,1.2370407117214977,2000,,2000
6,rejection_budget,0,Manual ABC,beta,parameter,0.9225264940807865,0.02782295014470857,0.8732732569734389,0.9185779316639268,0.9761997723379613,0.95,-0.027473505919213492,0.027473505919213492,0.18438594576653347,True,0.10292651536452235,2000,,2000
6,rejection_budget,0,Manual ABC,sigma_eta,parameter,0.33641149272889576,0.07938043409555169,0.1694790142563591,0.34074877519972774,0.4640631706188302,0.3,0.03641149272889577,0.03641149272889577,0.08091442828643504,True,0.29458415636247104,2000,,2000
6,rejection_budget,0,Manual ABC,long_run_log_variance,derived,-10.510475287131817,2.109903693041152,-14.813730624220842,-10.260502917928275,-7.14149326684505,-9.999999999999991,-0.5104752871318254,0.5104752871318254,0.05104752871318259,True,7.672237357375792,2000,,2000
6,rejection_budget,0,Manual ABC,half_life_days,derived,10.463730480386795,5.911532548579586,5.115222039729821,8.161535002257017,28.775587574856203,13.513407333964874,-3.049676853578079,3.049676853578079,0.225677860380406,True,23.66036553512638,2000,,2000
6,rejection_budget,0,Manual ABC,stationary_log_volatility_variance,derived,0.8155426474278162,0.27339795136338363,0.4192203058211028,0.7727593386874018,1.450428645114825,0.9230769230769228,-0.10753427564910656,0.10753427564910656,0.11649546528653214,True,1.0312083392937221,2000,,2000
6,rejection_budget,1,Manual ABC,alpha,parameter,-0.8143794130781115,0.3326944701973786,-1.4592221659211893,-0.8269257907723162,-0.2221814541996916,-0.5,-0.31437941307811146,0.31437941307811146,0.22455672362722248,True,1.2370407117214977,5000,,5000
6,rejection_budget,1,Manual ABC,beta,parameter,0.9225062030607134,0.029150969489918365,0.870175317578625,0.9213541089518976,0.9772653640904648,0.95,-0.027493796939286552,0.027493796939286552,0.18452212710930568,True,0.10709004651183984,5000,,5000
6,rejection_budget,1,Manual ABC,sigma_eta,parameter,0.33703078877663056,0.08088560772263693,0.17091391954054871,0.3377586972154825,0.47000547872152615,0.3,0.037030788776630574,0.037030788776630574,0.08229064172584571,True,0.2990915591809774,5000,,5000
6,rejection_budget,1,Manual ABC,long_run_log_variance,derived,-10.57247364155021,2.1337605519668075,-14.63907900769357,-10.262580487155654,-7.155188994978329,-9.999999999999991,-0.5724736415502196,0.5724736415502196,0.05724736415502201,True,7.483890012715242,5000,,5000
6,rejection_budget,1,Manual ABC,half_life_days,derived,10.677605561262318,6.517003903450761,4.9844982278300956,8.462216179647855,30.140696307558095,13.513407333964874,-2.835801772702556,2.835801772702556,0.20985098003928246,True,25.156198079728,5000,,5000
6,rejection_budget,1,Manual ABC,stationary_log_volatility_variance,derived,0.8194155749099108,0.25377186122294215,0.41801833738961713,0.7763333069491114,1.357765866409543,0.9230769230769228,-0.103661348167012,0.103661348167012,0.11229979384759636,True,0.939747529019926,5000,,5000
6,rejection_budget,2,Manual ABC,alpha,parameter,-0.8157188432175253,0.32637979895409475,-1.4474876212894983,-0.8276384860169718,-0.2186437967701773,-0.5,-0.3157188432175253,0.3157188432175253,0.22551345944108953,True,1.228843824519321,10000,,10000
6,rejection_budget,2,Manual ABC,beta,parameter,0.9237522140664214,0.029155818434090798,0.869615429339782,0.9220987653940722,0.977515118044822,0.95,-0.02624778593357857,0.02624778593357857,0.1761596371381112,True,0.10789968870504008,10000,,10000
6,rejection_budget,2,Manual ABC,sigma_eta,parameter,0.3319347645829305,0.08206170841567066,0.1649630837002719,0.33099901497142337,0.4758638949979894,0.3,0.031934764582930486,0.031934764582930486,0.0709661435176233,True,0.3109008112977175,10000,,10000
6,rejection_budget,2,Manual ABC,long_run_log_variance,derived,-10.816112220586264,2.126341546716058,-14.785997093831801,-10.647425393476809,-7.26845813929985,-9.999999999999991,-0.8161122205862732,0.8161122205862732,0.08161122205862739,True,7.517538954531951,10000,,10000
6,rejection_budget,2,Manual ABC,half_life_days,derived,11.027491255092102,7.4229814149381825,4.961534292197143,8.546511108153918,30.479367413784434,13.513407333964874,-2.4859160788727728,2.4859160788727728,0.18395923525701918,True,25.51783312158729,10000,,10000
6,rejection_budget,2,Manual ABC,stationary_log_volatility_variance,derived,0.8093739251973642,0.2576779236976659,0.3869210197152635,0.7824539322923656,1.3953585503555632,0.9230769230769228,-0.11370299787955862,0.11370299787955862,0.12317824770285521,True,1.0084375306402997,10000,,10000
6,rejection_budget,3,Manual ABC,alpha,parameter,-0.8215466357053305,0.3286099634675845,-1.4404906661719954,-0.8276384860169718,-0.2222990109718428,-0.5,-0.3215466357053305,0.3215466357053305,0.22967616836095037,True,1.2181916552001526,20000,,20000
6,rejection_budget,3,Manual ABC,beta,parameter,0.9228055306619437,0.029799383422933128,0.8645017881509673,0.9224429467338151,0.9772653640904648,0.95,-0.02719446933805625,0.02719446933805625,0.18251321703393453,True,0.11276357593949748,20000,,20000
6,rejection_budget,3,Manual ABC,sigma_eta,parameter,0.33336197765931075,0.08179655884209383,0.16821228369029445,0.335198964219897,0.477107592040696,0.3,0.03336197765931076,0.03336197765931076,0.07413772813180168,True,0.3088953083504016,20000,,20000
6,rejection_budget,3,Manual ABC,long_run_log_variance,derived,-10.783535993975871,2.1848721175327195,-14.841395077660422,-10.52985624102909,-7.260470769061892,-9.999999999999991,-0.7835359939758799,0.7835359939758799,0.07835359939758806,True,7.58092430859853,20000,,20000
6,rejection_budget,3,Manual ABC,half_life_days,derived,10.853746271697066,7.222094630460405,4.760563939539135,8.586019021030385,30.140696307558095,13.513407333964874,-2.6596610622678085,2.6596610622678085,0.1968164650511912,True,25.38013236801896,20000,,20000
6,rejection_budget,3,Manual ABC,stationary_log_volatility_variance,derived,0.8070387791356075,0.2538674964118623,0.382421664754495,0.7824539322923656,1.3774678617945573,0.9230769230769228,-0.11603814394131529,0.11603814394131529,0.12570798926975826,True,0.9950461970400623,20000,,20000
6,rejection_budget,0,Auto ABC,alpha,parameter,-0.39798456972643637,0.22826112267596452,-1.0046608503820003,-0.3629083088979701,-0.10669673411265057,-0.5,0.10201543027356363,0.10201543027356363,0.07286816448111688,True,0.8979641162693497,2000,,7000
6,rejection_budget,0,Auto ABC,beta,parameter,0.9581939693944336,0.021784145648183425,0.9090900237096625,0.9644053589426101,0.9886387407924584,0.95,0.00819396939443362,0.00819396939443362,0.05499308318411825,True,0.07954871708279587,2000,,7000
6,rejection_budget,0,Auto ABC,sigma_eta,parameter,0.3539803555919087,0.09389374980812368,0.1694790142563591,0.3610401260901588,0.491783980903715,0.3,0.053980355591908724,0.053980355591908724,0.11995634575979716,True,0.32230496664735586,2000,,7000
6,rejection_budget,0,Auto ABC,long_run_log_variance,derived,-10.011806328112748,3.389264456729938,-16.427432412632104,-9.519098880723666,-4.357889590414523,-9.999999999999991,-0.011806328112756503,0.011806328112756503,0.0011806328112756513,True,12.069542822217581,2000,,7000
6,rejection_budget,0,Auto ABC,half_life_days,derived,21.48710023396063,13.08969003276993,7.272466584193359,19.124690730096198,60.66248089805149,13.513407333964874,7.973692899995754,7.973692899995754,0.5900579108538015,True,53.39001431385813,2000,,7000
6,rejection_budget,0,Auto ABC,stationary_log_volatility_variance,derived,2.0197552247253237,1.4740823544483828,0.45247867607397485,1.7093433817576702,5.515617653367569,0.9230769230769228,1.0966783016484007,1.0966783016484007,1.1880681601191012,True,5.063138977293594,2000,,7000
6,rejection_budget,1,Auto ABC,alpha,parameter,-0.3817660049900639,0.22869180681228785,-0.9853573833905773,-0.3186772480250133,-0.10811676814457538,-0.5,0.11823399500993609,0.11823399500993609,0.08445285357852578,True,0.8772406152460019,5000,,10000
6,rejection_budget,1,Auto ABC,beta,parameter,0.9575440667265815,0.02265920051831587,0.9012676032666075,0.96087482987631,0.9898598085228925,0.95,0.007544066726581589,0.007544066726581589,0.050631320312628104,True,0.08859220525628497,5000,,10000
6,rejection_budget,1,Auto ABC,sigma_eta,parameter,0.34893691977761065,0.09788236388339994,0.16068189904260174,0.3603941295303056,0.49402281148048294,0.3,0.048936919777610666,0.048936919777610666,0.10874871061691259,True,0.3333409124378812,5000,,10000
6,rejection_budget,1,Auto ABC,long_run_log_variance,derived,-9.494504821477253,3.5184711556546198,-16.21213413835537,-9.363741363106802,-3.9376909990156994,-9.999999999999991,0.5054951785227377,0.5054951785227377,0.050549517852273816,True,12.27444313933967,5000,,10000
6,rejection_budget,1,Auto ABC,half_life_days,derived,21.615399173889692,13.769514284023982,6.667886356130287,17.36726594758678,68.00925701704031,13.513407333964874,8.101991839924818,8.101991839924818,0.5995521070071724,True,61.34137066091002,5000,,10000
6,rejection_budget,1,Auto ABC,stationary_log_volatility_variance,derived,2.0081641835148627,1.6448674207212581,0.3827660678980029,1.5701853196099929,6.514415981012698,0.9230769230769228,1.0850872604379398,1.0850872604379398,1.1755111988077684,True,6.131649913114695,5000,,10000
6,rejection_budget,2,Auto ABC,alpha,parameter,-0.3774171011153957,0.2251832263573554,-1.007167902941053,-0.31693585839239824,-0.11084565477604835,-0.5,0.12258289888460427,0.12258289888460427,0.08755921348900306,True,0.8963222481650046,10000,,15000
6,rejection_budget,2,Auto ABC,beta,parameter,0.9575781808207413,0.022161976162584123,0.9012679661376548,0.9616129860404394,0.9886972607160964,0.95,0.007578180820741354,0.007578180820741354,0.05086027396470706,True,0.08742929457844162,10000,,15000
6,rejection_budget,2,Auto ABC,sigma_eta,parameter,0.34837857676447426,0.09787369850734422,0.15234316067946205,0.3564042592447838,0.491783980903715,0.3,0.04837857676447427,0.04837857676447427,0.10750794836549837,True,0.3394408202242529,10000,,15000
6,rejection_budget,2,Auto ABC,long_run_log_variance,derived,-9.424005880809975,3.612482164655207,-16.306449242968107,-9.239518338964803,-3.505622981112548,-9.999999999999991,0.5759941191900158,0.5759941191900158,0.05759941191900163,True,12.800826261855558,10000,,15000
6,rejection_budget,2,Auto ABC,half_life_days,derived,21.33373456274509,13.043828832236349,6.667912181768939,17.707979713820254,60.97836206521268,13.513407333964874,7.820327228780215,7.820327228780215,0.5787087620103365,True,54.31044988344374,10000,,15000
6,rejection_budget,2,Auto ABC,stationary_log_volatility_variance,derived,1.975099372276926,1.5576668474309567,0.314807757020421,1.5220172082832637,5.695115490367465,0.9230769230769228,1.052022449200003,1.052022449200003,1.139690986633337,True,5.380307733347045,10000,,15000
6,rejection_budget,3,Auto ABC,alpha,parameter,-0.39268848355458674,0.23830295331353732,-1.0287560479424491,-0.3292469459170866,-0.1151094933053598,-0.5,0.10731151644541326,0.10731151644541326,0.07665108317529519,True,0.9136465546370893,20000,,25000
6,rejection_budget,3,Auto ABC,beta,parameter,0.9569265245019326,0.022432726218880702,0.9012258678887622,0.9609383227027963,0.9886972607160964,0.95,0.006926524501932652,0.006926524501932652,0.04648674162370906,True,0.08747139282733418,20000,,25000
6,rejection_budget,3,Auto ABC,sigma_eta,parameter,0.34847521693642136,0.09937037162098987,0.15234316067946205,0.3559554229616832,0.4928156447772341,0.3,0.04847521693642137,0.04847521693642137,0.1077227043031586,True,0.3404724840977721,20000,,25000
6,rejection_budget,3,Auto ABC,long_run_log_variance,derived,-9.590459541949166,3.6795492202792186,-16.617732770570097,-9.36139744918142,-3.6354492512462797,-9.999999999999991,0.4095404580508255,0.4095404580508255,0.040954045805082585,True,12.982283519323817,20000,,25000
6,rejection_budget,3,Auto ABC,half_life_days,derived,21.249713184894617,14.059143427798753,6.664917301843137,17.39606648208826,60.97836206521268,13.513407333964874,7.736305850929742,7.736305850929742,0.5724911311956943,True,54.31344476336954,20000,,25000
6,rejection_budget,3,Auto ABC,stationary_log_volatility_variance,derived,1.9938101288806775,1.7562099666905733,0.30274684729353096,1.5198686437976832,6.260774117911435,0.9230769230769228,1.0707332058037546,1.0707332058037546,1.1599609729540679,True,5.958027270617904,20000,,25000
6,rejection_budget,0,Wasserstein ABC,alpha,parameter,-0.9948655868820762,0.3220661906158477,-1.4396320650573657,-1.0333333616711016,-0.24083900325225294,-0.5,-0.49486558688207616,0.49486558688207616,0.353475419201483,True,1.1987930618051128,2000,,2000
6,rejection_budget,0,Wasserstein ABC,beta,parameter,0.8990327363917464,0.032918290268445796,0.8558026595628768,0.8964941115939905,0.9770551404046756,0.95,-0.050967263608253544,0.050967263608253544,0.3420621718674734,True,0.12125248084179874,2000,,2000
6,rejection_budget,0,Wasserstein ABC,sigma_eta,parameter,0.29379121451058926,0.12020349481645236,0.07755715970121549,0.3286086554474584,0.47262721278647335,0.3,-0.006208785489410729,0.006208785489410729,0.013797301087579397,True,0.3950700530852579,2000,,2000
6,rejection_budget,0,Wasserstein ABC,long_run_log_variance,derived,-9.875043862619972,0.3196386506413837,-10.438352577896769,-9.866328464120645,-9.376134779202292,-9.999999999999991,0.12495613738001943,0.12495613738001943,0.012495613738001954,True,1.0622177986944763,2000,,2000
6,rejection_budget,0,Wasserstein ABC,half_life_days,derived,8.034268816033919,5.536400309122249,4.4513701337731355,6.343809569385189,29.861343514150047,13.513407333964874,-5.479138517930956,5.479138517930956,0.4054594361378849,True,25.40997338037691,2000,,2000
6,rejection_budget,0,Wasserstein ABC,stationary_log_volatility_variance,derived,0.6346054932377305,0.5506444744969456,0.024368458981896074,0.5492486665998257,2.0615986888472917,0.9230769230769228,-0.2884714298391923,0.2884714298391923,0.3125107156591251,True,2.0372302298653957,2000,,2000
6,rejection_budget,1,Wasserstein ABC,alpha,parameter,-1.0154084513776596,0.31590441714042494,-1.4396320650573657,-1.0917578293827617,-0.29224046593441044,-0.5,-0.5154084513776596,0.5154084513776596,0.36814889384118543,True,1.1473915991229553,5000,,5000
6,rejection_budget,1,Wasserstein ABC,beta,parameter,0.896754826416208,0.032519682325853186,0.8532130587421991,0.8894290318027962,0.9696143911475946,0.95,-0.053245173583791994,0.053245173583791994,0.3573501582804831,True,0.11640133240539552,5000,,5000
6,rejection_budget,1,Wasserstein ABC,sigma_eta,parameter,0.28392639366833927,0.12653370333046465,0.07069938190716986,0.2970182176412589,0.48327106539057163,0.3,-0.016073606331660717,0.016073606331660717,0.03571912518146826,True,0.4125716834834018,5000,,5000
6,rejection_budget,1,Wasserstein ABC,long_run_log_variance,derived,-9.857580393575745,0.30173398045289673,-10.426631783040646,-9.827108914681288,-9.368318547733505,-9.999999999999991,0.14241960642424623,0.14241960642424623,0.014241960642424636,True,1.058313235307141,5000,,5000
6,rejection_budget,1,Wasserstein ABC,half_life_days,derived,7.607829388832652,4.606710774101851,4.366391832062124,5.91545868384125,22.463337071550267,13.513407333964874,-5.905577945132222,5.905577945132222,0.43701620170132977,True,18.096945239488143,5000,,5000
6,rejection_budget,1,Wasserstein ABC,stationary_log_volatility_variance,derived,0.5718709984937038,0.4887393314236367,0.020415195192665627,0.5311454939468667,1.906228752120442,0.9230769230769228,-0.351205924583219,0.351205924583219,0.38047308496515403,True,1.8858135569277763,5000,,5000
6,rejection_budget,2,Wasserstein ABC,alpha,parameter,-1.0126268626808774,0.31863923223147084,-1.4515721521394649,-1.074036040580382,-0.3078915425105637,-0.5,-0.5126268626808774,0.5126268626808774,0.36616204477205533,True,1.1436806096289012,10000,,10000
6,rejection_budget,2,Wasserstein ABC,beta,parameter,0.896912521671105,0.03272851676301247,0.8533264506732079,0.8905675741268961,0.967655389825391,0.95,-0.05308747832889493,0.05308747832889493,0.3562918008650666,True,0.11432893915218312,10000,,10000
6,rejection_budget,2,Wasserstein ABC,sigma_eta,parameter,0.2731961019316839,0.12571045564015473,0.0706824545357482,0.2798935394950167,0.48327106539057163,0.3,-0.026803898068316068,0.026803898068316068,0.05956421792959126,True,0.41258861085482346,10000,,10000
6,rejection_budget,2,Wasserstein ABC,long_run_log_variance,derived,-9.84206792228509,0.3002622595335938,-10.429063993903108,-9.825590181604058,-9.348538679968346,-9.999999999999991,0.1579320777149018,0.1579320777149018,0.015793207771490195,True,1.0805253139347624,10000,,10000
6,rejection_budget,2,Wasserstein ABC,half_life_days,derived,7.5964261584779615,4.546543382338055,4.370050133301398,5.9807535341097475,21.081594802419982,13.513407333964874,-5.916981175486913,5.916981175486913,0.4378600473779142,True,16.711544669118584,10000,,10000
6,rejection_budget,2,Wasserstein ABC,stationary_log_volatility_variance,derived,0.5270827738005033,0.4787483353596892,0.02223696117379458,0.41923936019107944,1.8253489213526513,0.9230769230769228,-0.3959941492764195,0.3959941492764195,0.4289936617161213,True,1.8031119601788568,10000,,10000
6,rejection_budget,3,Wasserstein ABC,alpha,parameter,-0.9988166022272389,0.32834815671597434,-1.4555455017844865,-1.0466410789974718,-0.29205270086640867,-0.5,-0.4988166022272389,0.4988166022272389,0.35629757301945636,True,1.1634928009180778,20000,,20000
6,rejection_budget,3,Wasserstein ABC,beta,parameter,0.8983820785094243,0.03360175909286101,0.852784450460049,0.8924019244851108,0.9701837081755045,0.95,-0.05161792149057565,0.05161792149057565,0.34642900329245396,True,0.11739925771545545,20000,,20000
6,rejection_budget,3,Wasserstein ABC,sigma_eta,parameter,0.2765805930220942,0.12631703432121286,0.06815591168609046,0.2808289978318853,0.48600909741229026,0.3,-0.023419406977905788,0.023419406977905788,0.052043126617568415,True,0.4178531857261998,20000,,20000
6,rejection_budget,3,Wasserstein ABC,long_run_log_variance,derived,-9.844045508148142,0.3065988529579807,-10.421663207299016,-9.834248072895846,-9.327816399554823,-9.999999999999991,0.1559544918518494,0.1559544918518494,0.015595449185184953,True,1.0938468077441925,20000,,20000
6,rejection_budget,3,Wasserstein ABC,half_life_days,derived,7.871596248762178,5.1301877298889895,4.352614674107323,6.088855764616706,22.898941077109562,13.513407333964874,-5.641811085202696,5.641811085202696,0.41749730070094554,True,18.54632640300224,20000,,20000
6,rejection_budget,3,Wasserstein ABC,stationary_log_volatility_variance,derived,0.5392665542694384,0.48294653351159444,0.024338815530233957,0.43064153417234824,1.8259015791290114,0.9230769230769228,-0.3838103688074844,0.3838103688074844,0.41579456620810823,True,1.8015627635987774,20000,,20000
7,rejection_budget,0,Manual ABC,alpha,parameter,-0.8466547412014092,0.3659344718641144,-1.451362957846347,-0.8291249071545254,-0.2537491660773452,-0.5,-0.34665474120140916,0.34665474120140916,0.24761052942957798,True,1.1976137917690017,2000,,2000
7,rejection_budget,0,Manual ABC,beta,parameter,0.9236118230723127,0.031295483024770455,0.8725993096811826,0.9227542755917187,0.9806692145107658,0.95,-0.026388176927687246,0.026388176927687246,0.17710185857508215,True,0.10806990482958323,2000,,2000
7,rejection_budget,0,Manual ABC,sigma_eta,parameter,0.33084672887967304,0.09336435846593677,0.16257278757299196,0.3415461499273577,0.4854054594521595,0.3,0.030846728879673047,0.030846728879673047,0.06854828639927343,True,0.32283267187916753,2000,,2000
7,rejection_budget,0,Manual ABC,long_run_log_variance,derived,-11.180832412966518,2.2674911340337744,-14.78233115546499,-11.253454460445262,-7.189485248043395,-9.999999999999991,-1.1808324129665273,1.1808324129665273,0.11808324129665283,True,7.592845907421594,2000,,2000
7,rejection_budget,0,Manual ABC,half_life_days,derived,11.4098280525079,8.642079315642567,5.08624329504125,8.622058952731345,35.509464705321776,13.513407333964874,-2.103579281456975,2.103579281456975,0.1556660899408986,True,30.423221410280526,2000,,2000
7,rejection_budget,0,Manual ABC,stationary_log_volatility_variance,derived,0.8058265855313189,0.2852738092129865,0.3412547718373642,0.7747494428830287,1.5145347860756124,0.9230769230769228,-0.11725033754560388,0.11725033754560388,0.12702119900773756,True,1.1732800142382482,2000,,2000
7,rejection_budget,1,Manual ABC,alpha,parameter,-0.810745848237594,0.3385843923236298,-1.4072181920025921,-0.7921418410090821,-0.22484479719779427,-0.5,-0.310745848237594,0.310745848237594,0.22196132016971,True,1.1823733948047979,5000,,5000
7,rejection_budget,1,Manual ABC,beta,parameter,0.9246477715666067,0.031669544219032134,0.8640582592479155,0.9279352315564005,0.9807546954132965,0.95,-0.025352228433393242,0.025352228433393242,0.17014918411673316,True,0.11669643616538106,5000,,5000
7,rejection_budget,1,Manual ABC,sigma_eta,parameter,0.32426023562420575,0.08905415394658031,0.15597838167990277,0.3290915487290452,0.4854054594521595,0.3,0.02426023562420576,0.02426023562420576,0.05391163472045725,True,0.32942707777225677,5000,,5000
7,rejection_budget,1,Manual ABC,long_run_log_variance,derived,-10.991958901897137,2.2559111912068035,-14.777302543645034,-10.842504881425928,-7.227188009651818,-9.999999999999991,-0.9919589018971458,0.9919589018971458,0.09919589018971467,True,7.550114533993216,5000,,5000
7,rejection_budget,1,Manual ABC,half_life_days,derived,11.499593330152361,8.188063145374882,4.743844149674194,9.267498416973577,35.668734711887936,13.513407333964874,-2.013814003812513,2.013814003812513,0.14902340720174634,True,30.92489056221374,5000,,5000
7,rejection_budget,1,Manual ABC,stationary_log_volatility_variance,derived,0.7858042777478746,0.2707800582841615,0.3412547718373642,0.7425498879567265,1.4204481624165612,0.9230769230769228,-0.13727264532904815,0.13727264532904815,0.14871203243980222,True,1.079193390579197,5000,,5000
7,rejection_budget,2,Manual ABC,alpha,parameter,-0.8416023950458257,0.34305725278811583,-1.4265686945634681,-0.8530307279548043,-0.21371292789086316,-0.5,-0.3416023950458257,0.3416023950458257,0.24400171074701835,True,1.212855766672605,10000,,10000
7,rejection_budget,2,Manual ABC,beta,parameter,0.9216975989445675,0.0317765592832277,0.8616674751793592,0.9215189090870799,0.9800095769643611,0.95,-0.02830240105543247,0.02830240105543247,0.18994900037202997,True,0.11834210178500193,10000,,10000
7,rejection_budget,2,Manual ABC,sigma_eta,parameter,0.33014666035839835,0.08558583397350053,0.16257278757299196,0.332057818991854,0.4855254578782936,0.3,0.03014666035839836,0.03014666035839836,0.06699257857421857,True,0.3229526703053016,10000,,10000
7,rejection_budget,2,Manual ABC,long_run_log_variance,derived,-10.9184552536318,2.231020736000883,-14.82785353162761,-10.750669890004467,-7.227188009651818,-9.999999999999991,-0.9184552536318087,0.9184552536318087,0.09184552536318095,True,7.600665521975793,10000,,10000
7,rejection_budget,2,Manual ABC,half_life_days,derived,10.915217319934925,7.471626180823607,4.655561397962978,8.480733759798829,34.32622262118372,13.513407333964874,-2.5981900140299494,2.5981900140299494,0.19226757173963116,True,29.67066122322074,10000,,10000
7,rejection_budget,2,Manual ABC,stationary_log_volatility_variance,derived,0.7859045707226388,0.2645258349430382,0.3489887585959634,0.7534302684241851,1.399659686344049,0.9230769230769228,-0.13717235235428404,0.13717235235428404,0.1486033817171411,True,1.0506709277480855,10000,,10000
7,rejection_budget,3,Manual ABC,alpha,parameter,-0.8502683563370705,0.3378104902473846,-1.4430565387572456,-0.8562652570895322,-0.2338351984993874,-0.5,-0.35026835633707054,0.35026835633707054,0.25019168309790757,True,1.2092213402578582,20000,,20000
7,rejection_budget,3,Manual ABC,beta,parameter,0.9211946666554924,0.030485548026128628,0.8632521070897212,0.9212001963156381,0.9761032410957656,0.95,-0.028805333344507522,0.028805333344507522,0.19332438486246656,True,0.1128511340060444,20000,,20000
7,rejection_budget,3,Manual ABC,sigma_eta,parameter,0.3326837609581481,0.08230015267559092,0.1684029315500913,0.33785515066682964,0.48054048807377137,0.3,0.03268376095814812,0.03268376095814812,0.07263057990699583,True,0.31213755652368,20000,,20000
7,rejection_budget,3,Manual ABC,long_run_log_variance,derived,-10.928903802122331,2.225541906142906,-14.82785353162761,-10.821975094158509,-7.260312820241453,-9.999999999999991,-0.9289038021223401,0.9289038021223401,0.0928903802122341,True,7.567540711386157,20000,,20000
7,rejection_budget,3,Manual ABC,half_life_days,derived,10.599899012858382,7.034175606444365,4.713731672954941,8.444991868287621,28.65793692563533,13.513407333964874,-2.9135083211064927,2.9135083211064927,0.21560130980316278,True,23.94420525268039,20000,,20000
7,rejection_budget,3,Manual ABC,stationary_log_volatility_variance,derived,0.7882553701878278,0.2549006576262854,0.3686960909911305,0.754893881294012,1.3646492307600744,0.9230769230769228,-0.13482155288909503,0.13482155288909503,0.14605668229651966,True,0.9959531397689438,20000,,20000
7,rejection_budget,0,Auto ABC,alpha,parameter,-0.3978319130710777,0.2345281814706743,-1.0536632543696653,-0.32710448782766455,-0.12856457737235583,-0.5,0.10216808692892232,0.10216808692892232,0.07297720494923023,True,0.9250986769973095,2000,,7000
7,rejection_budget,0,Auto ABC,beta,parameter,0.9553452918788101,0.021939959271769,0.9067281653595104,0.9551753922847964,0.9903121228384824,0.95,0.0053452918788101655,0.0053452918788101655,0.035874442139665536,True,0.08358395747897196,2000,,7000
7,rejection_budget,0,Auto ABC,sigma_eta,parameter,0.3316257668936329,0.10559198632340747,0.1242303887063586,0.32943548661824573,0.4952915708150259,0.3,0.03162576689363289,0.03162576689363289,0.07027948198585086,True,0.3710611821086673,2000,,7000
7,rejection_budget,0,Auto ABC,long_run_log_variance,derived,-9.445102092095999,3.6344413310056143,-15.932450747052304,-9.21918244726495,-3.4264061009032876,-9.999999999999991,0.5548979079039924,0.5548979079039924,0.05548979079039929,True,12.506044646149016,2000,,7000
7,rejection_budget,0,Auto ABC,half_life_days,derived,20.49136969284661,15.230346024987437,7.079245301514036,15.114318984085163,71.20075523170264,13.513407333964874,6.9779623588817365,6.9779623588817365,0.5163732718500377,True,64.12150993018861,2000,,7000
7,rejection_budget,0,Auto ABC,stationary_log_volatility_variance,derived,1.7690581212102023,2.13995859703533,0.3686960909911305,1.306345052847397,12.207730954907534,0.9230769230769228,0.8459811981332795,0.8459811981332795,0.9164796313110531,True,11.839034863916403,2000,,7000
7,rejection_budget,1,Auto ABC,alpha,parameter,-0.4138740167857917,0.24615661900603641,-1.0719127277162124,-0.34887663170469185,-0.12481944651524701,-0.5,0.08612598321420828,0.08612598321420828,0.061518559438720206,True,0.9470932812009654,5000,,10000
7,rejection_budget,1,Auto ABC,beta,parameter,0.9571838844326122,0.020860473251347895,0.8990123476634311,0.9582458296892294,0.9887787181484211,0.95,0.0071838844326121976,0.0071838844326121976,0.048213989480618766,True,0.08976637048499003,5000,,10000
7,rejection_budget,1,Auto ABC,sigma_eta,parameter,0.3315601605638075,0.10143968803239499,0.14877795153807502,0.33518828713080606,0.49287387499184676,0.3,0.031560160563807504,0.031560160563807504,0.07013369014179445,True,0.3440959234537717,5000,,10000
7,rejection_budget,1,Auto ABC,long_run_log_variance,derived,-9.98564312784051,3.561763379208456,-16.17019723204268,-9.95517626131644,-3.689921053952668,-9.999999999999991,0.014356872159481782,0.014356872159481782,0.0014356872159481794,True,12.48027617809001,5000,,10000
7,rejection_budget,1,Auto ABC,half_life_days,derived,20.91047875979728,13.818564049368506,6.510960771451829,16.251632345945044,61.423541033628084,13.513407333964874,7.397071425832404,7.397071425832404,0.5473875864927459,True,54.912580262176256,5000,,10000
7,rejection_budget,1,Auto ABC,stationary_log_volatility_variance,derived,1.7572351548370246,1.6760381766391872,0.2596046136695886,1.3549386929515725,5.502942660535366,0.9230769230769228,0.8341582317601018,0.8341582317601018,0.9036714177401106,True,5.2433380468657775,5000,,10000
7,rejection_budget,2,Auto ABC,alpha,parameter,-0.3990758789778339,0.2396088928732658,-1.0267573005856747,-0.3405380102823179,-0.11573795707959622,-0.5,0.10092412102216608,0.10092412102216608,0.07208865787297578,True,0.9110193435060785,10000,,15000
7,rejection_budget,2,Auto ABC,beta,parameter,0.9581184303917252,0.021267465307827558,0.9097606113364386,0.9616933092909681,0.9895455715787721,0.95,0.008118430391725218,0.008118430391725218,0.05448611001157863,True,0.0797849602423335,10000,,15000
7,rejection_budget,2,Auto ABC,sigma_eta,parameter,0.34775720869415977,0.10056517569143894,0.14877795153807502,0.35695755400428536,0.49440240729801005,0.3,0.04775720869415978,0.04775720869415978,0.10612713043146618,True,0.34562445575993506,10000,,15000
7,rejection_budget,2,Auto ABC,long_run_log_variance,derived,-9.962588047462432,3.6166653056656703,-16.366750732317797,-9.96093326108141,-3.8241792279261064,-9.999999999999991,0.03741195253755869,0.03741195253755869,0.0037411952537558723,True,12.542571504391692,10000,,15000
7,rejection_budget,2,Auto ABC,half_life_days,derived,21.917302614819064,14.600947262715241,7.329168731857889,17.745846905958718,65.95459623754896,13.513407333964874,8.40389528085419,8.40389528085419,0.621893137175823,True,58.625427505691064,10000,,15000
7,rejection_budget,2,Auto ABC,stationary_log_volatility_variance,derived,2.032153863942197,1.7747545514437333,0.31728592776808995,1.5748596393731737,6.677718940012043,0.9230769230769228,1.109076940865274,1.109076940865274,1.201500019270714,True,6.360433012243953,10000,,15000
7,rejection_budget,3,Auto ABC,alpha,parameter,-0.4034396073288119,0.24208066252675248,-1.066096444936918,-0.34457283915766657,-0.11573795707959622,-0.5,0.0965603926711881,0.0965603926711881,0.06897170905084865,True,0.9503584878573217,20000,,25000
7,rejection_budget,3,Auto ABC,beta,parameter,0.9564549062944615,0.02212811178283866,0.8996117193467986,0.9596723753777012,0.9891637294226421,0.95,0.006454906294461549,0.006454906294461549,0.04332151875477549,True,0.08955201007584346,20000,,25000
7,rejection_budget,3,Auto ABC,sigma_eta,parameter,0.34983632155041067,0.0978783945803893,0.15176807992155,0.3584925645144231,0.49351783651690284,0.3,0.04983632155041068,0.04983632155041068,0.11074738122313484,True,0.34174975659535284,20000,,25000
7,rejection_budget,3,Auto ABC,long_run_log_variance,derived,-9.742711419895393,3.6876127874956635,-16.594023520096016,-9.646178468078151,-3.6286984008528433,-9.999999999999991,0.2572885801045981,0.2572885801045981,0.02572885801045983,True,12.965325119243172,20000,,25000
7,rejection_budget,3,Auto ABC,half_life_days,derived,21.178376886584683,14.346316172412902,6.5519790994763705,16.838948822369254,63.61827076163806,13.513407333964874,7.664969552619809,7.664969552619809,0.5672122036427125,True,57.06629166216169,20000,,25000
7,rejection_budget,3,Auto ABC,stationary_log_volatility_variance,derived,2.0082538231895066,1.783673427822937,0.31728592776808995,1.5390375961967164,6.677718940012043,0.9230769230769228,1.0851769001125837,1.0851769001125837,1.1756083084552993,True,6.360433012243953,20000,,25000
7,rejection_budget,0,Wasserstein ABC,alpha,parameter,-1.0270012992132058,0.3015370151707261,-1.4157605016930264,-1.1266884068219183,-0.3170557441922599,-0.5,-0.5270012992132058,0.5270012992132058,0.3764294994380042,True,1.0987047575007665,2000,,2000
7,rejection_budget,0,Wasserstein ABC,beta,parameter,0.895101802034985,0.03144393691935803,0.8520242081225261,0.8887505170766773,0.9659950213588363,0.95,-0.05489819796501494,0.05489819796501494,0.3684442816443955,True,0.1139708132363102,2000,,2000
7,rejection_budget,0,Wasserstein ABC,sigma_eta,parameter,0.2683126318392645,0.1174407798358078,0.08609061563552747,0.2508727698687178,0.4880086932196219,0.3,-0.031687368160735474,0.031687368160735474,0.07041637369052327,True,0.4019180775840945,2000,,2000
7,rejection_budget,0,Wasserstein ABC,long_run_log_variance,derived,-9.81279413101853,0.2701008920627481,-10.328331028908314,-9.824976451825778,-9.327246809424919,-9.999999999999991,0.18720586898146152,0.18720586898146152,0.01872058689814617,True,1.0010842194833955,2000,,2000
7,rejection_budget,0,Wasserstein ABC,half_life_days,derived,7.29951818119423,3.896687683160045,4.328373373830217,5.877180994504991,20.035125055420217,13.513407333964874,-6.213889152770644,6.213889152770644,0.459831410332206,True,15.70675168159,2000,,2000
7,rejection_budget,0,Wasserstein ABC,stationary_log_volatility_variance,derived,0.47419069699624394,0.4091778831441998,0.03992544689875494,0.34859931174076975,1.4925033460340795,0.9230769230769228,-0.44888622608067885,0.44888622608067885,0.48629341158740225,True,1.4525778991353246,2000,,2000
7,rejection_budget,1,Wasserstein ABC,alpha,parameter,-1.0164779403844308,0.3079450703425269,-1.4400184627144914,-1.069519138288403,-0.3456348661829245,-0.5,-0.5164779403844308,0.5164779403844308,0.3689128145603078,True,1.094383596531567,5000,,5000
7,rejection_budget,1,Wasserstein ABC,beta,parameter,0.8961825230382778,0.03172812382104823,0.8525227955916544,0.8911078421450683,0.9659950213588363,0.95,-0.05381747696172212,0.05381747696172212,0.3611911205484706,True,0.11347222576718186,5000,,5000
7,rejection_budget,1,Wasserstein ABC,sigma_eta,parameter,0.2724755691202633,0.12421076606390692,0.06100401321765562,0.2571881583236491,0.4880086932196219,0.3,-0.027524430879736717,0.027524430879736717,0.06116540195497048,True,0.4270046800019663,5000,,5000
7,rejection_budget,1,Wasserstein ABC,long_run_log_variance,derived,-9.805768124993179,0.3122209944679349,-10.349635487058183,-9.81225312886843,-9.284767277736997,-9.999999999999991,0.19423187500681216,0.19423187500681216,0.019423187500681234,True,1.0648682093211868,5000,,5000
7,rejection_budget,1,Wasserstein ABC,half_life_days,derived,7.46751558583277,4.434159604655117,4.344243332096442,6.012214757823776,20.035125055420217,13.513407333964874,-6.045891748132104,6.045891748132104,0.44739950470790857,True,15.690881723323773,5000,,5000
7,rejection_budget,1,Wasserstein ABC,stationary_log_volatility_variance,derived,0.5052351764953198,0.4445232251035759,0.021376501126845155,0.37719213259055545,1.5166229346634241,0.9230769230769228,-0.417841746581603,0.417841746581603,0.4526618921300701,True,1.495246433536579,5000,,5000
7,rejection_budget,2,Wasserstein ABC,alpha,parameter,-1.0042789602917197,0.3235189885891597,-1.4575956324957573,-1.069519138288403,-0.3169846519177655,-0.5,-0.5042789602917197,0.5042789602917197,0.3601992573512284,True,1.1406109805779918,10000,,10000
7,rejection_budget,2,Wasserstein ABC,beta,parameter,0.8977722940226338,0.03321960697167292,0.852284334387189,0.8911078421450683,0.9682786930996513,0.95,-0.052227705977366146,0.052227705977366146,0.3505215166266184,True,0.11599435871246233,10000,,10000
7,rejection_budget,2,Wasserstein ABC,sigma_eta,parameter,0.27291870740860114,0.12528965412872348,0.06100401321765562,0.2619418591707959,0.48676178757485333,0.3,-0.027081292591398853,0.027081292591398853,0.06018065020310856,True,0.4257577743571977,10000,,10000
7,rejection_budget,2,Wasserstein ABC,long_run_log_variance,derived,-9.84345223864657,0.3294820337208947,-10.434222937455685,-9.837849787594118,-9.28340796981302,-9.999999999999991,0.15654776135342097,0.15654776135342097,0.01565477613534211,True,1.150814967642665,10000,,10000
7,rejection_budget,2,Wasserstein ABC,half_life_days,derived,7.734360950699122,4.675176235169995,4.336639815230124,6.012214757823776,21.502719036486805,13.513407333964874,-5.779046383265753,5.779046383265753,0.42765279255222177,True,17.16607922125668,10000,,10000
7,rejection_budget,2,Wasserstein ABC,stationary_log_volatility_variance,derived,0.5252119274660789,0.47863252730707767,0.02036956882014761,0.3879428730599232,1.6002557259242607,0.9230769230769228,-0.3978649956108439,0.3978649956108439,0.43102041191174767,True,1.5798861571041132,10000,,10000
7,rejection_budget,3,Wasserstein ABC,alpha,parameter,-1.0121405531693641,0.31977025142002724,-1.4570873058518754,-1.075393701480576,-0.3093471673044086,-0.5,-0.5121405531693641,0.5121405531693641,0.36581468083526014,True,1.1477401385474668,20000,,20000
7,rejection_budget,3,Wasserstein ABC,beta,parameter,0.8970092275274661,0.03285265854804451,0.8520242081225261,0.8909993803624736,0.9687311110677288,0.95,-0.05299077247253381,0.05299077247253381,0.35564276827203894,True,0.1167069029452027,20000,,20000
7,rejection_budget,3,Wasserstein ABC,sigma_eta,parameter,0.2787543280369199,0.1253749051491883,0.06816573781354882,0.27018753638650606,0.48831581579312844,0.3,-0.02124567196308008,0.02124567196308008,0.04721260436240018,True,0.4201500779795796,20000,,20000
7,rejection_budget,3,Wasserstein ABC,long_run_log_variance,derived,-9.847230498103059,0.31620326672248084,-10.434222937455685,-9.8426710533484,-9.297252023126672,-9.999999999999991,0.15276950189693217,0.15276950189693217,0.01527695018969323,True,1.1369709143290123,20000,,20000
7,rejection_budget,3,Wasserstein ABC,half_life_days,derived,7.6883627752271355,4.965574320288383,4.328373373830217,6.005873752368417,21.818902276843218,13.513407333964874,-5.825044558737739,5.825044558737739,0.4310566842825016,True,17.490528903013,20000,,20000
7,rejection_budget,3,Wasserstein ABC,stationary_log_volatility_variance,derived,0.5472665983899259,0.5009559279898366,0.021376501126845155,0.41477328570645094,1.737052485641476,0.9230769230769228,-0.37581032468699693,0.37581032468699693,0.4071278517442468,True,1.7156759845146308,20000,,20000
8,rejection_budget,0,Manual ABC,alpha,parameter,-0.8609615040581362,0.3171650261983707,-1.4390557117325222,-0.8983612614917841,-0.32940937250701596,-0.5,-0.3609615040581362,0.3609615040581362,0.2578296457558116,True,1.1096463392255063,2000,,2000
8,rejection_budget,0,Manual ABC,beta,parameter,0.9169043034311692,0.029499589345642407,0.8639052504252256,0.914035584936717,0.9666411433201989,0.95,-0.03309569656883071,0.03309569656883071,0.2221187689183269,True,0.10273589289497331,2000,,2000
8,rejection_budget,0,Manual ABC,sigma_eta,parameter,0.34027629831183703,0.07928915967316974,0.1897703165308578,0.33473706853426777,0.4835843166026664,0.3,0.040276298311837044,0.040276298311837044,0.08950288513741565,True,0.2938140000718086,2000,,2000
8,rejection_budget,0,Manual ABC,long_run_log_variance,derived,-10.486875314837395,2.0701585162222647,-14.51205283150537,-10.249632187962971,-7.186848778941675,-9.999999999999991,-0.48687531483740365,0.48687531483740365,0.04868753148374041,True,7.325204052563695,2000,,2000
8,rejection_budget,0,Manual ABC,half_life_days,derived,9.385357373538087,4.322388497259592,4.7381013825681295,7.711422411717703,20.429971998857127,13.513407333964874,-4.128049960426788,4.128049960426788,0.3054780973005426,True,15.691870616288998,2000,,2000
8,rejection_budget,0,Manual ABC,stationary_log_volatility_variance,derived,0.7744425527654476,0.24029870363409617,0.4159920154525574,0.7500268329868411,1.2249881982875463,0.9230769230769228,-0.1486343703114752,0.1486343703114752,0.16102056783743152,True,0.808996182834989,2000,,2000
8,rejection_budget,1,Manual ABC,alpha,parameter,-0.822061592975079,0.3316962187018105,-1.396866755192532,-0.8303778948861656,-0.23981479310175913,-0.5,-0.32206159297507897,0.32206159297507897,0.23004399498219927,True,1.1570519620907729,5000,,5000
8,rejection_budget,1,Manual ABC,beta,parameter,0.9215468674944338,0.03097467141987775,0.8639052504252256,0.9204484571081948,0.9796116831468453,0.95,-0.028453132505566137,0.028453132505566137,0.19096062084272572,True,0.11570643272161973,5000,,5000
8,rejection_budget,1,Manual ABC,sigma_eta,parameter,0.32226939503676744,0.08297970267233575,0.16138159273745345,0.3257643105661011,0.47319017411251885,0.3,0.022269395036767448,0.022269395036767448,0.04948754452614988,True,0.3118085813750654,5000,,5000
8,rejection_budget,1,Manual ABC,long_run_log_variance,derived,-10.65758282960681,2.1656689933064643,-14.622548077128796,-10.514772775166476,-7.302362138331296,-9.999999999999991,-0.6575828296068185,0.6575828296068185,0.06575828296068191,True,7.3201859387975,5000,,5000
8,rejection_budget,1,Manual ABC,half_life_days,derived,10.785275337989919,6.961265471556913,4.7381013825681295,8.361822166660511,33.649509890100894,13.513407333964874,-2.7281319959749553,2.7281319959749553,0.20188335395751836,True,28.911408507532766,5000,,5000
8,rejection_budget,1,Manual ABC,stationary_log_volatility_variance,derived,0.7469038511383305,0.2460982271520399,0.34580661465568907,0.7118705253429892,1.25329027177875,0.9230769230769228,-0.17617307193859233,0.17617307193859233,0.1908541612668084,True,0.9074836571230609,5000,,5000
8,rejection_budget,2,Manual ABC,alpha,parameter,-0.8165195321276553,0.33626996416201893,-1.4311743003754824,-0.8047699998284668,-0.2040731850191162,-0.5,-0.31651953212765527,0.31651953212765527,0.22608538009118234,True,1.2271011153563662,10000,,10000
8,rejection_budget,2,Manual ABC,beta,parameter,0.9229046243747818,0.031082674906222674,0.8622256321453838,0.9221012300008586,0.9812865824998656,0.95,-0.027095375625218132,0.027095375625218132,0.18184815855851094,True,0.11906095035448172,10000,,10000
8,rejection_budget,2,Manual ABC,sigma_eta,parameter,0.324380508483606,0.08602965552242658,0.14357641387414255,0.32882038697036825,0.48529260095574317,0.3,0.02438050848360601,0.02438050848360601,0.05417890774134669,True,0.3417161870816006,10000,,10000
8,rejection_budget,2,Manual ABC,long_run_log_variance,derived,-10.777832201778082,2.1745678254163807,-14.665788839051714,-10.63011824466862,-7.302362138331296,-9.999999999999991,-0.7778322017780912,0.7778322017780912,0.07778322017780918,True,7.363426700720418,10000,,10000
8,rejection_budget,2,Manual ABC,half_life_days,derived,11.185058942037013,7.840203489418325,4.67589843566525,8.546792775300158,36.6924526128356,13.513407333964874,-2.328348391927861,2.328348391927861,0.1722991348063447,True,32.01655417717035,10000,,10000
8,rejection_budget,2,Manual ABC,stationary_log_volatility_variance,derived,0.7687630408339567,0.2541653687207607,0.35999126065674625,0.7426573499438236,1.3320274984091969,0.9230769230769228,-0.15431388224296605,0.15431388224296605,0.16717337242987995,True,0.9720362377524506,10000,,10000
8,rejection_budget,3,Manual ABC,alpha,parameter,-0.8185176360217209,0.32987702226446264,-1.4311743003754824,-0.7998777706485308,-0.22083975711975912,-0.5,-0.3185176360217209,0.3185176360217209,0.22751259715837208,True,1.2103345432557233,20000,,20000
8,rejection_budget,3,Manual ABC,beta,parameter,0.9228687333171626,0.030625192628814635,0.8616527077808149,0.9225040697935607,0.9793179068458568,0.95,-0.027131266682837385,0.027131266682837385,0.1820890381398482,True,0.11766519906504191,20000,,20000
8,rejection_budget,3,Manual ABC,sigma_eta,parameter,0.3284220224565573,0.08283139706880191,0.16138159273745345,0.3288611784797137,0.4833648865950068,0.3,0.02842202245655734,0.02842202245655734,0.06316004990346075,True,0.32198329385755337,20000,,20000
8,rejection_budget,3,Manual ABC,long_run_log_variance,derived,-10.801098416248164,2.170251228629163,-14.69047154124732,-10.626037481840434,-7.299485736844307,-9.999999999999991,-0.8010984162481734,0.8010984162481734,0.08010984162481741,True,7.390985804403012,20000,,20000
8,rejection_budget,3,Manual ABC,half_life_days,derived,10.987798459550586,7.3652418237014405,4.655025556045576,8.593071893226767,33.166582391738174,13.513407333964874,-2.5256088744142886,2.5256088744142886,0.18689652520622033,True,28.5115568356926,20000,,20000
8,rejection_budget,3,Manual ABC,stationary_log_volatility_variance,derived,0.7869528833114106,0.25262652206863684,0.3724728462411022,0.7627023949304162,1.3193549306998933,0.9230769230769228,-0.13612403976551224,0.13612403976551224,0.14746770974597165,True,0.9468820844587911,20000,,20000
8,rejection_budget,0,Auto ABC,alpha,parameter,-0.3971179239241295,0.21563332215293518,-0.9945617752854206,-0.36963727826063186,-0.11387220901451478,-0.5,0.10288207607587052,0.10288207607587052,0.07348719719705038,True,0.8806895662709058,2000,,7000
8,rejection_budget,0,Auto ABC,beta,parameter,0.959620901390566,0.021683506707793964,0.9084817238052114,0.9666132683968538,0.9931369356315862,0.95,0.009620901390566039,0.009620901390566039,0.0645698079903761,True,0.08465521182637481,2000,,7000
8,rejection_budget,0,Auto ABC,sigma_eta,parameter,0.33707222150302607,0.09852946290917161,0.1358410419556893,0.3376596328706858,0.4957242997877564,0.3,0.03707222150302608,0.03707222150302608,0.08238271445116907,True,0.3598832578320671,2000,,7000
8,rejection_budget,0,Auto ABC,long_run_log_variance,derived,-10.74402519655676,3.8007905561791997,-17.86292699813915,-10.913428627216765,-3.357326903574253,-9.999999999999991,-0.7440251965567697,0.7440251965567697,0.07440251965567704,True,14.5056000945649,2000,,7000
8,rejection_budget,0,Auto ABC,half_life_days,derived,24.376064702875166,19.38029567445343,7.221749428931181,20.412622146859317,100.64977633104071,13.513407333964874,10.862657368910291,10.862657368910291,0.8038429613238895,True,93.42802690210954,2000,,7000
8,rejection_budget,0,Auto ABC,stationary_log_volatility_variance,derived,2.1039218008812814,1.8660619644023306,0.23913453495970016,1.6493361937705036,5.195879196760786,0.9230769230769228,1.1808448778043585,1.1808448778043585,1.2792486176213889,True,4.9567446618010855,2000,,7000
8,rejection_budget,1,Auto ABC,alpha,parameter,-0.36413352095502505,0.19232488618519195,-0.7857315046682867,-0.32771024705200413,-0.11387220901451478,-0.5,0.13586647904497495,0.13586647904497495,0.09704748503212497,True,0.6718592956537719,5000,,10000
8,rejection_budget,1,Auto ABC,beta,parameter,0.9591075723477627,0.020624983350696617,0.9084651778051617,0.9632170339158492,0.9892989269344459,0.95,0.009107572347762716,0.009107572347762716,0.06112464662927996,True,0.0808337491292842,5000,,10000
8,rejection_budget,1,Auto ABC,sigma_eta,parameter,0.34093413065268746,0.09926127234836474,0.14357641387414255,0.3438478325978082,0.48712482532350876,0.3,0.04093413065268747,0.04093413065268747,0.09096473478374993,True,0.3435484114493662,5000,,10000
8,rejection_budget,1,Auto ABC,long_run_log_variance,derived,-9.7515262717176,3.97619769714279,-17.17949764956336,-9.526900712172749,-3.655628847281538,-9.999999999999991,0.24847372828239145,0.24847372828239145,0.024847372828239168,True,13.523868802281822,5000,,10000
8,rejection_budget,1,Auto ABC,half_life_days,derived,22.61133105864704,16.510442538764924,7.220379311633971,18.495505531256768,64.42641937524924,13.513407333964874,9.097923724682165,9.097923724682165,0.6732516455576127,True,57.20604006361527,5000,,10000
8,rejection_budget,1,Auto ABC,stationary_log_volatility_variance,derived,2.027213817248759,1.9714689096100255,0.2896711363482598,1.5376515580876895,6.000462909907993,0.9230769230769228,1.1041368941718361,1.1041368941718361,1.1961483020194894,True,5.710791773559733,5000,,10000
8,rejection_budget,2,Auto ABC,alpha,parameter,-0.37877218610587504,0.21280507451393302,-0.9106794649661754,-0.3286368322778559,-0.11164441093639055,-0.5,0.12122781389412496,0.12122781389412496,0.08659129563866069,True,0.7990350540297848,10000,,15000
8,rejection_budget,2,Auto ABC,beta,parameter,0.9591175632781588,0.02110366235337204,0.9084651778051617,0.9636010154333547,0.9892989269344459,0.95,0.009117563278158825,0.009117563278158825,0.061191699853414924,True,0.0808337491292842,10000,,15000
8,rejection_budget,2,Auto ABC,sigma_eta,parameter,0.34052546450695537,0.10245445300814744,0.1308033004107802,0.34525499958736355,0.49246304911381483,0.3,0.04052546450695538,0.04052546450695538,0.09005658779323417,True,0.36165974870303463,10000,,15000
8,rejection_budget,2,Auto ABC,long_run_log_variance,derived,-9.93255573469721,3.824320718787976,-16.820373159557494,-9.744058852857354,-3.896445476068834,-9.999999999999991,0.06744426530278069,0.06744426530278069,0.006744426530278075,True,12.92392768348866,10000,,15000
8,rejection_budget,2,Auto ABC,half_life_days,derived,22.622760843849015,15.741392206783782,7.220379311633971,18.694320947050915,64.42641937524924,13.513407333964874,9.10935350988414,9.10935350988414,0.6740974563083365,True,57.20604006361527,10000,,15000
8,rejection_budget,2,Auto ABC,stationary_log_volatility_variance,derived,2.010565238350316,1.840129682465578,0.27146387303109504,1.5202377463735932,7.06405925927144,0.9230769230769228,1.0874883152733932,1.0874883152733932,1.1781123415461763,True,6.792595386240345,10000,,15000
8,rejection_budget,3,Auto ABC,alpha,parameter,-0.39958347824586077,0.230111175123165,-0.9945617752854206,-0.34547434821777023,-0.11370739269962304,-0.5,0.10041652175413923,0.10041652175413923,0.07172608696724231,True,0.8808543825857975,20000,,25000
8,rejection_budget,3,Auto ABC,beta,parameter,0.9568184397822233,0.022527021799541396,0.9028828499693335,0.9612059647026239,0.9888496307725041,0.95,0.006818439782223296,0.006818439782223296,0.04576134082029057,True,0.08596678080317055,20000,,25000
8,rejection_budget,3,Auto ABC,sigma_eta,parameter,0.3438491060946153,0.09916490716387014,0.14145419193701858,0.3475922089165039,0.4935176664032122,0.3,0.04384910609461529,0.04384910609461529,0.09744245798803397,True,0.3520634744661936,20000,,25000
8,rejection_budget,3,Auto ABC,long_run_log_variance,derived,-9.865927258718646,3.7179680891783784,-16.667658651586507,-9.678286424760861,-3.896445476068834,-9.999999999999991,0.1340727412813454,0.1340727412813454,0.01340727412813455,True,12.771213175517673,20000,,25000
8,rejection_budget,3,Auto ABC,half_life_days,derived,21.55279362596171,15.075956482012332,6.784753662844743,17.518505810480782,61.816386619326266,13.513407333964874,8.039386291996834,8.039386291996834,0.5949192600588955,True,55.03163295648152,20000,,25000
8,rejection_budget,3,Auto ABC,stationary_log_volatility_variance,derived,1.9648658737521036,1.811211540816401,0.2812231344986417,1.43264521700675,6.723102819625865,0.9230769230769228,1.0417889506751807,1.0417889506751807,1.1286046965647796,True,6.4418796851272235,20000,,25000
8,rejection_budget,0,Wasserstein ABC,alpha,parameter,-0.9409762392257128,0.3292219838183429,-1.4390219035142229,-0.9611786250903976,-0.24402039299913136,-0.5,-0.44097623922571283,0.44097623922571283,0.3149830280183663,True,1.1950015105150915,2000,,2000
8,rejection_budget,0,Wasserstein ABC,beta,parameter,0.9038563726085763,0.0340321240770513,0.8525586725920229,0.9019877218261371,0.9754505018200177,0.95,-0.046143627391423636,0.046143627391423636,0.30968877443908477,True,0.1228918292279948,2000,,2000
8,rejection_budget,0,Wasserstein ABC,sigma_eta,parameter,0.272015945189565,0.12336812483610986,0.06322126777733654,0.27122360783816174,0.4522767840697318,0.3,-0.027984054810434977,0.027984054810434977,0.06218678846763328,True,0.38905551629239526,2000,,2000
8,rejection_budget,0,Wasserstein ABC,long_run_log_variance,derived,-9.809645525418533,0.2961911131435673,-10.349434493278991,-9.79646454058973,-9.358317378689222,-9.999999999999991,0.19035447458145782,0.19035447458145782,0.0190354474581458,True,0.9911171145897697,2000,,2000
8,rejection_budget,0,Wasserstein ABC,half_life_days,derived,8.436603819959071,5.223347692233011,4.345389421168152,6.71951341123318,27.88666887232283,13.513407333964874,-5.076803514005803,5.076803514005803,0.3756864119122393,True,23.54127945115468,2000,,2000
8,rejection_budget,0,Wasserstein ABC,stationary_log_volatility_variance,derived,0.577884680863936,0.5256934648545809,0.019015240219720127,0.45462249844727454,2.07957988168527,0.9230769230769228,-0.34519224221298683,0.34519224221298683,0.37395826239740254,True,2.06056464146555,2000,,2000
8,rejection_budget,1,Wasserstein ABC,alpha,parameter,-0.9495989437517608,0.34415603651956256,-1.4522710426673446,-0.9946486275214356,-0.23981479310175913,-0.5,-0.4495989437517608,0.4495989437517608,0.3211421026798292,True,1.2124562495655855,5000,,5000
8,rejection_budget,1,Wasserstein ABC,beta,parameter,0.9030281321275263,0.035546351946361805,0.8522970646209689,0.8993043619693004,0.9763802149926737,0.95,-0.04697186787247365,0.04697186787247365,0.31524743538572914,True,0.12408315037170481,5000,,5000
8,rejection_budget,1,Wasserstein ABC,sigma_eta,parameter,0.26909833609279843,0.12196522651960938,0.06322126777733654,0.26938291807172765,0.48127612581877066,0.3,-0.03090166390720156,0.03090166390720156,0.06867036423822569,True,0.4180548580414341,5000,,5000
8,rejection_budget,1,Wasserstein ABC,long_run_log_variance,derived,-9.819722261224491,0.2709295073020857,-10.311782059907191,-9.822614985906428,-9.35736189927068,-9.999999999999991,0.18027773877549969,0.18027773877549969,0.018027773877549984,True,0.954420160636511,5000,,5000
8,rejection_budget,1,Wasserstein ABC,half_life_days,derived,8.655136660190632,5.975276674700211,4.337045109497438,6.530883991657064,28.998086775714086,13.513407333964874,-4.858270673774243,4.858270673774243,0.35951485467054384,True,24.661041666216647,5000,,5000
8,rejection_budget,1,Wasserstein ABC,stationary_log_volatility_variance,derived,0.5600301790533996,0.5243091292659827,0.021217155355278284,0.4387470695221182,2.07957988168527,0.9230769230769228,-0.3630467440235232,0.3630467440235232,0.39330063935881693,True,2.0583627263299915,5000,,5000
8,rejection_budget,2,Wasserstein ABC,alpha,parameter,-0.9628551597569325,0.34422448399061556,-1.4533524694860311,-1.0094106919543466,-0.23981479310175913,-0.5,-0.4628551597569325,0.4628551597569325,0.3306108283978089,True,1.213537676384272,10000,,10000
8,rejection_budget,2,Wasserstein ABC,beta,parameter,0.9017985424993449,0.0352969465988695,0.8522970646209689,0.8970119705314968,0.9763802149926737,0.95,-0.048201457500655076,0.048201457500655076,0.3234997147694971,True,0.12408315037170481,10000,,10000
8,rejection_budget,2,Wasserstein ABC,sigma_eta,parameter,0.2675055679700045,0.12919605408364127,0.06027048029483569,0.2616422837617349,0.4927068409100158,0.3,-0.03249443202999547,0.03249443202999547,0.07220984895554548,True,0.43243636061518015,10000,,10000
8,rejection_budget,2,Wasserstein ABC,long_run_log_variance,derived,-9.82188758611905,0.2901166943038979,-10.349434493278991,-9.82339725234271,-9.332263487731778,-9.999999999999991,0.17811241388094068,0.17811241388094068,0.017811241388094083,True,1.0171710055472136,10000,,10000
8,rejection_budget,2,Wasserstein ABC,half_life_days,derived,8.513529285008511,6.130818930969061,4.337045109497438,6.377516163743011,28.998086775714086,13.513407333964874,-4.999878048956363,4.999878048956363,0.3699938827707478,True,24.661041666216647,10000,,10000
8,rejection_budget,2,Wasserstein ABC,stationary_log_volatility_variance,derived,0.5525212830053374,0.5447919156814354,0.01840690075293717,0.37520286431183436,2.171270971810332,0.9230769230769228,-0.37055564007158537,0.37055564007158537,0.4014352767442176,True,2.1528640710573947,10000,,10000
8,rejection_budget,3,Wasserstein ABC,alpha,parameter,-0.967165905073629,0.33891680365607807,-1.4522710426673446,-1.0094106919543466,-0.25053269732204875,-0.5,-0.467165905073629,0.467165905073629,0.3336899321954493,True,1.2017383453452959,20000,,20000
8,rejection_budget,3,Wasserstein ABC,beta,parameter,0.9014101440491411,0.03476690155209923,0.8521818878358579,0.8967103615847352,0.9744248905930483,0.95,-0.04858985595085885,0.04858985595085885,0.32610641577757615,True,0.12224300275719036,20000,,20000
8,rejection_budget,3,Wasserstein ABC,sigma_eta,parameter,0.27074119907450045,0.12800667445414154,0.060687225825958306,0.265987637382083,0.488222979314337,0.3,-0.02925880092549954,0.02925880092549954,0.0650195576122212,True,0.4275357534883787,20000,,20000
8,rejection_budget,3,Wasserstein ABC,long_run_log_variance,derived,-9.82646890788237,0.28470449764899985,-10.363156009826177,-9.824171680785343,-9.34084896842238,-9.999999999999991,0.17353109211762074,0.17353109211762074,0.01735310921176209,True,1.0223070414037974,20000,,20000
8,rejection_budget,3,Wasserstein ABC,half_life_days,derived,8.373939076305671,5.934705799156524,4.333380745284233,6.3578438713686065,26.754343044166397,13.513407333964874,-5.139468257659203,5.139468257659203,0.38032363937861613,True,22.420962298882166,20000,,20000
8,rejection_budget,3,Wasserstein ABC,stationary_log_volatility_variance,derived,0.5489703431968191,0.5222281602791036,0.02056513341555972,0.39604601093256997,2.047227492013137,0.9230769230769228,-0.37410657988010365,0.37410657988010365,0.4052821282034457,True,2.026662358597577,20000,,20000
9,rejection_budget,0,Manual ABC,alpha,parameter,-0.7965916974349243,0.32436150757671217,-1.3899037104308811,-0.8147257849689077,-0.1956097166808295,-0.5,-0.2965916974349243,0.2965916974349243,0.21185121245351737,True,1.1942939937500516,2000,,2000
9,rejection_budget,0,Manual ABC,beta,parameter,0.9255845663888658,0.028815234887995467,0.8663222906860345,0.9256154528739935,0.983019044713595,0.95,-0.024415433611134185,0.024415433611134185,0.1638619705445247,True,0.11669675402756052,2000,,2000
9,rejection_budget,0,Manual ABC,sigma_eta,parameter,0.33293592504643854,0.0816991235634635,0.17804543858225347,0.32945022655216843,0.47502614023812206,0.3,0.03293592504643855,0.03293592504643855,0.07319094454764123,True,0.2969807016558686,2000,,2000
9,rejection_budget,0,Manual ABC,long_run_log_variance,derived,-10.79298728707932,2.0530342464423073,-14.396709147259083,-10.691448821141977,-7.459070842845857,-9.999999999999991,-0.7929872870793293,0.7929872870793293,0.079298728707933,True,6.937638304413226,2000,,2000
9,rejection_budget,0,Manual ABC,half_life_days,derived,11.443121355568781,8.269062447296225,4.830351854626401,8.967391838119024,40.47152939627145,13.513407333964874,-2.070285978396093,2.070285978396093,0.15320236615620947,True,35.64117754164505,2000,,2000
9,rejection_budget,0,Manual ABC,stationary_log_volatility_variance,derived,0.8398984474148335,0.2662244279626905,0.3816640978708057,0.840750102599156,1.3689558103817894,0.9230769230769228,-0.08317847566208925,0.08317847566208925,0.09011001530059672,True,0.9872917125109837,2000,,2000
9,rejection_budget,1,Manual ABC,alpha,parameter,-0.8321909908162772,0.33839418501261,-1.4108679911757185,-0.8433391692641454,-0.21802662708915155,-0.5,-0.33219099081627723,0.33219099081627723,0.23727927915448374,True,1.192841364086567,5000,,5000
9,rejection_budget,1,Manual ABC,beta,parameter,0.9233194381753407,0.030277359518813,0.8658183980505456,0.9234525669897818,0.9821151461665167,0.95,-0.026680561824659277,0.026680561824659277,0.17906417331986088,True,0.11629674811597113,5000,,5000
9,rejection_budget,1,Manual ABC,sigma_eta,parameter,0.333530854904013,0.0883577967964165,0.15903470587432042,0.3387339040678359,0.48442142470980665,0.3,0.03353085490401303,0.03353085490401303,0.07451301089780674,True,0.3253867188354862,5000,,5000
9,rejection_budget,1,Manual ABC,long_run_log_variance,derived,-10.992967073899308,2.2358333323814517,-14.904168164478309,-10.91770397432048,-7.224061099545901,-9.999999999999991,-0.992967073899317,0.992967073899317,0.0992967073899318,True,7.6801070649324075,5000,,5000
9,rejection_budget,1,Manual ABC,half_life_days,derived,11.11916500332217,7.704597630663646,4.810846240073641,8.70395986876411,38.40848382281063,13.513407333964874,-2.3942423306427045,2.3942423306427045,0.1771753245848637,True,33.59763758273699,5000,,5000
9,rejection_budget,1,Manual ABC,stationary_log_volatility_variance,derived,0.8150627053037193,0.2726604044247738,0.3816640978708057,0.784691337234676,1.4008583934539862,0.9230769230769228,-0.10801421777320352,0.10801421777320352,0.1170154025876372,True,1.0191942955831805,5000,,5000
9,rejection_budget,2,Manual ABC,alpha,parameter,-0.8423429196342791,0.3395444529906366,-1.4387878346628227,-0.8549335598743587,-0.22052507280172362,-0.5,-0.3423429196342791,0.3423429196342791,0.24453065688162795,True,1.218262761861099,10000,,10000
9,rejection_budget,2,Manual ABC,beta,parameter,0.9213860656699941,0.030727655782104395,0.864744596970352,0.9200256945671786,0.981731559064899,0.95,-0.028613934330005808,0.028613934330005808,0.19203982771815975,True,0.11698696209454695,10000,,10000
9,rejection_budget,2,Manual ABC,sigma_eta,parameter,0.3321347059908263,0.08581959847189924,0.15671614981467064,0.3390958958304975,0.4770812028205986,0.3,0.032134705990826296,0.032134705990826296,0.07141045775739177,True,0.320365053005928,10000,,10000
9,rejection_budget,2,Manual ABC,long_run_log_variance,derived,-10.877154748524038,2.2354630224183403,-14.700182786363186,-10.767734461497973,-7.221705920110386,-9.999999999999991,-0.8771547485240472,0.8771547485240472,0.0877154748524048,True,7.4784768662528,10000,,10000
9,rejection_budget,2,Manual ABC,half_life_days,derived,10.83988224824227,7.653510253601046,4.769763506127768,8.315735751604935,37.594689571212314,13.513407333964874,-2.673525085722604,2.673525085722604,0.19784241084799623,True,32.82492606508455,10000,,10000
9,rejection_budget,2,Manual ABC,stationary_log_volatility_variance,derived,0.791535302719286,0.27172064216394504,0.3784670096271705,0.7578135544454186,1.4008583934539862,0.9230769230769228,-0.13154162035763683,0.13154162035763683,0.14250342205410663,True,1.0223913838268157,10000,,10000
9,rejection_budget,3,Manual ABC,alpha,parameter,-0.8434612529693089,0.3312881571650889,-1.4422636581351704,-0.8371491186784857,-0.24965245639544387,-0.5,-0.34346125296930885,0.34346125296930885,0.24532946640664918,True,1.1926112017397266,20000,,20000
9,rejection_budget,3,Manual ABC,beta,parameter,0.9212009506969512,0.029968805783604963,0.8642485945251139,0.9208717278144684,0.9767059037619776,0.95,-0.028799049303048774,0.028799049303048774,0.19328221008757562,True,0.1124573092368637,20000,,20000
9,rejection_budget,3,Manual ABC,sigma_eta,parameter,0.3340293705973213,0.08240878104843177,0.16427385978309544,0.33798232576736975,0.4778774034300095,0.3,0.03402937059732131,0.03402937059732131,0.07562082354960291,True,0.31360354364691406,20000,,20000
9,rejection_budget,3,Manual ABC,long_run_log_variance,derived,-10.863003929550544,2.255394087744414,-14.769263693319514,-10.704690512490151,-7.213765980948742,-9.999999999999991,-0.8630039295505529,0.8630039295505529,0.08630039295505537,True,7.555497712370772,20000,,20000
9,rejection_budget,3,Manual ABC,half_life_days,derived,10.548899892673028,7.065545325912344,4.751005896350317,8.408457026637942,29.408410689210754,13.513407333964874,-2.964507441291847,2.964507441291847,0.21937527435000004,True,24.657404792860437,20000,,20000
9,rejection_budget,3,Manual ABC,stationary_log_volatility_variance,derived,0.7940026439433745,0.258300113040601,0.3784670096271705,0.7677522705675761,1.3604307362946668,0.9230769230769228,-0.1290742791335483,0.1290742791335483,0.13983046906134403,True,0.9819637266674963,20000,,20000
9,rejection_budget,0,Auto ABC,alpha,parameter,-0.4284771635859338,0.2563180120786618,-1.0428714395691288,-0.3559744038545838,-0.11579829976009881,-0.5,0.0715228364140662,0.0715228364140662,0.051087740295761574,True,0.92707313980903,2000,,7000
9,rejection_budget,0,Auto ABC,beta,parameter,0.9533182577181619,0.021652075071364782,0.907282897397496,0.9566951198109312,0.9872530921792537,0.95,0.0033182577181619655,0.0033182577181619655,0.02227018602793265,True,0.07997019478175771,2000,,7000
9,rejection_budget,0,Auto ABC,sigma_eta,parameter,0.3370150417902899,0.09570650290550341,0.13679605955594082,0.3338174439753566,0.48791905517451106,0.3,0.037015041790289915,0.037015041790289915,0.08225564842286648,True,0.35112299561857024,2000,,7000
9,rejection_budget,0,Auto ABC,long_run_log_variance,derived,-9.536716728200405,3.6081690551811114,-16.02950731232361,-9.836370197056045,-3.6105056613442166,-9.999999999999991,0.46328327179958606,0.46328327179958606,0.04632832717995865,True,12.419001650979393,2000,,7000
9,rejection_budget,0,Auto ABC,half_life_days,derived,18.9990424339447,11.646717695095704,7.1237435692649775,15.657083351194595,54.03035802153848,13.513407333964874,5.485635099979827,5.485635099979827,0.40594018698689854,True,46.9066144522735,2000,,7000
9,rejection_budget,0,Auto ABC,stationary_log_volatility_variance,derived,1.6760275337150934,1.401520522931479,0.22793095451042952,1.3047715853429305,6.4255145447111435,0.9230769230769228,0.7529506106381706,0.7529506106381706,0.8156964948580184,True,6.197583590200714,2000,,7000
9,rejection_budget,1,Auto ABC,alpha,parameter,-0.3950185453441527,0.2413910127318513,-1.028603499690032,-0.3372663650894323,-0.11149187491458301,-0.5,0.1049814546558473,0.1049814546558473,0.07498675332560521,True,0.9171116247754489,5000,,10000
9,rejection_budget,1,Auto ABC,beta,parameter,0.9562128213993959,0.022111415662757955,0.907282897397496,0.9595799190515563,0.9883314984119247,0.95,0.00621282139939594,0.00621282139939594,0.04169678791540899,True,0.08104860101442868,5000,,10000
9,rejection_budget,1,Auto ABC,sigma_eta,parameter,0.3383751086245056,0.09599542497514937,0.1532843964165796,0.3400635172677853,0.4892742333915927,0.3,0.038375108624505605,0.038375108624505605,0.08527801916556801,True,0.3359898369750131,5000,,10000
9,rejection_budget,1,Auto ABC,long_run_log_variance,derived,-9.454366584185651,3.5378364567077045,-15.724939321938088,-9.576644067380037,-3.696716216070923,-9.999999999999991,0.5456334158143399,0.5456334158143399,0.054563341581434034,True,12.028223105867164,5000,,10000
9,rejection_budget,1,Auto ABC,half_life_days,derived,20.93741845280592,13.605852284596427,7.1237435692649775,16.799627896246314,59.05602103962685,13.513407333964874,7.424011118841047,7.424011118841047,0.5493811394393023,True,51.93227747036187,5000,,10000
9,rejection_budget,1,Auto ABC,stationary_log_volatility_variance,derived,1.870368005010243,1.706526472609615,0.38099580532725563,1.4272975113455786,6.898317216413876,0.9230769230769228,0.9472910819333201,0.9472910819333201,1.0262320054277638,True,6.51732141108662,5000,,10000
9,rejection_budget,2,Auto ABC,alpha,parameter,-0.3835807703665168,0.2340398851590041,-0.9828692930226439,-0.3244316760275774,-0.11375972336790152,-0.5,0.11641922963348322,0.11641922963348322,0.08315659259534516,True,0.8691095696547424,10000,,15000
9,rejection_budget,2,Auto ABC,beta,parameter,0.9578408495888654,0.021588451131416327,0.9092932682808225,0.9623663151701343,0.9883814102314176,0.95,0.00784084958886544,0.00784084958886544,0.052623151603123745,True,0.0790881419505951,10000,,15000
9,rejection_budget,2,Auto ABC,sigma_eta,parameter,0.34349065061864537,0.10018564164670142,0.14906836275556734,0.3519302477499079,0.4930582383243054,0.3,0.04349065061864538,0.04349065061864538,0.09664589026365639,True,0.34398987556873806,10000,,15000
9,rejection_budget,2,Auto ABC,long_run_log_variance,derived,-9.535125610218955,3.5213405722716278,-16.068118072372364,-9.48176600246387,-3.774136863140443,-9.999999999999991,0.4648743897810359,0.4648743897810359,0.04648743897810363,True,12.293981209231921,10000,,15000
9,rejection_budget,2,Auto ABC,half_life_days,derived,21.81870907465881,14.187331919050257,7.289563639808728,18.06947570849579,59.31121201967587,13.513407333964874,8.305301740693935,8.305301740693935,0.6145971578773637,True,52.021648379867145,10000,,15000
9,rejection_budget,2,Auto ABC,stationary_log_volatility_variance,derived,2.02289123362052,1.8888766804109296,0.3409512548108486,1.5263826817758004,7.350859111994688,0.9230769230769228,1.099814310543597,1.099814310543597,1.191465503088897,True,7.00990785718384,10000,,15000
9,rejection_budget,3,Auto ABC,alpha,parameter,-0.394307730183193,0.23547499241906145,-0.9594502580666553,-0.3362185294289135,-0.11579829976009881,-0.5,0.10569226981680702,0.10569226981680702,0.07549447844057644,True,0.8436519583065565,20000,,25000
9,rejection_budget,3,Auto ABC,beta,parameter,0.9567828700975513,0.02194546416129328,0.9064045839067832,0.9604419852052049,0.9880605450532373,0.95,0.006782870097551297,0.006782870097551297,0.04552261810437111,True,0.08165596114645401,20000,,25000
9,rejection_budget,3,Auto ABC,sigma_eta,parameter,0.3480223284770639,0.0986417911794323,0.14778104052620333,0.35637305464711605,0.49345554303516453,0.3,0.04802232847706389,0.04802232847706389,0.10671628550458642,True,0.3456745025089612,20000,,25000
9,rejection_budget,3,Auto ABC,long_run_log_variance,derived,-9.531889561124283,3.4947122102103556,-16.068118072372364,-9.437973496749075,-3.769337272269389,-9.999999999999991,0.46811043887570847,0.46811043887570847,0.04681104388757089,True,12.298780800102975,20000,,25000
9,rejection_budget,3,Auto ABC,half_life_days,derived,21.097010168568346,13.455151603796208,7.05353233523833,17.173389475844292,57.707910477551344,13.513407333964874,7.583602834603472,7.583602834603472,0.5611910191993317,True,50.654378142313014,20000,,25000
9,rejection_budget,3,Auto ABC,stationary_log_volatility_variance,derived,1.9940394975834264,1.7386252384026597,0.3376674490080227,1.5448569383163668,6.716621738449101,0.9230769230769228,1.0709625745065035,1.0709625745065035,1.160209455715379,True,6.3789542894410785,20000,,25000
9,rejection_budget,0,Wasserstein ABC,alpha,parameter,-0.9850836559249395,0.31869197012479594,-1.4013256087354775,-1.0325291164835186,-0.3109201679203488,-0.5,-0.4850836559249395,0.4850836559249395,0.3464883256606711,True,1.0904054408151287,2000,,2000
9,rejection_budget,0,Wasserstein ABC,beta,parameter,0.899445114067692,0.0333676734218953,0.8523565474331356,0.8968583242903059,0.9689550303089421,0.95,-0.05055488593230795,0.05055488593230795,0.33929453645844254,True,0.11659848287580654,2000,,2000
9,rejection_budget,0,Wasserstein ABC,sigma_eta,parameter,0.2681010282630411,0.13008299028621143,0.06854397920585184,0.2764464159844503,0.49138876405644766,0.3,-0.03189897173695888,0.03189897173695888,0.07088660385990862,True,0.42284478485059585,2000,,2000
9,rejection_budget,0,Wasserstein ABC,long_run_log_variance,derived,-9.828097258229432,0.3443719875861176,-10.511288002773549,-9.80757544119015,-9.3166765028391,-9.999999999999991,0.17190274177055898,0.17190274177055898,0.017190274177055914,True,1.1946114999344495,2000,,2000
9,rejection_budget,0,Wasserstein ABC,half_life_days,derived,7.923391589900364,5.127635228309709,4.338939796377016,6.367480303248438,21.978802637601717,13.513407333964874,-5.590015744064511,5.590015744064511,0.413664415340641,True,17.6398628412247,2000,,2000
9,rejection_budget,0,Wasserstein ABC,stationary_log_volatility_variance,derived,0.5448892016838464,0.5466411233688303,0.02605500532549728,0.37048208684516704,2.2458784722096397,0.9230769230769228,-0.37818772139307644,0.37818772139307644,0.4097033648424996,True,2.2198234668841423,2000,,2000
9,rejection_budget,1,Wasserstein ABC,alpha,parameter,-0.9873155429559721,0.309852807773616,-1.4430620399433531,-1.022206278173293,-0.32172597205342957,-0.5,-0.4873155429559721,0.4873155429559721,0.34808253068283723,True,1.1213360678899236,5000,,5000
9,rejection_budget,1,Wasserstein ABC,beta,parameter,0.8991476130433019,0.03223324438435325,0.8536736003021987,0.893938955734958,0.9664723519663916,0.95,-0.050852386956698026,0.050852386956698026,0.34129118762884575,True,0.11279875166419284,5000,,5000
9,rejection_budget,1,Wasserstein ABC,sigma_eta,parameter,0.2836441426398648,0.1283823988715135,0.06854397920585184,0.2816146981689617,0.4910907210149222,0.3,-0.016355857360135173,0.016355857360135173,0.036346349689189275,True,0.42254674180907037,5000,,5000
9,rejection_budget,1,Wasserstein ABC,long_run_log_variance,derived,-9.820180839883982,0.31925516099342516,-10.419390697542829,-9.794694742353002,-9.327515783009508,-9.999999999999991,0.1798191601160095,0.1798191601160095,0.017981916011600967,True,1.0918749145333209,5000,,5000
9,rejection_budget,1,Wasserstein ABC,half_life_days,derived,7.778260394134756,4.622850869176838,4.381285200018465,6.182312289363842,20.325354752365413,13.513407333964874,-5.735146939830118,5.735146939830118,0.4244042082129266,True,15.94406955234695,5000,,5000
9,rejection_budget,1,Wasserstein ABC,stationary_log_volatility_variance,derived,0.570118136656484,0.5122672603438752,0.02605500532549728,0.45478535583346485,1.9239757829936022,0.9230769230769228,-0.35295878642043876,0.35295878642043876,0.3823720186221421,True,1.8979207776681049,5000,,5000
9,rejection_budget,2,Wasserstein ABC,alpha,parameter,-0.9762870673261506,0.3282863957357399,-1.4566279562000088,-1.0195616706677573,-0.2974663202930492,-0.5,-0.47628706732615056,0.47628706732615056,0.34020504809010754,True,1.1591616359069596,10000,,10000
9,rejection_budget,2,Wasserstein ABC,beta,parameter,0.9005154162190989,0.03379755112670551,0.851444371041419,0.8962928235924843,0.9705776179662473,0.95,-0.04948458378090104,0.04948458378090104,0.33211130054295995,True,0.1191332469248283,10000,,10000
9,rejection_budget,2,Wasserstein ABC,sigma_eta,parameter,0.2781551443877246,0.13116234897052675,0.06581183756592698,0.27597600439022624,0.4926652801385118,0.3,-0.021844855612275393,0.021844855612275393,0.048544123582834206,True,0.42685344257258484,10000,,10000
9,rejection_budget,2,Wasserstein ABC,long_run_log_variance,derived,-9.836577977684211,0.31894202440471814,-10.426947007055636,-9.82539824970815,-9.315118708942975,-9.999999999999991,0.16342202231578007,0.16342202231578007,0.01634220223157802,True,1.1118282981126608,10000,,10000
9,rejection_budget,2,Wasserstein ABC,half_life_days,derived,8.147363229681197,5.646548757876201,4.310050924565045,6.330798817467374,23.210201205007195,13.513407333964874,-5.366044104283677,5.366044104283677,0.3970903837699432,True,18.900150280442148,10000,,10000
9,rejection_budget,2,Wasserstein ABC,stationary_log_volatility_variance,derived,0.5664414777792103,0.5268078286358241,0.023220528086703173,0.41842159935641887,1.99551413997506,0.9230769230769228,-0.3566354452977125,0.3566354452977125,0.38635506573918865,True,1.9722936118883567,10000,,10000
9,rejection_budget,3,Wasserstein ABC,alpha,parameter,-0.9844246665709133,0.3378559245774042,-1.4627117173245159,-1.0358885138578726,-0.28251590074536104,-0.5,-0.4844246665709133,0.4844246665709133,0.34601761897922384,True,1.1801958165791548,20000,,20000
9,rejection_budget,3,Wasserstein ABC,beta,parameter,0.8996407537452136,0.03460807553931273,0.8517077722937298,0.893486935427585,0.9712144771428707,0.95,-0.05035924625478638,0.05035924625478638,0.33798151848849917,True,0.11950670484914083,20000,,20000
9,rejection_budget,3,Wasserstein ABC,sigma_eta,parameter,0.27451610179631336,0.12797717480990328,0.05996121649003726,0.2754769449762122,0.4886979494920463,0.3,-0.025483898203686628,0.025483898203686628,0.056630884897081395,True,0.42873673300200904,20000,,20000
9,rejection_budget,3,Wasserstein ABC,long_run_log_variance,derived,-9.82549116878533,0.3089308082974617,-10.415662942332135,-9.818605144591528,-9.335237438023261,-9.999999999999991,0.174508831214661,0.174508831214661,0.017450883121466115,True,1.0804255043088737,20000,,20000
9,rejection_budget,3,Wasserstein ABC,half_life_days,derived,8.210782013689599,6.099734264894698,4.318356501821024,6.1545483191183,23.731454108976124,13.513407333964874,-5.3026253202752756,5.3026253202752756,0.3923973568788642,True,19.4130976071551,20000,,20000
9,rejection_budget,3,Wasserstein ABC,stationary_log_volatility_variance,derived,0.5525244581507862,0.5183848511631483,0.019178867521154195,0.4083170169619096,1.929393152800538,0.9230769230769228,-0.3705524649261366,0.3705524649261366,0.40143183700331475,True,1.9102142852793838,20000,,20000
0,smc_population,0,ABC-SMC,alpha,parameter,-0.9131596985250119,0.33311191175219934,-1.474151389918028,-0.9330616622312641,-0.2547352300026733,-0.5,-0.4131596985250119,0.4131596985250119,0.29511407037500853,True,1.2194161599153548,2000,49.83159439999872,2000
0,smc_population,0,ABC-SMC,beta,parameter,0.9043672156529575,0.0327957962791662,0.85338889278991,0.9007082547497193,0.9727243898660792,0.95,-0.04563278434704243,0.04563278434704243,0.3062602976311572,True,0.1193354970761692,2000,49.83159439999872,2000
0,smc_population,0,ABC-SMC,sigma_eta,parameter,0.27690019927399634,0.11875725576356846,0.06898191255801231,0.27584950319898927,0.48504294166051687,0.3,-0.02309980072600365,0.02309980072600365,0.05133289050223033,True,0.41606102910250453,2000,49.83159439999872,2000
0,smc_population,0,ABC-SMC,long_run_log_variance,derived,-9.767981633907837,2.3868938248398117,-14.412999133007098,-9.468269611665033,-6.099525210843542,-9.999999999999991,0.23201836609215398,0.23201836609215398,0.023201836609215418,True,8.313473922163556,2000,49.83159439999872,2000
0,smc_population,0,ABC-SMC,half_life_days,derived,8.565675149857793,6.115870916378195,4.372067079410489,6.628301550325445,25.06453941606662,13.513407333964874,-4.947732184107082,4.947732184107082,0.3661350584520124,True,20.69247233665613,2000,49.83159439999872,2000
0,smc_population,0,ABC-SMC,stationary_log_volatility_variance,derived,0.5382191773745537,0.4293089272426572,0.03301891705184333,0.44550054511872056,1.5913980106363257,0.9230769230769228,-0.3848577457023691,0.3848577457023691,0.4169292245109,True,1.5583790935844823,2000,49.83159439999872,2000
0,smc_population,1,ABC-SMC,alpha,parameter,-0.9166868329472753,0.32045738731331136,-1.461051034288585,-0.933831221969351,-0.2791423001727283,-0.5,-0.41668683294727527,0.41668683294727527,0.29763345210519665,True,1.1819087341158567,3856,49.83159439999872,3856
0,smc_population,1,ABC-SMC,beta,parameter,0.9087141602800268,0.0319733153174095,0.8553469136164714,0.9055958321163915,0.9739559810096401,0.95,-0.04128583971997313,0.04128583971997313,0.27708617261726926,True,0.11860906739316868,3856,49.83159439999872,3856
0,smc_population,1,ABC-SMC,sigma_eta,parameter,0.33583944231775803,0.09096025601125002,0.14630357042158437,0.3431923931185495,0.4840338902656785,0.3,0.03583944231775804,0.03583944231775804,0.07964320515057342,True,0.33773031984409413,3856,49.83159439999872,3856
0,smc_population,1,ABC-SMC,long_run_log_variance,derived,-10.312619257313042,2.3243090687554724,-14.426464120809039,-10.125384160173793,-6.571800856249855,-9.999999999999991,-0.3126192573130506,0.3126192573130506,0.03126192573130509,True,7.854663264559184,3856,49.83159439999872,3856
0,smc_population,1,ABC-SMC,half_life_days,derived,8.826103220383484,5.343370074599882,4.436194610202757,6.9900361536784485,26.26634980009836,13.513407333964874,-4.687304113581391,4.687304113581391,0.3468632298088303,True,21.830155189895603,3856,49.83159439999872,3856
0,smc_population,1,ABC-SMC,stationary_log_volatility_variance,derived,0.719405969835337,0.3424768463425564,0.22736197406432126,0.6824494220958911,1.5690908916760031,0.9230769230769228,-0.2036709532415858,0.2036709532415858,0.22064353267838469,True,1.3417289176116818,3856,49.83159439999872,3856
0,smc_population,2,ABC-SMC,alpha,parameter,-0.8742874248987815,0.3408152292867418,-1.4628514829899104,-0.8760266830334548,-0.22961016539401916,-0.5,-0.37428742489878153,0.37428742489878153,0.2673481606419868,True,1.2332413175958912,6723,49.83159439999872,6723
0,smc_population,2,ABC-SMC,beta,parameter,0.9164472261883561,0.031915665441308264,0.8639332783334716,0.9147853990621485,0.9809720920993552,0.95,-0.0335527738116439,0.0335527738116439,0.2251864014204288,True,0.11703881376588365,6723,49.83159439999872,6723
0,smc_population,2,ABC-SMC,sigma_eta,parameter,0.33988570159160664,0.08787267974960794,0.13699346828962558,0.34944871796219285,0.48691523543207227,0.3,0.03988570159160665,0.03988570159160665,0.08863489242579255,True,0.3499217671424467,6723,49.83159439999872,6723
0,smc_population,2,ABC-SMC,long_run_log_variance,derived,-10.714765174549292,2.224400118074093,-14.959612254649404,-10.591191970484658,-7.153609774945745,-9.999999999999991,-0.7147651745493011,0.7147651745493011,0.07147651745493018,True,7.8060024797036585,6723,49.83159439999872,6723
0,smc_population,2,ABC-SMC,half_life_days,derived,10.58575703099042,10.444836438506139,4.7391523689504655,7.782418769617084,36.080240608054936,13.513407333964874,-2.9276503029744543,2.9276503029744543,0.21664782468415927,True,31.341088239104472,6723,49.83159439999872,6723
0,smc_population,2,ABC-SMC,stationary_log_volatility_variance,derived,0.7978466907240364,0.3256051050137139,0.3368610723303063,0.7545837590497032,1.5811090796986582,0.9230769230769228,-0.12523023235288644,0.12523023235288644,0.13566608504896036,True,1.244248007368352,6723,49.83159439999872,6723
0,smc_population,3,ABC-SMC,alpha,parameter,-0.8439994145931555,0.31165516570613827,-1.4085670692564962,-0.8241271640466754,-0.27928844027140826,-0.5,-0.34399941459315553,0.34399941459315553,0.24571386756653968,True,1.129278628985088,12146,49.83159439999872,12146
0,smc_population,3,ABC-SMC,beta,parameter,0.9203616770984713,0.02891192077706411,0.8636432588860811,0.9195207511939012,0.9699384425407706,0.95,-0.02963832290152868,0.02963832290152868,0.19891491880220588,True,0.10629518365468948,12146,49.83159439999872,12146
0,smc_population,3,ABC-SMC,sigma_eta,parameter,0.33803911738169734,0.08150252149131683,0.17524196887939486,0.33856562760962666,0.4830772569707547,0.3,0.03803911738169735,0.03803911738169735,0.08453137195932744,True,0.30783528809135985,12146,49.83159439999872,12146
0,smc_population,3,ABC-SMC,long_run_log_variance,derived,-10.762986214831393,2.117586089774262,-14.62116834260764,-10.69169628982609,-7.405818745076475,-9.999999999999991,-0.7629862148314022,0.7629862148314022,0.07629862148314029,True,7.215349597531166,12146,49.83159439999872,12146
0,smc_population,3,ABC-SMC,half_life_days,derived,10.168738722091348,6.486911829354498,4.728298117329709,8.26132473515696,22.70925716750597,13.513407333964874,-3.3446686118735265,3.3446686118735265,0.2475074220153912,True,17.98095905017626,12146,49.83159439999872,12146
0,smc_population,3,ABC-SMC,stationary_log_volatility_variance,derived,0.8014036286174989,0.26515906287594476,0.3629296375220857,0.7712374034651859,1.4041746426368518,0.9230769230769228,-0.12167329445942388,0.12167329445942388,0.1318127356643759,True,1.0412450051147661,12146,49.83159439999872,12146
0,smc_population,4,ABC-SMC,alpha,parameter,-0.8065355988074798,0.3155835767550234,-1.4019092133406887,-0.8001493736078359,-0.23662137260628469,-0.5,-0.3065355988074798,0.3065355988074798,0.21895399914819988,True,1.165287840734404,22533,49.83159439999872,22533
0,smc_population,4,ABC-SMC,beta,parameter,0.9254910450585234,0.02901043503393651,0.8681743005685241,0.9265984125485164,0.9785590378214505,0.95,-0.024508954941476535,0.024508954941476535,0.16448963047970827,True,0.11038473725292641,22533,49.83159439999872,22533
0,smc_population,4,ABC-SMC,sigma_eta,parameter,0.3252353574997561,0.07898393434080825,0.17659429508164284,0.3299590388524653,0.47355676237761246,0.3,0.025235357499756084,0.025235357499756084,0.05607857222168018,True,0.29696246729596965,22533,49.83159439999872,22533
0,smc_population,4,ABC-SMC,long_run_log_variance,derived,-10.974058060658331,2.0875495378347964,-14.733157512007901,-10.86019367481951,-7.482228075042591,-9.999999999999991,-0.97405806065834,0.97405806065834,0.09740580606583409,True,7.25092943696531,22533,49.83159439999872,22533
0,smc_population,4,ABC-SMC,half_life_days,derived,11.01872976339256,6.306944276537116,4.903321747314873,9.09224117499495,31.98034961481814,13.513407333964874,-2.494677570572314,2.494677570572314,0.18460759073710006,True,27.07702786750327,22533,49.83159439999872,22533
0,smc_population,4,ABC-SMC,stationary_log_volatility_variance,derived,0.7876799709732029,0.22827302184380038,0.40986776235343536,0.7645446699447566,1.249158165020519,0.9230769230769228,-0.13539695210371994,0.13539695210371994,0.14668003144569663,True,0.8392904026670837,22533,49.83159439999872,22533
1,smc_population,0,ABC-SMC,alpha,parameter,-0.9355388831522347,0.3277972344719746,-1.4693033465469134,-0.9645736266995274,-0.2997805623068568,-0.5,-0.43553888315223466,0.43553888315223466,0.3110992022515962,True,1.1695227842400566,2000,54.82739720000245,2000
1,smc_population,0,ABC-SMC,beta,parameter,0.9036200685577611,0.032354696703686014,0.8530359765930374,0.900950519997042,0.9698418742548742,0.95,-0.04637993144223884,0.04637993144223884,0.31127470766603244,True,0.1168058976618368,2000,54.82739720000245,2000
1,smc_population,0,ABC-SMC,sigma_eta,parameter,0.27957764096212495,0.11881136951397506,0.06997922224778153,0.2846863049595879,0.4862197851927827,0.3,-0.020422359037875037,0.020422359037875037,0.045383020084166746,True,0.41624056294500117,2000,54.82739720000245,2000
1,smc_population,0,ABC-SMC,long_run_log_variance,derived,-9.941062285294695,2.398318257846101,-14.497778121102206,-9.740032029052026,-6.085844383724313,-9.999999999999991,0.058937714705296074,0.058937714705296074,0.005893771470529613,True,8.411933737377893,2000,54.82739720000245,2000
1,smc_population,0,ABC-SMC,half_life_days,derived,8.379935919508512,6.392590721856917,4.360689994760696,6.645391703635971,22.635419497210652,13.513407333964874,-5.133471414456363,5.133471414456363,0.37987986949477875,True,18.274729502449958,2000,54.82739720000245,2000
1,smc_population,0,ABC-SMC,stationary_log_volatility_variance,derived,0.5367668955179936,0.4024289367427777,0.03156765640404581,0.4408931768080939,1.5263589477274606,0.9230769230769228,-0.3863100275589292,0.3863100275589292,0.41850252985550673,True,1.4947912913234147,2000,54.82739720000245,2000
1,smc_population,1,ABC-SMC,alpha,parameter,-0.9088162412694301,0.321781014654019,-1.4427772720674086,-0.9234201835618334,-0.270546735015901,-0.5,-0.40881624126943006,0.40881624126943006,0.2920116009067358,True,1.1722305370515076,3990,54.82739720000245,3990
1,smc_population,1,ABC-SMC,beta,parameter,0.9084969557916874,0.032113933976074954,0.8534469310438338,0.9065467558092815,0.9738027898234317,0.95,-0.04150304420831252,0.04150304420831252,0.2785439208611578,True,0.12035585877959787,3990,54.82739720000245,3990
1,smc_population,1,ABC-SMC,sigma_eta,parameter,0.33582147400256745,0.08999919971927765,0.14953720353103128,0.33690223998062174,0.4928665909235065,0.3,0.035821474002567466,0.035821474002567466,0.07960327556126104,True,0.3433293873924752,3990,54.82739720000245,3990
1,smc_population,1,ABC-SMC,long_run_log_variance,derived,-10.184652552926671,2.2930217741417556,-14.550429551235313,-9.71965958244294,-6.721518152437678,-9.999999999999991,-0.18465255292668026,0.18465255292668026,0.018465255292668042,True,7.828911398797635,3990,54.82739720000245,3990
1,smc_population,1,ABC-SMC,half_life_days,derived,8.879336173168713,5.711827918436056,4.373943313793858,7.064807922837848,26.1107096841824,13.513407333964874,-4.634071160796161,4.634071160796161,0.3429239603507541,True,21.73676637038854,3990,54.82739720000245,3990
1,smc_population,1,ABC-SMC,stationary_log_volatility_variance,derived,0.7151330123866793,0.3184768021741732,0.24989302914664147,0.674835683669193,1.3936223091606907,0.9230769230769228,-0.20794391069024354,0.20794391069024354,0.22527256991443056,True,1.1437292800140493,3990,54.82739720000245,3990
1,smc_population,2,ABC-SMC,alpha,parameter,-0.9275096860307692,0.3177865233253302,-1.4430956002083193,-0.9471500802913395,-0.28540105818457284,-0.5,-0.4275096860307692,0.4275096860307692,0.30536406145054945,True,1.1576945420237466,7109,54.82739720000245,7109
1,smc_population,2,ABC-SMC,beta,parameter,0.9126836581650909,0.029322045706148013,0.8610545882663524,0.9094032241295553,0.9696356375971704,0.95,-0.03731634183490906,0.03731634183490906,0.25044524721415473,True,0.10858104933081802,7109,54.82739720000245,7109
1,smc_population,2,ABC-SMC,sigma_eta,parameter,0.3435982007098867,0.07982290632878702,0.18622623120862408,0.34687131788282627,0.4816215760651316,0.3,0.043598200709886736,0.043598200709886736,0.09688489046641496,True,0.29539534485650754,7109,54.82739720000245,7109
1,smc_population,2,ABC-SMC,long_run_log_variance,derived,-10.810379416018415,2.2451982975529883,-14.85581100708454,-10.814124828034034,-7.117523639363948,-9.999999999999991,-0.8103794160184243,0.8103794160184243,0.08103794160184251,True,7.738287367720592,7109,54.82739720000245,7109
1,smc_population,2,ABC-SMC,half_life_days,derived,9.07924767601078,5.502615694500242,4.633418052788267,7.298845143086738,22.47930005830704,13.513407333964874,-4.434159657954094,4.434159657954094,0.32813039290314194,True,17.845882005518774,7109,54.82739720000245,7109
1,smc_population,2,ABC-SMC,stationary_log_volatility_variance,derived,0.7641415962090179,0.27688083998013574,0.34421732150705275,0.7289526220274195,1.4240804081386318,0.9230769230769228,-0.1589353268679049,0.1589353268679049,0.17217993744023036,True,1.079863086631579,7109,54.82739720000245,7109
1,smc_population,3,ABC-SMC,alpha,parameter,-0.8242281504248468,0.3371475419199442,-1.4507968051352849,-0.8249254796877614,-0.23529295001205988,-0.5,-0.32422815042484676,0.32422815042484676,0.2315915360177477,True,1.215503855123225,12727,54.82739720000245,12727
1,smc_population,3,ABC-SMC,beta,parameter,0.9236355712219624,0.029378756876185467,0.8652017641118761,0.9247654228077782,0.9735422242947264,0.95,-0.026364428778037574,0.026364428778037574,0.17694247502038637,True,0.10834046018285026,12727,54.82739720000245,12727
1,smc_population,3,ABC-SMC,sigma_eta,parameter,0.3322700368127161,0.08421281794776501,0.1652773768539272,0.3363042157317209,0.47878953434900684,0.3,0.03227003681271612,0.03227003681271612,0.07171119291714693,True,0.31351215749507966,12727,54.82739720000245,12727
1,smc_population,3,ABC-SMC,long_run_log_variance,derived,-10.864504793364691,2.1846601852424596,-14.672676633835321,-10.778313940312678,-7.176952227314893,-9.999999999999991,-0.8645047933647003,0.8645047933647003,0.08645047933647011,True,7.495724406520428,12727,54.82739720000245,12727
1,smc_population,3,ABC-SMC,half_life_days,derived,10.720420675528581,6.219294292224356,4.787174478181566,8.862055471889509,25.850118446706155,13.513407333964874,-2.792986658436293,2.792986658436293,0.20668263668899725,True,21.06294396852459,12727,54.82739720000245,12727
1,smc_population,3,ABC-SMC,stationary_log_volatility_variance,derived,0.8039469924454489,0.25943747283974905,0.40141483414649515,0.7872734436193759,1.4202801556482054,0.9230769230769228,-0.11912993063147392,0.11912993063147392,0.12905742485076346,True,1.0188653215017103,12727,54.82739720000245,12727
1,smc_population,4,ABC-SMC,alpha,parameter,-0.79092772078956,0.3447793942579884,-1.4074372288010026,-0.7809225771243511,-0.18340040987888676,-0.5,-0.29092772078956,0.29092772078956,0.2078055148496857,True,1.2240368189221158,25187,54.82739720000245,25187
1,smc_population,4,ABC-SMC,beta,parameter,0.9283473879876787,0.03093883698235765,0.8663889461787209,0.9295178403290486,0.9833233556359563,0.95,-0.02165261201232127,0.02165261201232127,0.14531954370685415,True,0.11693440945723543,25187,54.82739720000245,25187
1,smc_population,4,ABC-SMC,sigma_eta,parameter,0.3198840918726138,0.08718931567821456,0.14396933829998407,0.32630184713167126,0.48485514173735195,0.3,0.019884091872613807,0.019884091872613807,0.04418687082803068,True,0.34088580343736785,25187,54.82739720000245,25187
1,smc_population,4,ABC-SMC,long_run_log_variance,derived,-11.1888409081801,2.0962095394142435,-14.730204008950535,-11.219954805395947,-7.745681521575892,-9.999999999999991,-1.1888409081801097,1.1888409081801097,0.11888409081801107,True,6.984522487374643,25187,54.82739720000245,25187
1,smc_population,4,ABC-SMC,half_life_days,derived,12.369550498949419,8.970168479258104,4.832943077286138,9.483568512941277,41.21640309482045,13.513407333964874,-1.1438568350154554,1.1438568350154554,0.0846460708795821,True,36.38346001753431,25187,54.82739720000245,25187
1,smc_population,4,ABC-SMC,stationary_log_volatility_variance,derived,0.7967211544076077,0.23006766959010214,0.41463074400850874,0.7694841752950934,1.3447176754495314,0.9230769230769228,-0.12635576866931508,0.12635576866931508,0.13688541605842472,True,0.9300869314410226,25187,54.82739720000245,25187
2,smc_population,0,ABC-SMC,alpha,parameter,-0.9255498777826723,0.33257117323430513,-1.4734451357767957,-0.9376364587523408,-0.2382504296885788,-0.5,-0.4255498777826723,0.4255498777826723,0.3039641984161945,True,1.235194706088217,2000,58.706666900005075,2000
2,smc_population,0,ABC-SMC,beta,parameter,0.9035102334577103,0.03261660562577559,0.8552158774206035,0.8991629238816365,0.9756742938063054,0.95,-0.046489766542289646,0.046489766542289646,0.31201185598852105,True,0.12045841638570198,2000,58.706666900005075,2000
2,smc_population,0,ABC-SMC,sigma_eta,parameter,0.29440570394392296,0.11831621671175283,0.08508898968600995,0.3014822299520613,0.4837517992200536,0.3,-0.0055942960560770305,0.0055942960560770305,0.012431769013504512,True,0.39866280953404365,2000,58.706666900005075,2000
2,smc_population,0,ABC-SMC,long_run_log_variance,derived,-9.846197179739875,2.5115021424976516,-14.412971355774928,-9.706993942020949,-6.042871867612829,-9.999999999999991,0.1538028202601165,0.1538028202601165,0.015380282026011662,True,8.3700994881621,2000,58.706666900005075,2000
2,smc_population,0,ABC-SMC,half_life_days,derived,8.561869152401862,6.916773758270764,4.431848984325854,6.521219719060716,28.14643592617329,13.513407333964874,-4.951538181563013,4.951538181563013,0.3664167044767248,True,23.714586941847436,2000,58.706666900005075,2000
2,smc_population,0,ABC-SMC,stationary_log_volatility_variance,derived,0.5935113883702463,0.4521128614396793,0.04819803980974997,0.5094884977845894,1.722567096719349,0.9230769230769228,-0.3295655347066765,0.3295655347066765,0.3570293292655663,True,1.674369056909599,2000,58.706666900005075,2000
2,smc_population,1,ABC-SMC,alpha,parameter,-0.9078350323019264,0.31754386279192687,-1.4460961454451287,-0.9198196362696551,-0.3309418251181908,-0.5,-0.4078350323019264,0.4078350323019264,0.29131073735851887,True,1.1151543203269378,3876,58.706666900005075,3876
2,smc_population,1,ABC-SMC,beta,parameter,0.9103297791595316,0.03081688547268683,0.8559972119337961,0.9094434948193866,0.966420900005915,0.95,-0.03967022084046834,0.03967022084046834,0.26624309288904924,True,0.11042368807211889,3876,58.706666900005075,3876
2,smc_population,1,ABC-SMC,sigma_eta,parameter,0.3322360469447919,0.08813994703171486,0.17193484743105958,0.3325839736509508,0.48961568752596774,0.3,0.03223604694479193,0.03223604694479193,0.07163565987731539,True,0.31768084009490816,3876,58.706666900005075,3876
2,smc_population,1,ABC-SMC,long_run_log_variance,derived,-10.36560051907648,2.3496818795885392,-14.812852413606771,-10.118995822737357,-6.718409498115938,-9.999999999999991,-0.36560051907648905,0.36560051907648905,0.03656005190764894,True,8.094442915490834,3876,58.706666900005075,3876
2,smc_population,1,ABC-SMC,half_life_days,derived,8.711143454819155,4.370796181096515,4.457877569979346,7.302250074389363,20.29367386021005,13.513407333964874,-4.80226387914572,4.80226387914572,0.35537031930323093,True,15.835796290230704,3876,58.706666900005075,3876
2,smc_population,1,ABC-SMC,stationary_log_volatility_variance,derived,0.713771931570203,0.3263710783720293,0.22482315624970875,0.6569142528904941,1.4697822292211822,0.9230769230769228,-0.20930499150671977,0.20930499150671977,0.22674707413227982,True,1.2449590729714735,3876,58.706666900005075,3876
2,smc_population,2,ABC-SMC,alpha,parameter,-0.876150727025794,0.3277597137164989,-1.4139265160628665,-0.9187700776513488,-0.17850258267292907,-0.5,-0.376150727025794,0.376150727025794,0.26867909073271,True,1.2354239333899373,6941,58.706666900005075,6941
2,smc_population,2,ABC-SMC,beta,parameter,0.9158655781778147,0.03124866829842946,0.8590409349125979,0.9141732254142138,0.9771971190108385,0.95,-0.03413442182218529,0.03413442182218529,0.2290900793435254,True,0.11815618409824058,6941,58.706666900005075,6941
2,smc_population,2,ABC-SMC,sigma_eta,parameter,0.343976093188601,0.08382148768640774,0.15131436914621504,0.3504565605076506,0.47781151164778785,0.3,0.04397609318860102,0.04397609318860102,0.09772465153022449,True,0.3264971425015728,6941,58.706666900005075,6941
2,smc_population,2,ABC-SMC,long_run_log_variance,derived,-10.558230447942119,2.2170581656317023,-14.598874537133376,-10.419499511110445,-7.168258734922398,-9.999999999999991,-0.5582304479421278,0.5582304479421278,0.05582304479421284,True,7.430615802210978,6941,58.706666900005075,6941
2,smc_population,2,ABC-SMC,half_life_days,derived,9.837048796326517,6.331092225403037,4.562018513888009,7.7243620466320895,30.049445171495247,13.513407333964874,-3.6763585376383574,3.6763585376383574,0.2720526693810319,True,25.487426657607237,6941,58.706666900005075,6941
2,smc_population,2,ABC-SMC,stationary_log_volatility_variance,derived,0.8053273810569985,0.3096955945025796,0.3151666575472488,0.7690822149465607,1.4999704434489751,0.9230769230769228,-0.11774954201992427,0.11774954201992427,0.127562003854918,True,1.1848037859017264,6941,58.706666900005075,6941
2,smc_population,3,ABC-SMC,alpha,parameter,-0.844797247264626,0.335270686155273,-1.4634313549577254,-0.8602906716930159,-0.24342356595516407,-0.5,-0.344797247264626,0.344797247264626,0.24628374804616146,True,1.2200077890025613,13503,58.706666900005075,13503
2,smc_population,3,ABC-SMC,beta,parameter,0.9210227267603726,0.03040057496308974,0.8630252091171957,0.9197657979218499,0.978154821798068,0.95,-0.0289772732396274,0.0289772732396274,0.19447834389011676,True,0.1151296126808723,13503,58.706666900005075,13503
2,smc_population,3,ABC-SMC,sigma_eta,parameter,0.33685117279160115,0.08180749414178178,0.15659007649539675,0.3448532814900574,0.4805047467033268,0.3,0.03685117279160116,0.03685117279160116,0.08189149509244702,True,0.3239146702079301,13503,58.706666900005075,13503
2,smc_population,3,ABC-SMC,long_run_log_variance,derived,-10.827221683786332,2.100744614645767,-14.607189031571693,-10.807666824809537,-7.346920600477588,-9.999999999999991,-0.8272216837863411,0.8272216837863411,0.08272216837863418,True,7.260268431094104,13503,58.706666900005075,13503
2,smc_population,3,ABC-SMC,half_life_days,derived,10.815282079170322,8.050990685060786,4.705320072875463,8.287644673445433,31.382135784721612,13.513407333964874,-2.6981252547945527,2.6981252547945527,0.19966283766293563,True,26.67681571184615,13503,58.706666900005075,13503
2,smc_population,3,ABC-SMC,stationary_log_volatility_variance,derived,0.8046241609451295,0.23850511445292527,0.3983936041309247,0.7741687713059253,1.358638258194078,0.9230769230769228,-0.11845276213179334,0.11845276213179334,0.12832382564277617,True,0.9602446540631533,13503,58.706666900005075,13503
2,smc_population,4,ABC-SMC,alpha,parameter,-0.776800001891103,0.34360024441453335,-1.426888634551273,-0.7650615687905072,-0.20805848540835195,-0.5,-0.276800001891103,0.276800001891103,0.19771428706507357,True,1.218830149142921,26804,58.706666900005075,26804
2,smc_population,4,ABC-SMC,beta,parameter,0.9294878971792695,0.0301612626287524,0.8668646068332644,0.9289796721851551,0.9837856588238422,0.95,-0.02051210282073046,0.02051210282073046,0.13766511960221783,True,0.11692105199057778,26804,58.706666900005075,26804
2,smc_population,4,ABC-SMC,sigma_eta,parameter,0.3147782239611906,0.08251388411825707,0.141297646943414,0.3146271559107998,0.4698799738845275,0.3,0.014778223961190606,0.014778223961190606,0.03284049769153468,True,0.3285823269411135,26804,58.706666900005075,26804
2,smc_population,4,ABC-SMC,long_run_log_variance,derived,-11.169593402322636,2.1327117256724217,-14.782479194552845,-11.064755919467192,-7.62759437113627,-9.999999999999991,-1.1695934023226453,1.1695934023226453,0.11695934023226463,True,7.154884823416575,26804,58.706666900005075,26804
2,smc_population,4,ABC-SMC,half_life_days,derived,12.6788620618079,9.439305974156087,4.8515095003260935,9.409013572023973,42.40150125623915,13.513407333964874,-0.8345452721569746,0.8345452721569746,0.061756835380771175,True,37.549991755913055,26804,58.706666900005075,26804
2,smc_population,4,ABC-SMC,stationary_log_volatility_variance,derived,0.7852753563556318,0.21229963307981672,0.40853215558829004,0.7765081811357192,1.2146611427805731,0.9230769230769228,-0.13780156672129096,0.13780156672129096,0.14928503061473192,True,0.8061289871922831,26804,58.706666900005075,26804
3,smc_population,0,ABC-SMC,alpha,parameter,-0.9126433164011358,0.3279427634973759,-1.4658575360827535,-0.906467137688487,-0.3094062917244058,-0.5,-0.41264331640113583,0.41264331640113583,0.2947452260008113,True,1.1564512443583477,2000,53.336940400004096,2000
3,smc_population,0,ABC-SMC,beta,parameter,0.903899809750746,0.03154279584574464,0.8531407539646148,0.9017929774876315,0.9676977039371946,0.95,-0.046100190249253936,0.046100190249253936,0.3093972499949928,True,0.11455694997257981,2000,53.336940400004096,2000
3,smc_population,0,ABC-SMC,sigma_eta,parameter,0.281326862507698,0.12509611747465488,0.07494072025299027,0.27529928537496673,0.4921764395036182,0.3,-0.018673137492301983,0.018673137492301983,0.0414958610940044,True,0.41723571925062797,2000,53.336940400004096,2000
3,smc_population,0,ABC-SMC,long_run_log_variance,derived,-9.686266191094031,2.3152010114154327,-14.340949166021646,-9.527351315232554,-6.1377687191149315,-9.999999999999991,0.31373380890596003,0.31373380890596003,0.031373380890596034,True,8.203180446906714,2000,53.336940400004096,2000
3,smc_population,0,ABC-SMC,half_life_days,derived,8.180630419611786,4.793293696290817,4.364062045882649,6.705477094808316,21.10966945868652,13.513407333964874,-5.332776914353088,5.332776914353088,0.3946285923720791,True,16.74560741280387,2000,53.336940400004096,2000
3,smc_population,0,ABC-SMC,stationary_log_volatility_variance,derived,0.555297350951251,0.44605601380468246,0.03815736157546735,0.44069959501109335,1.5009558254464366,0.9230769230769228,-0.3677795721256718,0.3677795721256718,0.39842786980281125,True,1.4627984638709692,2000,53.336940400004096,2000
3,smc_population,1,ABC-SMC,alpha,parameter,-0.9426858677753163,0.3134258841086016,-1.472353045671891,-0.944089720838565,-0.3293986029892012,-0.5,-0.44268586777531627,0.44268586777531627,0.3162041912680831,True,1.1429544426826896,3758,53.336940400004096,3758
3,smc_population,1,ABC-SMC,beta,parameter,0.9067228983433124,0.030843917710314805,0.8550500957163344,0.9049163380450282,0.968769531436914,0.95,-0.04327710165668752,0.04327710165668752,0.29045034668917796,True,0.11371943572057963,3758,53.336940400004096,3758
3,smc_population,1,ABC-SMC,sigma_eta,parameter,0.3361298600818271,0.08967226694887977,0.1576251710973243,0.3449834769894383,0.479498584998319,0.3,0.036129860081827114,0.036129860081827114,0.0802885779596158,True,0.32187341390099466,3758,53.336940400004096,3758
3,smc_population,1,ABC-SMC,long_run_log_variance,derived,-10.389836936428296,2.276627301304622,-14.569674052496163,-10.171819321211492,-6.629033250139211,-9.999999999999991,-0.3898369364283045,0.3898369364283045,0.03898369364283049,True,7.940640802356952,3758,53.336940400004096,3758
3,smc_population,1,ABC-SMC,half_life_days,derived,8.53891839923931,5.433346484306965,4.426362307339108,6.937522455679594,21.846175252425553,13.513407333964874,-4.974488934725564,4.974488934725564,0.36811507355532613,True,17.419812945086445,3758,53.336940400004096,3758
3,smc_population,1,ABC-SMC,stationary_log_volatility_variance,derived,0.6982728686762805,0.30712763851074587,0.22945307362032083,0.6781402183962372,1.3513951466938678,0.9230769230769228,-0.22480405440064233,0.22480405440064233,0.24353772560069592,True,1.121942073073547,3758,53.336940400004096,3758
3,smc_population,2,ABC-SMC,alpha,parameter,-0.9052523585539095,0.3326381165292063,-1.4628423872434628,-0.9282460929602879,-0.2569158277685895,-0.5,-0.4052523585539095,0.4052523585539095,0.28946597039564964,True,1.2059265594748734,6525,53.336940400004096,6525
3,smc_population,2,ABC-SMC,beta,parameter,0.9131853363807927,0.03200418289132103,0.8552947626863792,0.9119005537890679,0.973812264077761,0.95,-0.036814663619207266,0.036814663619207266,0.24707827932353865,True,0.11851750139138184,6525,53.336940400004096,6525
3,smc_population,2,ABC-SMC,sigma_eta,parameter,0.3411918690568372,0.08513590610327429,0.15670515860255813,0.3490794358416866,0.4869449245718812,0.3,0.041191869056837194,0.041191869056837194,0.09153748679297154,True,0.3302397659693231,6525,53.336940400004096,6525
3,smc_population,2,ABC-SMC,long_run_log_variance,derived,-10.657925809084325,2.161694888693,-14.727225232247992,-10.482905731039477,-7.00754702205619,-9.999999999999991,-0.6579258090843343,0.6579258090843343,0.06579258090843348,True,7.719678210191802,6525,53.336940400004096,6525
3,smc_population,2,ABC-SMC,half_life_days,derived,9.871323971259475,8.909167463459939,4.434464159293032,7.515881436257593,26.120282572619786,13.513407333964874,-3.6420833627053995,3.6420833627053995,0.26951628650690584,True,21.685818413326754,6525,53.336940400004096,6525
3,smc_population,2,ABC-SMC,stationary_log_volatility_variance,derived,0.7679684057574774,0.2876430405253383,0.32651996811046813,0.7309116767753085,1.4332703097347266,0.9230769230769228,-0.15510851731944542,0.15510851731944542,0.1680342270960659,True,1.1067503416242586,6525,53.336940400004096,6525
3,smc_population,3,ABC-SMC,alpha,parameter,-0.817265977170004,0.3279932905217645,-1.4109570825428668,-0.819420451295505,-0.21828074855829782,-0.5,-0.31726597717000404,0.31726597717000404,0.22661855512143148,True,1.192676333984569,12535,53.336940400004096,12535
3,smc_population,3,ABC-SMC,beta,parameter,0.9245765133788104,0.02943669486670534,0.8642797884650838,0.9257871709410197,0.9765597854772669,0.95,-0.02542348662118954,0.02542348662118954,0.17062742698784925,True,0.11227999701218305,12535,53.336940400004096,12535
3,smc_population,3,ABC-SMC,sigma_eta,parameter,0.32314395237753807,0.0800822526430179,0.1630757268124634,0.3247022940702018,0.4727373677569011,0.3,0.02314395237753808,0.02314395237753808,0.05143100528341795,True,0.3096616409444377,12535,53.336940400004096,12535
3,smc_population,3,ABC-SMC,long_run_log_variance,derived,-10.992835795278289,2.2007175198624918,-14.720121425160652,-11.041786924979329,-7.295776541010587,-9.999999999999991,-0.9928357952782978,0.9928357952782978,0.09928357952782987,True,7.424344884150066,12535,53.336940400004096,12535
3,smc_population,3,ABC-SMC,half_life_days,derived,11.059600110554943,6.852791070008964,4.7521815430909955,8.988964088112875,29.222911159941557,13.513407333964874,-2.4538072234099317,2.4538072234099317,0.18158316128327476,True,24.470729616850562,12535,53.336940400004096,12535
3,smc_population,3,ABC-SMC,stationary_log_volatility_variance,derived,0.776810494262534,0.252904711910926,0.3986676463526175,0.7644459270281871,1.2900135374030919,0.9230769230769228,-0.14626642881438878,0.14626642881438878,0.15845529788225457,True,0.8913458910504743,12535,53.336940400004096,12535
3,smc_population,4,ABC-SMC,alpha,parameter,-0.7963676435538543,0.3311174752631319,-1.4201075009587605,-0.7748980807742033,-0.2226636753812729,-0.5,-0.29636764355385425,0.29636764355385425,0.21169117396703876,True,1.1974438255774875,24219,53.336940400004096,24219
3,smc_population,4,ABC-SMC,beta,parameter,0.9274241373511452,0.028733933980346054,0.8668447688796531,0.9285381621996766,0.9793361250044463,0.95,-0.022575862648854805,0.022575862648854805,0.1515158567037235,True,0.11249135612479322,24219,53.336940400004096,24219
3,smc_population,4,ABC-SMC,sigma_eta,parameter,0.31821214003115417,0.07694078679953568,0.16781271814822465,0.3233718921306896,0.4571192327207505,0.3,0.018212140031154178,0.018212140031154178,0.04047142229145373,True,0.2893065145725259,24219,53.336940400004096,24219
3,smc_population,4,ABC-SMC,long_run_log_variance,derived,-11.063995681275745,2.1654007688041608,-14.75776583013686,-10.905065643775629,-7.523853061821469,-9.999999999999991,-1.0639956812757543,1.0639956812757543,0.10639956812757552,True,7.233912768315391,24219,53.336940400004096,24219
3,smc_population,4,ABC-SMC,half_life_days,derived,11.428187086222064,6.771666546324963,4.850732521254769,9.348687255655367,33.1961311664244,13.513407333964874,-2.085220247742811,2.085220247742811,0.15430751077130456,True,28.34539864516963,24219,53.336940400004096,24219
3,smc_population,4,ABC-SMC,stationary_log_volatility_variance,derived,0.7771784684794176,0.23166990655274192,0.39258601994890974,0.7652461093409575,1.245931200793521,0.9230769230769228,-0.14589845459750517,0.14589845459750517,0.1580566591472973,True,0.8533451808446113,24219,53.336940400004096,24219
4,smc_population,0,ABC-SMC,alpha,parameter,-0.9202492027741296,0.34232955262209547,-1.4515985866307557,-0.9406145488067577,-0.20110743099096307,-0.5,-0.4202492027741296,0.4202492027741296,0.30017800198152117,True,1.2504911556397926,2000,54.6597963000022,2000
4,smc_population,0,ABC-SMC,beta,parameter,0.9053871428923441,0.03388840303641649,0.8525200324110251,0.902131313404889,0.977352772203713,0.95,-0.044612857107655834,0.044612857107655834,0.29941514837352906,True,0.12483273979268783,2000,54.6597963000022,2000
4,smc_population,0,ABC-SMC,sigma_eta,parameter,0.27461210978735306,0.11902198902101752,0.07718088803038743,0.26316422756520486,0.4876787573951467,0.3,-0.025387890212646924,0.025387890212646924,0.056417533805882054,True,0.4104978693647593,2000,54.6597963000022,2000
4,smc_population,0,ABC-SMC,long_run_log_variance,derived,-9.950932049017933,2.347107755372208,-14.32204487122495,-9.717630495327915,-6.251684609811602,-9.999999999999991,0.049067950982058406,0.049067950982058406,0.004906795098205845,True,8.070360261413349,2000,54.6597963000022,2000
4,smc_population,0,ABC-SMC,half_life_days,derived,8.980997174968046,7.3470943886638205,4.344155085496313,6.729898606421455,30.258373749914426,13.513407333964874,-4.532410158996829,4.532410158996829,0.3354009871074467,True,25.914218664418115,2000,54.6597963000022,2000
4,smc_population,0,ABC-SMC,stationary_log_volatility_variance,derived,0.5430328149816418,0.45434881874907346,0.038878791708191425,0.42786855716069233,1.5337040689850738,0.9230769230769228,-0.380044108095281,0.380044108095281,0.4117144504365545,True,1.4948252772768824,2000,54.6597963000022,2000
4,smc_population,1,ABC-SMC,alpha,parameter,-0.8970233474441608,0.3289516215495247,-1.42840413924216,-0.9345225212614453,-0.23520906074317127,-0.5,-0.3970233474441608,0.3970233474441608,0.2835881053172577,True,1.1931950784989889,4095,54.6597963000022,4095
4,smc_population,1,ABC-SMC,beta,parameter,0.9099083107146231,0.033588842374447196,0.8551280556826999,0.9067277210604435,0.9782118841387878,0.95,-0.040091689285376875,0.040091689285376875,0.26907174017031454,True,0.1230838284560879,4095,54.6597963000022,4095
4,smc_population,1,ABC-SMC,sigma_eta,parameter,0.3319253803630151,0.09103014365359414,0.13740738977443906,0.3344752862492369,0.48656734870322804,0.3,0.03192538036301512,0.03192538036301512,0.07094528969558915,True,0.349159958928789,4095,54.6597963000022,4095
4,smc_population,1,ABC-SMC,long_run_log_variance,derived,-10.200841531460206,2.2487406622112123,-14.555961680771052,-9.985252200882293,-6.706547420228444,-9.999999999999991,-0.200841531460215,0.200841531460215,0.020084153146021518,True,7.849414260542608,4095,54.6597963000022,4095
4,smc_population,1,ABC-SMC,half_life_days,derived,9.368024871298417,6.618473682921244,4.428940893619851,7.079209873672841,31.46523891541147,13.513407333964874,-4.145382462666458,4.145382462666458,0.3067607125441537,True,27.036298021791616,4095,54.6597963000022,4095
4,smc_population,1,ABC-SMC,stationary_log_volatility_variance,derived,0.722316824722712,0.34519379214500784,0.22666359167711297,0.6741082107299357,1.4930039926775949,0.9230769230769228,-0.20076009835421083,0.20076009835421083,0.21749010655039513,True,1.266340401000482,4095,54.6597963000022,4095
4,smc_population,2,ABC-SMC,alpha,parameter,-0.9009429954187171,0.32841375451095606,-1.4508890528252165,-0.9132902582754089,-0.2538370051762604,-0.5,-0.40094299541871714,0.40094299541871714,0.28638785387051224,True,1.1970520476489561,7276,54.6597963000022,7276
4,smc_population,2,ABC-SMC,beta,parameter,0.9150078869410674,0.02895915792051105,0.8608428860249754,0.9126577645355489,0.9749068434565944,0.95,-0.03499211305893257,0.03499211305893257,0.23484639636867494,True,0.11406395743161901,7276,54.6597963000022,7276
4,smc_population,2,ABC-SMC,sigma_eta,parameter,0.3388104536753075,0.08315342598018423,0.17341520225232712,0.3384353935673669,0.4874190198992337,0.3,0.0388104536753075,0.0388104536753075,0.08624545261179443,True,0.31400381764690655,7276,54.6597963000022,7276
4,smc_population,2,ABC-SMC,long_run_log_variance,derived,-10.715661098754158,2.156229579437921,-14.543259495824303,-10.549340482888914,-7.105869741811335,-9.999999999999991,-0.7156610987541665,0.7156610987541665,0.07156610987541671,True,7.437389754012968,7276,54.6597963000022,7276
4,smc_population,2,ABC-SMC,half_life_days,derived,9.473794829374393,6.236817904965614,4.625814572746855,7.584138841461343,27.274915347642946,13.513407333964874,-4.039612504590481,4.039612504590481,0.2989336741472476,True,22.64910077489609,7276,54.6597963000022,7276
4,smc_population,2,ABC-SMC,stationary_log_volatility_variance,derived,0.754308213469764,0.26187729623560163,0.3424499280382045,0.7188977481696014,1.304734721277909,0.9230769230769228,-0.16876870960715884,0.16876870960715884,0.1828327687410888,True,0.9622847932397045,7276,54.6597963000022,7276
4,smc_population,3,ABC-SMC,alpha,parameter,-0.8374383401533987,0.3379368807812697,-1.4465387403713368,-0.8459530105368298,-0.19971208604868002,-0.5,-0.3374383401533987,0.3374383401533987,0.24102738582385622,True,1.2468266543226567,13335,54.6597963000022,13335
4,smc_population,3,ABC-SMC,beta,parameter,0.9226123686077361,0.0301854415836066,0.8611679363704734,0.9238080542012003,0.9806504730893556,0.95,-0.027387631392263856,0.027387631392263856,0.18380960665948895,True,0.1194825367188822,13335,54.6597963000022,13335
4,smc_population,3,ABC-SMC,sigma_eta,parameter,0.3287832330817179,0.0808593365138137,0.15411830677144986,0.3316646832389248,0.4752654472352229,0.3,0.02878323308171793,0.02878323308171793,0.0639627401815954,True,0.321147140463773,13335,54.6597963000022,13335
4,smc_population,3,ABC-SMC,long_run_log_variance,derived,-10.946355785872154,2.1201476558494616,-14.636699707748948,-10.6533451939134,-7.459854987718161,-9.999999999999991,-0.9463557858721625,0.9463557858721625,0.09463557858721633,True,7.176844720030787,13335,54.6597963000022,13335
4,smc_population,3,ABC-SMC,half_life_days,derived,11.056401879496269,8.505910423030763,4.637498566161094,8.746230442754623,35.47473333345794,13.513407333964874,-2.4570054544686055,2.4570054544686055,0.18181983224120815,True,30.83723476729685,13335,54.6597963000022,13335
4,smc_population,3,ABC-SMC,stationary_log_volatility_variance,derived,0.7842779158561364,0.24444519029836023,0.3906005000201888,0.776717754599096,1.3246578954808346,0.9230769230769228,-0.13879900722078642,0.13879900722078642,0.150365591155852,True,0.9340573954606457,13335,54.6597963000022,13335
4,smc_population,4,ABC-SMC,alpha,parameter,-0.7965942799969628,0.33431868363857603,-1.4527922402672737,-0.7836125130794314,-0.18800916739847073,-0.5,-0.29659427999696275,0.29659427999696275,0.2118530571406877,True,1.264783072868803,25036,54.6597963000022,25036
4,smc_population,4,ABC-SMC,beta,parameter,0.9269674885460942,0.02874587157269966,0.8704408502146751,0.9277387192098132,0.9813717107839108,0.95,-0.023032511453905724,0.023032511453905724,0.15458061378460217,True,0.11093086056923573,25036,54.6597963000022,25036
4,smc_population,4,ABC-SMC,sigma_eta,parameter,0.31876833395804294,0.08023111522450786,0.15735696382490819,0.32402127534315295,0.46864440073168667,0.3,0.01876833395804295,0.01876833395804295,0.041707408795651,True,0.3112874369067785,25036,54.6597963000022,25036
4,smc_population,4,ABC-SMC,long_run_log_variance,derived,-10.968405911297333,2.13486354725982,-14.793131536746241,-10.9491448563043,-7.559004815548197,-9.999999999999991,-0.9684059112973422,0.9684059112973422,0.09684059112973431,True,7.234126721198044,25036,54.6597963000022,25036
4,smc_population,4,ABC-SMC,half_life_days,derived,11.732465604652132,8.331641792962284,4.995458370862438,9.24132926367498,36.86172499936416,13.513407333964874,-1.780941729312742,1.780941729312742,0.13179072348662849,True,31.86626662850172,25036,54.6597963000022,25036
4,smc_population,4,ABC-SMC,stationary_log_volatility_variance,derived,0.7738963775631877,0.22288331018396093,0.41116159578686334,0.7475403759438796,1.2786335051084616,0.9230769230769228,-0.14918054551373505,0.14918054551373505,0.1616122576398797,True,0.8674719093215983,25036,54.6597963000022,25036
5,smc_population,0,ABC-SMC,alpha,parameter,-0.9022195552970995,0.32768666778145566,-1.4766524264212006,-0.8903386588159508,-0.24637246482022368,-0.5,-0.4022195552970995,0.4022195552970995,0.2872996823550711,True,1.230279961600977,2000,54.53140350000467,2000
5,smc_population,0,ABC-SMC,beta,parameter,0.9062108201962027,0.031840617466478954,0.8538998431952352,0.904654267274004,0.9742867941844332,0.95,-0.04378917980379726,0.04378917980379726,0.2938871127771628,True,0.12038695098919805,2000,54.53140350000467,2000
5,smc_population,0,ABC-SMC,sigma_eta,parameter,0.27917221241221557,0.11365384169031718,0.07861353460800177,0.282514486834911,0.47851384251852036,0.3,-0.02082778758778442,0.02082778758778442,0.04628397241729871,True,0.39990030791051856,2000,54.53140350000467,2000
5,smc_population,0,ABC-SMC,long_run_log_variance,derived,-9.857271840204747,2.432562462070973,-14.37701559611362,-9.627344163441382,-6.035558656301191,-9.999999999999991,0.14272815979524367,0.14272815979524367,0.01427281597952438,True,8.34145693981243,2000,54.53140350000467,2000
5,smc_population,0,ABC-SMC,half_life_days,derived,8.820963693140337,7.517060726040396,4.388635941865416,6.917468539947479,26.608777514849283,13.513407333964874,-4.692443640824537,4.692443640824537,0.34724355781316923,True,22.220141572983866,2000,54.53140350000467,2000
5,smc_population,0,ABC-SMC,stationary_log_volatility_variance,derived,0.5513463855142458,0.4105462756291567,0.03279948145651594,0.4731494748773038,1.4916349241398514,0.9230769230769228,-0.37173053756267704,0.37173053756267704,0.4027080823595669,True,1.4588354426833354,2000,54.53140350000467,2000
5,smc_population,1,ABC-SMC,alpha,parameter,-0.9287489451045363,0.3117519780557595,-1.4778428627380606,-0.924633210158785,-0.3037935026760107,-0.5,-0.4287489451045363,0.4287489451045363,0.30624924650324026,True,1.17404936006205,4032,54.53140350000467,4032
5,smc_population,1,ABC-SMC,beta,parameter,0.9091239948055481,0.029752884497753634,0.8548954662248988,0.9086840074134397,0.9675754188638934,0.95,-0.04087600519445189,0.04087600519445189,0.27433560533189183,True,0.11267995263899466,4032,54.53140350000467,4032
5,smc_population,1,ABC-SMC,sigma_eta,parameter,0.341747804035967,0.08726802798309702,0.17310385433790001,0.3440387635623464,0.48630516039564164,0.3,0.04174780403596701,0.04174780403596701,0.09277289785770446,True,0.31320130605774166,4032,54.53140350000467,4032
5,smc_population,1,ABC-SMC,long_run_log_variance,derived,-10.433874958650103,2.342607093211781,-14.892115340991369,-10.128436322317,-6.662959595938052,-9.999999999999991,-0.4338749586501116,0.4338749586501116,0.0433874958650112,True,8.229155745053317,4032,54.53140350000467,4032
5,smc_population,1,ABC-SMC,half_life_days,derived,8.612357398238617,5.203355234654831,4.4212559970694585,7.238539946411354,21.02873558791466,13.513407333964874,-4.901049935726258,4.901049935726258,0.3626805449287286,True,16.6074795908452,4032,54.53140350000467,4032
5,smc_population,1,ABC-SMC,stationary_log_volatility_variance,derived,0.7448874559787653,0.3634859066659756,0.2729220641722025,0.6915246570592067,1.6408714966835596,0.9230769230769228,-0.17818946709815753,0.17818946709815753,0.1930385893563374,True,1.367949432511357,4032,54.53140350000467,4032
5,smc_population,2,ABC-SMC,alpha,parameter,-0.8647675618331283,0.3504628922464989,-1.4477745084486064,-0.8868793851379912,-0.1470902627360772,-0.5,-0.3647675618331283,0.3647675618331283,0.2605482584522345,True,1.3006842457125292,7276,54.53140350000467,7276
5,smc_population,2,ABC-SMC,beta,parameter,0.9190464340308875,0.03130159982753977,0.8605465814083367,0.9197091770428119,0.9849002627287352,0.95,-0.030953565969112473,0.030953565969112473,0.2077420534839763,True,0.12435368132039848,7276,54.53140350000467,7276
5,smc_population,2,ABC-SMC,sigma_eta,parameter,0.3360057799351265,0.09113680740957159,0.13623584146742546,0.3458685463189448,0.4869517307354887,0.3,0.03600577993512649,0.03600577993512649,0.08001284430028109,True,0.35071588926806324,7276,54.53140350000467,7276
5,smc_population,2,ABC-SMC,long_run_log_variance,derived,-10.779568309848685,2.214211341121443,-14.778422819819141,-10.636829464329079,-7.070463049933259,-9.999999999999991,-0.7795683098486936,0.7795683098486936,0.07795683098486943,True,7.707959769885883,7276,54.53140350000467,7276
5,smc_population,2,ABC-SMC,half_life_days,derived,11.161962597383573,10.030780354571618,4.615211210064008,8.281548884094867,45.55713306367084,13.513407333964874,-2.3514447365813016,2.3514447365813016,0.17400827773992517,True,40.94192185360683,7276,54.53140350000467,7276
5,smc_population,2,ABC-SMC,stationary_log_volatility_variance,derived,0.7890644397125954,0.2832885626445516,0.34111889977181115,0.7609365985550995,1.408615446213445,0.9230769230769228,-0.13401248336432736,0.13401248336432736,0.14518019031135468,True,1.067496546441634,7276,54.53140350000467,7276
5,smc_population,3,ABC-SMC,alpha,parameter,-0.8305167989442785,0.3287384308605025,-1.4106935877959776,-0.8268258520416246,-0.21718415159447174,-0.5,-0.33051679894427854,0.33051679894427854,0.23608342781734185,True,1.193509436201506,13585,54.53140350000467,13585
5,smc_population,3,ABC-SMC,beta,parameter,0.9227891734185685,0.029422514690885367,0.8630814954422908,0.9245040886681709,0.9790778366872778,0.95,-0.02721082658143148,0.02721082658143148,0.18262299719081526,True,0.11599634124498692,13585,54.53140350000467,13585
5,smc_population,3,ABC-SMC,sigma_eta,parameter,0.33593845312562154,0.07778971298003706,0.18898146062382312,0.3359581409604553,0.4767973576859264,0.3,0.03593845312562155,0.03593845312562155,0.07986322916804789,True,0.2878158970621033,13585,54.53140350000467,13585
5,smc_population,3,ABC-SMC,long_run_log_variance,derived,-10.871570331954754,2.184692225030938,-14.772430810456196,-10.701063431856234,-7.369628679493935,-9.999999999999991,-0.8715703319547625,0.8715703319547625,0.08715703319547632,True,7.402802130962261,13585,54.53140350000467,13585
5,smc_population,3,ABC-SMC,half_life_days,derived,10.723421072397617,6.6289083226675,4.707404133966522,8.830147229332065,32.78200959976389,13.513407333964874,-2.7899862615672575,2.7899862615672575,0.20646060557612653,True,28.07460546579737,13585,54.53140350000467,13585
5,smc_population,3,ABC-SMC,stationary_log_volatility_variance,derived,0.8179997744244594,0.24162479973218084,0.43258815748295365,0.786382667229993,1.3770250163577995,0.9230769230769228,-0.10507714865246343,0.10507714865246343,0.11383357770683541,True,0.9444368588748459,13585,54.53140350000467,13585
5,smc_population,4,ABC-SMC,alpha,parameter,-0.8003012614821852,0.32858945070401924,-1.4262758895458882,-0.7852749039718927,-0.2116803080182072,-0.5,-0.30030126148218517,0.30030126148218517,0.2145009010587037,True,1.214595581527681,24876,54.53140350000467,24876
5,smc_population,4,ABC-SMC,beta,parameter,0.9259978950055733,0.03031094213525134,0.865079600842353,0.925245514807603,0.9814729712624544,0.95,-0.024002104994426676,0.024002104994426676,0.16108795298272935,True,0.11639337042010134,24876,54.53140350000467,24876
5,smc_population,4,ABC-SMC,sigma_eta,parameter,0.3214503223904861,0.08000862062748186,0.16002339547140085,0.32141549967991456,0.45616536604802405,0.3,0.02145032239048611,0.02145032239048611,0.04766738308996913,True,0.29614197057662317,24876,54.53140350000467,24876
5,smc_population,4,ABC-SMC,long_run_log_variance,derived,-11.004261071731172,2.1554369860176905,-14.757598965718554,-10.750757593585906,-7.642871753453209,-9.999999999999991,-1.0042610717311806,1.0042610717311806,0.10042610717311815,True,7.114727212265345,24876,54.53140350000467,24876
5,smc_population,4,ABC-SMC,half_life_days,derived,11.635212379840464,7.8266802482295095,4.782510423493395,8.921254573208437,37.06510086569512,13.513407333964874,-1.8781949541244103,1.8781949541244103,0.13898751866997427,True,32.28259044220172,24876,54.53140350000467,24876
5,smc_population,4,ABC-SMC,stationary_log_volatility_variance,derived,0.7835347258890033,0.2315822855604547,0.3936956146426655,0.7651342186256866,1.3617822200472633,0.9230769230769228,-0.1395421971879195,0.1395421971879195,0.15117071362024617,True,0.9680866054045978,24876,54.53140350000467,24876
6,smc_population,0,ABC-SMC,alpha,parameter,-0.9168109911324481,0.3193675651135527,-1.4551385249720719,-0.920870523829762,-0.29610585295322345,-0.5,-0.4168109911324481,0.4168109911324481,0.29772213652317725,True,1.1590326720188484,2000,58.87378510000417,2000
6,smc_population,0,ABC-SMC,beta,parameter,0.9034416892427264,0.031680995346826224,0.85296883173984,0.9017966906386031,0.9710435749512207,0.95,-0.04655831075727357,0.04655831075727357,0.3124718842770038,True,0.11807474321138078,2000,58.87378510000417,2000
6,smc_population,0,ABC-SMC,sigma_eta,parameter,0.2915892888375503,0.11404759055219896,0.08696443880563584,0.2973990530897893,0.4718421748059641,0.3,-0.00841071116244968,0.00841071116244968,0.018690469249888177,True,0.38487773600032826,2000,58.87378510000417,2000
6,smc_population,0,ABC-SMC,long_run_log_variance,derived,-9.70971788076331,2.349014989175538,-14.45913801551722,-9.390811693840947,-6.1378961087160135,-9.999999999999991,0.29028211923668046,0.29028211923668046,0.02902821192366807,True,8.321241906801207,2000,58.87378510000417,2000
6,smc_population,0,ABC-SMC,half_life_days,derived,8.30686016438262,6.18639005081997,4.358531592315798,6.705744202300198,23.589324327416843,13.513407333964874,-5.2065471695822545,5.2065471695822545,0.3852875178635378,True,19.230792735101044,2000,58.87378510000417,2000
6,smc_population,0,ABC-SMC,stationary_log_volatility_variance,derived,0.5688098365228711,0.40747811166202486,0.04630270046072481,0.48698070395792137,1.5240563965307259,0.9230769230769228,-0.3542670865540517,0.3542670865540517,0.38378934376688945,True,1.477753696070001,2000,58.87378510000417,2000
6,smc_population,1,ABC-SMC,alpha,parameter,-0.9132466326624404,0.32648519884330934,-1.4706295042131923,-0.9269694500672567,-0.30466335661856997,-0.5,-0.41324663266244044,0.41324663266244044,0.29517616618745746,True,1.1659661475946224,3958,58.87378510000417,3958
6,smc_population,1,ABC-SMC,beta,parameter,0.9098888243586011,0.03071019517672718,0.8563325898882559,0.9069072377748215,0.9676399575790811,0.95,-0.04011117564139888,0.04011117564139888,0.2692025210832139,True,0.11130736769082517,3958,58.87378510000417,3958
6,smc_population,1,ABC-SMC,sigma_eta,parameter,0.33942150907466345,0.08777091003788677,0.1408183220695564,0.3421955507514104,0.48229696344588174,0.3,0.03942150907466346,0.03942150907466346,0.08760335349925213,True,0.34147864137632533,3958,58.87378510000417,3958
6,smc_population,1,ABC-SMC,long_run_log_variance,derived,-10.323773592944445,2.3431600903444956,-14.752595722307793,-10.142580521744447,-6.718869095572009,-9.999999999999991,-0.3237735929444536,0.3237735929444536,0.03237735929444539,True,8.033726626735785,3958,58.87378510000417,3958
6,smc_population,1,ABC-SMC,half_life_days,derived,9.088641602331517,7.049231380258397,4.469136663036963,7.093551819640838,21.07137405286085,13.513407333964874,-4.424765731633357,4.424765731633357,0.3274352368933674,True,16.602237389823888,3958,58.87378510000417,3958
6,smc_population,1,ABC-SMC,stationary_log_volatility_variance,derived,0.7382671834011549,0.32752102587198684,0.2554808497424265,0.6933492758457782,1.4632984665075273,0.9230769230769228,-0.18480973967576786,0.18480973967576786,0.20021055131541524,True,1.2078176167651007,3958,58.87378510000417,3958
6,smc_population,2,ABC-SMC,alpha,parameter,-0.8946854301492113,0.3276137362424694,-1.4482770430351686,-0.9077546635471406,-0.25865185324277656,-0.5,-0.3946854301492113,0.3946854301492113,0.28191816439229384,True,1.189625189792392,7409,58.87378510000417,7409
6,smc_population,2,ABC-SMC,beta,parameter,0.9147969620127101,0.02982374086884368,0.8581586034086699,0.9159534529003576,0.9714864471550779,0.95,-0.035203037987289854,0.035203037987289854,0.23626199991469696,True,0.11332784374640803,7409,58.87378510000417,7409
6,smc_population,2,ABC-SMC,sigma_eta,parameter,0.3441138037484989,0.08335315520279386,0.17172202577911921,0.3549099078308786,0.4824528249913431,0.3,0.044113803748498936,0.044113803748498936,0.0980306749966643,True,0.3107307992122239,7409,58.87378510000417,7409
6,smc_population,2,ABC-SMC,long_run_log_variance,derived,-10.62057060106984,2.2297205941869875,-14.62126287107525,-10.503976089424523,-6.999313965616925,-9.999999999999991,-0.6205706010698488,0.6205706010698488,0.06205706010698494,True,7.621948905458326,7409,58.87378510000417,7409
6,smc_population,2,ABC-SMC,half_life_days,derived,9.283539351324336,4.908291978568979,4.5313705086516745,7.895538248099647,23.961149141741124,13.513407333964874,-4.229867982640538,4.229867982640538,0.3130126901458155,True,19.429778633089448,7409,58.87378510000417,7409
6,smc_population,2,ABC-SMC,stationary_log_volatility_variance,derived,0.7757273977436002,0.2636518776514804,0.3579648292763257,0.7458193137749541,1.3795427266011389,0.9230769230769228,-0.14734952533332257,0.14734952533332257,0.15962865244443283,True,1.021577897324813,7409,58.87378510000417,7409
6,smc_population,3,ABC-SMC,alpha,parameter,-0.8236651133924578,0.32557236457854277,-1.424210352506902,-0.8061479963641418,-0.26328913724272807,-0.5,-0.32366511339245785,0.32366511339245785,0.23118936670889847,True,1.1609212152641741,13812,58.87378510000417,13812
6,smc_population,3,ABC-SMC,beta,parameter,0.9242536137256041,0.028138488243041052,0.8711681006648604,0.9253974886688928,0.9758432253497582,0.95,-0.02574638627439585,0.02574638627439585,0.17279453875433454,True,0.10467512468489781,13812,58.87378510000417,13812
6,smc_population,3,ABC-SMC,sigma_eta,parameter,0.33100438946631,0.08212494404656395,0.16162878504117995,0.3364268414458633,0.47706607707114435,0.3,0.03100438946631001,0.03100438946631001,0.06889864325846669,True,0.3154372920299644,13812,58.87378510000417,13812
6,smc_population,3,ABC-SMC,long_run_log_variance,derived,-10.966878484853357,2.1849642097932933,-14.71806433602607,-10.960498310814197,-7.360319864814262,-9.999999999999991,-0.9668784848533658,0.9668784848533658,0.09668784848533667,True,7.357744471211808,13812,58.87378510000417,13812
6,smc_population,3,ABC-SMC,half_life_days,derived,10.63252788061324,5.717037042585477,5.025707330947848,8.940152826223665,28.345711285227793,13.513407333964874,-2.8808794533516338,2.8808794533516338,0.2131867546174511,True,23.320003954279944,13812,58.87378510000417,13812
6,smc_population,3,ABC-SMC,stationary_log_volatility_variance,derived,0.8003680464484086,0.2561874494789332,0.39896804563911525,0.7791047405252559,1.3868957214842448,0.9230769230769228,-0.12270887662851415,0.12270887662851415,0.13293461634755704,True,0.9879276758451295,13812,58.87378510000417,13812
6,smc_population,4,ABC-SMC,alpha,parameter,-0.7877115170823228,0.3374443783571836,-1.4528264051248123,-0.7698508404419191,-0.1884245342993422,-0.5,-0.2877115170823228,0.2877115170823228,0.20550822648737344,True,1.26440187082547,26956,58.87378510000417,26956
6,smc_population,4,ABC-SMC,beta,parameter,0.928258777880901,0.030311699554755,0.8663837414541743,0.9307936292568516,0.9835614603351869,0.95,-0.021741222119098902,0.021741222119098902,0.14591424241005974,True,0.11717771888101258,26956,58.87378510000417,26956
6,smc_population,4,ABC-SMC,sigma_eta,parameter,0.31727900749662785,0.08345067863521262,0.14209833340047942,0.3220492327141238,0.4766191686888044,0.3,0.017279007496627863,0.017279007496627863,0.03839779443695081,True,0.334520835288325,26956,58.87378510000417,26956
6,smc_population,4,ABC-SMC,long_run_log_variance,derived,-11.133534944704337,2.1545850077858053,-14.84112578441372,-11.089093763261644,-7.566831309466348,-9.999999999999991,-1.133534944704346,1.133534944704346,0.11335349447043469,True,7.2742944749473715,26956,58.87378510000417,26956
6,smc_population,4,ABC-SMC,half_life_days,derived,12.154717638872654,8.515118196647911,4.8327406514880895,9.664939873291106,41.818451783409934,13.513407333964874,-1.3586896950922203,1.3586896950922203,0.10054382743849227,True,36.985711131921846,26956,58.87378510000417,26956
6,smc_population,4,ABC-SMC,stationary_log_volatility_variance,derived,0.7805042915715354,0.21586033217477757,0.41978010270878646,0.767240557211563,1.2263948443573374,0.9230769230769228,-0.14257263150538735,0.14257263150538735,0.15445368413083635,True,0.806614741648551,26956,58.87378510000417,26956
7,smc_population,0,ABC-SMC,alpha,parameter,-0.9204076530795535,0.31157960962231607,-1.4536618520158107,-0.946707309317527,-0.2920670711137714,-0.5,-0.4204076530795535,0.4204076530795535,0.30029118077110967,True,1.1615947809020393,2000,53.93242310000642,2000
7,smc_population,0,ABC-SMC,beta,parameter,0.903424950941877,0.032322034854317026,0.8515294946408202,0.8993880173184489,0.9642887446202534,0.95,-0.04657504905812293,0.04657504905812293,0.3125842218665968,True,0.11275924997943321,2000,53.93242310000642,2000
7,smc_population,0,ABC-SMC,sigma_eta,parameter,0.2804185591083261,0.11220501690743392,0.08620215481702456,0.2724986721076131,0.48010117915154127,0.3,-0.019581440891673907,0.019581440891673907,0.043514313092608684,True,0.39389902433451673,2000,53.93242310000642,2000
7,smc_population,0,ABC-SMC,long_run_log_variance,derived,-9.78591307548954,2.361680641668565,-14.29885146278862,-9.59481642856879,-6.1312837416508215,-9.999999999999991,0.21408692451045042,0.21408692451045042,0.02140869245104506,True,8.1675677211378,2000,53.93242310000642,2000
7,smc_population,0,ABC-SMC,half_life_days,derived,8.076667235920192,4.261183421502569,4.312731829329703,6.536612823668894,19.06109392223812,13.513407333964874,-5.436740098044682,5.436740098044682,0.4023219284140032,True,14.748362092908415,2000,53.93242310000642,2000
7,smc_population,0,ABC-SMC,stationary_log_volatility_variance,derived,0.5344269456451787,0.4000383886759497,0.049562085032043866,0.4281268600756128,1.4804521489747968,0.9230769230769228,-0.3886499774317441,0.3886499774317441,0.42103747555105625,True,1.4308900639427529,2000,53.93242310000642,2000
7,smc_population,1,ABC-SMC,alpha,parameter,-0.913007963534517,0.32652207632079566,-1.4488084374924948,-0.9132208034118594,-0.17240658470954207,-0.5,-0.41300796353451696,0.41300796353451696,0.2950056882389407,True,1.2764018527829526,4020,53.93242310000642,4020
7,smc_population,1,ABC-SMC,beta,parameter,0.9099784774234063,0.031958672223709815,0.8529804144393068,0.9071487056105296,0.9829000917013963,0.95,-0.04002152257659364,0.04002152257659364,0.2686008226617022,True,0.12991967726208942,4020,53.93242310000642,4020
7,smc_population,1,ABC-SMC,sigma_eta,parameter,0.3311434517680554,0.09394047758303584,0.12859204117342365,0.33386847157299354,0.49042524026614,0.3,0.031143451768055386,0.031143451768055386,0.06920767059567863,True,0.36183319909271633,4020,53.93242310000642,4020
7,smc_population,1,ABC-SMC,long_run_log_variance,derived,-10.408837756161654,2.317999946942535,-14.66664898677319,-10.379560830498981,-6.746103711119082,-9.999999999999991,-0.4088377561616632,0.4088377561616632,0.04088377561616635,True,7.920545275654108,4020,53.93242310000642,4020
7,smc_population,1,ABC-SMC,half_life_days,derived,9.362966594339126,7.464334985163678,4.358903783170147,7.112930556476446,40.1875703583832,13.513407333964874,-4.150440739625749,4.150440739625749,0.30713502798024495,True,35.82866657521305,4020,53.93242310000642,4020
7,smc_population,1,ABC-SMC,stationary_log_volatility_variance,derived,0.7074543562710457,0.3263942647972449,0.220282009663509,0.6553237073457288,1.4200542233397486,0.9230769230769228,-0.2156225668058771,0.2156225668058771,0.23359111403970026,True,1.1997722136762397,4020,53.93242310000642,4020
7,smc_population,2,ABC-SMC,alpha,parameter,-0.891837272801929,0.331791446918143,-1.4473222588747938,-0.896946401983006,-0.24506923825498728,-0.5,-0.39183727280192904,0.39183727280192904,0.27988376628709216,True,1.2022530206198065,7112,53.93242310000642,7112
7,smc_population,2,ABC-SMC,beta,parameter,0.9151057188284453,0.030036605523689048,0.8601001082423118,0.9143822776134399,0.9730559273736125,0.95,-0.034894281171554686,0.034894281171554686,0.23418980652050123,True,0.1129558191313007,7112,53.93242310000642,7112
7,smc_population,2,ABC-SMC,sigma_eta,parameter,0.34557198558319263,0.08204774565567291,0.19445105317412495,0.3443857439934157,0.4854662871759356,0.3,0.04557198558319264,0.04557198558319264,0.10127107907376143,True,0.2910152340018106,7112,53.93242310000642,7112
7,smc_population,2,ABC-SMC,long_run_log_variance,derived,-10.657136977644882,2.372464987810698,-14.828211670211694,-10.447280500984936,-6.961385613630657,-9.999999999999991,-0.6571369776448908,0.6571369776448908,0.06571369776448914,True,7.866826056581036,7112,53.93242310000642,7112
7,smc_population,2,ABC-SMC,half_life_days,derived,9.591661414659665,6.950272544869462,4.599318671084029,7.744094650780274,25.37725372321943,13.513407333964874,-3.9217459193052093,3.9217459193052093,0.2902114783033449,True,20.7779350521354,7112,53.93242310000642,7112
7,smc_population,2,ABC-SMC,stationary_log_volatility_variance,derived,0.795362280511825,0.2751061154925104,0.3625220273239018,0.7623483851253715,1.445590749999412,0.9230769230769228,-0.1277146425650978,0.1277146425650978,0.13835752944552265,True,1.0830687226755102,7112,53.93242310000642,7112
7,smc_population,3,ABC-SMC,alpha,parameter,-0.8460107025994272,0.32494094894629333,-1.4459189632828355,-0.8489940675066012,-0.21870122416145815,-0.5,-0.34601070259942723,0.34601070259942723,0.24715050185673376,True,1.2272177391213774,13313,53.93242310000642,13313
7,smc_population,3,ABC-SMC,beta,parameter,0.9222175166115134,0.02978493412522735,0.8666130933336376,0.9228086269500491,0.9761587418485342,0.95,-0.027782483388486545,0.027782483388486545,0.18645962005695665,True,0.10954564851489668,13313,53.93242310000642,13313
7,smc_population,3,ABC-SMC,sigma_eta,parameter,0.33780217602362544,0.08459304598648526,0.1652416076726729,0.3436886821045596,0.4884837572453874,0.3,0.037802176023625456,0.037802176023625456,0.08400483560805656,True,0.32324214957271447,13313,53.93242310000642,13313
7,smc_population,3,ABC-SMC,long_run_log_variance,derived,-11.054595663082283,2.202578965207116,-14.706659316867242,-11.060398619011886,-7.251745888255369,-9.999999999999991,-1.0545956630822921,1.0545956630822921,0.10545956630822931,True,7.454913428611873,13313,53.93242310000642,13313
7,smc_population,3,ABC-SMC,half_life_days,derived,10.762122337278303,7.22542064073754,4.841675727666244,8.628380543293657,28.7254638990062,13.513407333964874,-2.7512849966865716,2.7512849966865716,0.20359668947234616,True,23.88378817133996,13313,53.93242310000642,13313
7,smc_population,3,ABC-SMC,stationary_log_volatility_variance,derived,0.8196033247854929,0.26237990434129094,0.3845585633324352,0.7914594418146305,1.4289177295281292,0.9230769230769228,-0.10347359829142988,0.10347359829142988,0.11209639814904906,True,1.0443591661956941,13313,53.93242310000642,13313
7,smc_population,4,ABC-SMC,alpha,parameter,-0.8012017684114598,0.31874709738578705,-1.384772881316116,-0.8020174352679204,-0.21182295668634346,-0.5,-0.30120176841145985,0.30120176841145985,0.2151441202938999,True,1.1729499246297725,24823,53.93242310000642,24823
7,smc_population,4,ABC-SMC,beta,parameter,0.9262775692799722,0.03042426365278532,0.8578458363510755,0.926504506579187,0.9787902249742289,0.95,-0.023722430720027776,0.023722430720027776,0.1592109444297166,True,0.12094438862315338,24823,53.93242310000642,24823
7,smc_population,4,ABC-SMC,sigma_eta,parameter,0.32220775914725297,0.0811394496277736,0.13788745543542133,0.324404825126403,0.4667017550266223,0.3,0.02220775914725298,0.02220775914725298,0.0493505758827844,True,0.328814299591201,24823,53.93242310000642,24823
7,smc_population,4,ABC-SMC,long_run_log_variance,derived,-11.134284459030063,2.1173370514524645,-14.702428733294546,-11.200644555421487,-7.530175706840222,-9.999999999999991,-1.1342844590300718,1.1342844590300718,0.11342844590300728,True,7.1722530264543245,24823,53.93242310000642,24823
7,smc_population,4,ABC-SMC,half_life_days,derived,11.757167415550853,8.396455287131037,4.520597610309854,9.080169623167702,32.332741290588174,13.513407333964874,-1.7562399184140212,1.7562399184140212,0.1299627751174089,True,27.81214368027832,24823,53.93242310000642,24823
7,smc_population,4,ABC-SMC,stationary_log_volatility_variance,derived,0.7864759794131071,0.22132401694770132,0.42628114311259113,0.762407913460927,1.2715134712181209,0.9230769230769228,-0.1366009436638157,0.1366009436638157,0.1479843556358004,True,0.8452323281055297,24823,53.93242310000642,24823
8,smc_population,0,ABC-SMC,alpha,parameter,-0.9296315040413354,0.3113005998060866,-1.445810109866804,-0.9422021467650893,-0.3286368322778559,-0.5,-0.42963150404133543,0.42963150404133543,0.30687964574381105,True,1.117173277588948,2000,58.72755429999961,2000
8,smc_population,0,ABC-SMC,beta,parameter,0.9034742449296689,0.030767266705676713,0.8528033986665203,0.8994412029782893,0.9670000176387183,0.95,-0.046525755070331076,0.046525755070331076,0.31225338973376554,True,0.11419661897219802,2000,58.72755429999961,2000
8,smc_population,0,ABC-SMC,sigma_eta,parameter,0.2923838513022882,0.11268810536541869,0.08714360720738376,0.28958944729980896,0.48896257074304794,0.3,-0.0076161486977117665,0.0076161486977117665,0.016924774883803926,True,0.40181896353566415,2000,58.72755429999961,2000
8,smc_population,0,ABC-SMC,long_run_log_variance,derived,-9.837333440959195,2.2606060000286363,-14.388380593128959,-9.53806220346212,-6.304516340695661,-9.999999999999991,0.16266655904079563,0.16266655904079563,0.016266655904079576,True,8.083864252433298,2000,58.72755429999961,2000
8,smc_population,0,ABC-SMC,half_life_days,derived,8.119901022595322,5.07636928295032,4.3532220528555,6.540260001403695,20.655959375322794,13.513407333964874,-5.393506311369553,5.393506311369553,0.3991226030620274,True,16.302737322467294,2000,58.72755429999961,2000
8,smc_population,0,ABC-SMC,stationary_log_volatility_variance,derived,0.5814019079293942,0.4267516379337227,0.0400090029182712,0.47333521994513605,1.548743157213401,0.9230769230769228,-0.3416750151475286,0.3416750151475286,0.37014793307648947,True,1.5087341542951298,2000,58.72755429999961,2000
8,smc_population,1,ABC-SMC,alpha,parameter,-0.8955224507474226,0.321030758101802,-1.4571702039522185,-0.8920406206159871,-0.2912185687534228,-0.5,-0.39552245074742265,0.39552245074742265,0.2825160362481591,True,1.1659516351987957,4046,58.72755429999961,4046
8,smc_population,1,ABC-SMC,beta,parameter,0.9106835339798899,0.03129307710328461,0.8556247059274018,0.9109204056534557,0.9728778441282446,0.95,-0.039316466020110075,0.039316466020110075,0.26386889946382597,True,0.11725313820084282,4046,58.72755429999961,4046
8,smc_population,1,ABC-SMC,sigma_eta,parameter,0.3366601661517704,0.08693187210735269,0.17527185173842352,0.34275430100345383,0.48448226458888677,0.3,0.036660166151770424,0.036660166151770424,0.08146703589282316,True,0.30921041285046325,4046,58.72755429999961,4046
8,smc_population,1,ABC-SMC,long_run_log_variance,derived,-10.26025554351122,2.3829593507541995,-14.562093103707204,-9.990777524074158,-6.7155990048167915,-9.999999999999991,-0.2602555435112297,0.2602555435112297,0.026025554351122995,True,7.846494098890412,4046,58.72755429999961,4046
8,smc_population,1,ABC-SMC,half_life_days,derived,8.881518917091007,4.860733485358044,4.44543322019397,7.429249672723847,25.20833092945584,13.513407333964874,-4.631888416873867,4.631888416873867,0.34276243603136153,True,20.76289770926187,4046,58.72755429999961,4046
8,smc_population,1,ABC-SMC,stationary_log_volatility_variance,derived,0.7297145263401152,0.3071919216685252,0.25516249054006507,0.7123672148875126,1.4131009389990146,0.9230769230769228,-0.19336239673680755,0.19336239673680755,0.20947592979820825,True,1.1579384484589494,4046,58.72755429999961,4046
8,smc_population,2,ABC-SMC,alpha,parameter,-0.8828725896090105,0.3348379854206938,-1.4329778623695741,-0.9046405014686556,-0.24404060056078997,-0.5,-0.3828725896090105,0.3828725896090105,0.2734804211492932,True,1.1889372618087841,7373,58.72755429999961,7373
8,smc_population,2,ABC-SMC,beta,parameter,0.916666551739642,0.03105739036198865,0.8613205214480384,0.9142941041671575,0.9779778079875436,0.95,-0.033333448260358,0.033333448260358,0.22371441785475166,True,0.11665728653950524,7373,58.72755429999961,7373
8,smc_population,2,ABC-SMC,sigma_eta,parameter,0.3392388710258232,0.08568801136178689,0.16551752537218473,0.34590291668558437,0.47798537151175285,0.3,0.039238871025823185,0.039238871025823185,0.08719749116849597,True,0.31246784613956813,7373,58.72755429999961,7373
8,smc_population,2,ABC-SMC,long_run_log_variance,derived,-10.779915527658922,2.202465286762912,-14.717652401722079,-10.582659907801515,-7.101211498025952,-9.999999999999991,-0.7799155276589307,0.7799155276589307,0.07799155276589313,True,7.616440903696127,7373,58.72755429999961,7373
8,smc_population,2,ABC-SMC,half_life_days,derived,10.002180862746828,6.67849409983155,4.643002116562649,7.735760158598834,31.127080529744568,13.513407333964874,-3.5112264712180465,3.5112264712180465,0.2598328004509165,True,26.48407841318192,7373,58.72755429999961,7373
8,smc_population,2,ABC-SMC,stationary_log_volatility_variance,derived,0.7773191214007631,0.2656839443849554,0.355973321958995,0.7538221711669311,1.36667149316978,0.9230769230769228,-0.1457578016761597,0.1457578016761597,0.15790428514917307,True,1.0106981712107852,7373,58.72755429999961,7373
8,smc_population,3,ABC-SMC,alpha,parameter,-0.8251015655919868,0.3490014297576575,-1.4440071472895126,-0.8492339462361383,-0.18495539716359988,-0.5,-0.3251015655919868,0.3251015655919868,0.2322154039942763,True,1.2590517501259129,13631,58.72755429999961,13631
8,smc_population,3,ABC-SMC,beta,parameter,0.9247263150946357,0.0304807827417841,0.8656362123965182,0.9239719113383404,0.9806186303967261,0.95,-0.025273684905364302,0.025273684905364302,0.16962204634472683,True,0.11498241800020792,13631,58.72755429999961,13631
8,smc_population,3,ABC-SMC,sigma_eta,parameter,0.32846446878928814,0.08347959248205293,0.1674019540556579,0.3376058918575723,0.4785426357501532,0.3,0.028464468789288155,0.028464468789288155,0.06325437508730701,True,0.3111406816944953,13631,58.72755429999961,13631
8,smc_population,3,ABC-SMC,long_run_log_variance,derived,-11.036946017447011,2.2031915360092387,-14.716615976172962,-10.861630257521773,-7.40134785931384,-9.999999999999991,-1.0369460174470202,1.0369460174470202,0.10369460174470212,True,7.315268116859122,13631,58.72755429999961,13631
8,smc_population,3,ABC-SMC,half_life_days,derived,11.497068133392553,7.860047206198434,4.803829802108303,8.765847527698414,35.4158768553471,13.513407333964874,-2.0163392005723217,2.0163392005723217,0.14921027323023214,True,30.612047053238797,13631,58.72755429999961,13631
8,smc_population,3,ABC-SMC,stationary_log_volatility_variance,derived,0.8055737127469197,0.24290276797323082,0.38359549698751133,0.7786851957197114,1.3499896405178011,0.9230769230769228,-0.1175032103300031,0.1175032103300031,0.12729514452417007,True,0.9663941435302899,13631,58.72755429999961,13631
8,smc_population,4,ABC-SMC,alpha,parameter,-0.7422849251531742,0.33743075834517,-1.4054718864589015,-0.718924130380227,-0.14633531183246334,-0.5,-0.24228492515317424,0.24228492515317424,0.1730606608236959,True,1.2591365746264382,27113,58.72755429999961,27113
8,smc_population,4,ABC-SMC,beta,parameter,0.9318794679200597,0.02922982108811212,0.8725490820360013,0.9319243025147509,0.9850665867950643,0.95,-0.018120532079940244,0.018120532079940244,0.1216143092613439,True,0.11251750475906297,27113,58.72755429999961,27113
8,smc_population,4,ABC-SMC,sigma_eta,parameter,0.31417635377204445,0.0828850022310724,0.15090515393757414,0.3165671664501354,0.45316404154966783,0.3,0.014176353772044459,0.014176353772044459,0.03150300838232102,True,0.3022588876120937,27113,58.72755429999961,27113
8,smc_population,4,ABC-SMC,long_run_log_variance,derived,-10.966726667520664,2.1607692478059843,-14.86314678066602,-10.902497239271518,-7.483398959190722,-9.999999999999991,-0.9667266675206729,0.9667266675206729,0.09667266675206738,True,7.379747821475298,27113,58.72755429999961,27113
8,smc_population,4,ABC-SMC,half_life_days,derived,13.21332882012493,10.193111048511414,5.084095831252015,9.831360592708338,46.06841490346393,13.513407333964874,-0.300078513839944,0.300078513839944,0.022205984502940316,True,40.98431907221192,27113,58.72755429999961,27113
8,smc_population,4,ABC-SMC,stationary_log_volatility_variance,derived,0.8117774891741337,0.2312836242204786,0.4282835730980303,0.779623566021712,1.341467207891197,0.9230769230769228,-0.11129943390278907,0.11129943390278907,0.12057438672802152,True,0.9131836347931668,27113,58.72755429999961,27113
9,smc_population,0,ABC-SMC,alpha,parameter,-0.9025072167670037,0.33071455639863134,-1.4490840501319768,-0.9014770542673857,-0.3025009385614368,-0.5,-0.40250721676700374,0.40250721676700374,0.28750515483357414,True,1.14658311157054,2000,52.59687500000291,2000
9,smc_population,0,ABC-SMC,beta,parameter,0.907385682102408,0.03221550520843618,0.8533685491054747,0.9061054978420631,0.9668567737132936,0.95,-0.04261431789759196,0.04261431789759196,0.2860021335408856,True,0.11348822460781893,2000,52.59687500000291,2000
9,smc_population,0,ABC-SMC,sigma_eta,parameter,0.2780507485822844,0.11378656192961682,0.07917352420020972,0.28131512656352325,0.47702843878960305,0.3,-0.021949251417715587,0.021949251417715587,0.04877611426159019,True,0.3978549145893933,2000,52.59687500000291,2000
9,smc_population,0,ABC-SMC,long_run_log_variance,derived,-9.95775960643814,2.406598582235332,-14.372483808374836,-9.75099535501917,-6.141559533149096,-9.999999999999991,0.042240393561851164,0.042240393561851164,0.00422403935618512,True,8.230924275225739,2000,52.59687500000291,2000
9,smc_population,0,ABC-SMC,half_life_days,derived,8.535019423224744,4.738904360449239,4.371409768751175,7.029923338251668,20.565170190227352,13.513407333964874,-4.97838791074013,4.97838791074013,0.36840360004743944,True,16.193760421476178,2000,52.59687500000291,2000
9,smc_population,0,ABC-SMC,stationary_log_volatility_variance,derived,0.5537960416369304,0.42469180949497165,0.04615368986339038,0.4428751348860003,1.5011431675412117,0.9230769230769228,-0.3692808814399924,0.3692808814399924,0.40005428822665856,True,1.4549894776778214,2000,52.59687500000291,2000
9,smc_population,1,ABC-SMC,alpha,parameter,-0.943323518781429,0.3149792340230862,-1.4636387678294849,-0.9646697336577621,-0.3197577792196916,-0.5,-0.44332351878142895,0.44332351878142895,0.3166596562724493,True,1.1438809886097934,4104,52.59687500000291,4104
9,smc_population,1,ABC-SMC,beta,parameter,0.9066954376505965,0.028868140847132066,0.8565897357750166,0.9043726764824371,0.9632328856192257,0.95,-0.0433045623494035,0.0433045623494035,0.29063464664029187,True,0.10664314984420908,4104,52.59687500000291,4104
9,smc_population,1,ABC-SMC,sigma_eta,parameter,0.3398707665865419,0.08871924764743747,0.16800193635411143,0.3448847890685117,0.4868411441094394,0.3,0.03987076658654193,0.03987076658654193,0.08860170352564872,True,0.318839207755328,4104,52.59687500000291,4104
9,smc_population,1,ABC-SMC,long_run_log_variance,derived,-10.245492076524815,2.2560435843327316,-14.634870538876422,-10.024343278715028,-6.6119577520210635,-9.999999999999991,-0.2454920765248243,0.2454920765248243,0.02454920765248245,True,8.022912786855358,4104,52.59687500000291,4104
9,smc_population,1,ABC-SMC,half_life_days,derived,8.190289477724988,4.339797000657841,4.477804989538115,6.8960433280595375,18.503630953010102,13.513407333964874,-5.323117856239886,5.323117856239886,0.3939138164555029,True,14.025825963471988,4104,52.59687500000291,4104
9,smc_population,1,ABC-SMC,stationary_log_volatility_variance,derived,0.7039292981747188,0.3067048689745639,0.22025766151545267,0.6691043411079218,1.3856662661013315,0.9230769230769228,-0.21914762490220396,0.21914762490220396,0.2374099269773877,True,1.165408604585879,4104,52.59687500000291,4104
9,smc_population,2,ABC-SMC,alpha,parameter,-0.907126210747765,0.31710857509423607,-1.4590787179697735,-0.9116974448614144,-0.3133621681844081,-0.5,-0.407126210747765,0.407126210747765,0.2908044362484036,True,1.1457165497853654,7472,52.59687500000291,7472
9,smc_population,2,ABC-SMC,beta,parameter,0.9149544143181307,0.02823736961108373,0.8612764748543611,0.9125527798796,0.9678270569383857,0.95,-0.03504558568186922,0.03504558568186922,0.23520527303267927,True,0.10655058208402457,7472,52.59687500000291,7472
9,smc_population,2,ABC-SMC,sigma_eta,parameter,0.3448405931524699,0.08417137315144758,0.1713265845945771,0.3525428597884702,0.48922066475197223,0.3,0.04484059315246991,0.04484059315246991,0.09964576256104424,True,0.3178940801573951,7472,52.59687500000291,7472
9,smc_population,2,ABC-SMC,long_run_log_variance,derived,-10.797720779390898,2.174686723052089,-14.640433918670114,-10.634627945217545,-7.180948419693726,-9.999999999999991,-0.7977207793909074,0.7977207793909074,0.0797720779390908,True,7.459485498976388,7472,52.59687500000291,7472
9,smc_population,2,ABC-SMC,half_life_days,derived,9.29901432280259,5.753811310096441,4.641412171217337,7.574604655010985,21.195950752335367,13.513407333964874,-4.214393011162285,4.214393011162285,0.3118675332585989,True,16.55453858111803,7472,52.59687500000291,7472
9,smc_population,2,ABC-SMC,stationary_log_volatility_variance,derived,0.7796773987916978,0.27939778467557225,0.3284233027501865,0.7524189448573365,1.4544294100784512,0.9230769230769228,-0.14339952428522496,0.14339952428522496,0.1553494846423271,True,1.1260061073282648,7472,52.59687500000291,7472
9,smc_population,3,ABC-SMC,alpha,parameter,-0.823725484864531,0.33366233959228314,-1.4239211822134608,-0.8052483506190778,-0.2557045374713821,-0.5,-0.323725484864531,0.323725484864531,0.23123248918895073,True,1.1682166447420785,13471,52.59687500000291,13471
9,smc_population,3,ABC-SMC,beta,parameter,0.9228691375966865,0.030629378739195218,0.8590522950760019,0.9253232948874219,0.9766922628729793,0.95,-0.027130862403313416,0.027130862403313416,0.18208632485445242,True,0.11763996779697738,13471,52.59687500000291,13471
9,smc_population,3,ABC-SMC,sigma_eta,parameter,0.32944472544431636,0.08212911029830056,0.16652178859702632,0.33482340660713766,0.47433110351155594,0.3,0.029444725444316366,0.029444725444316366,0.06543272320959193,True,0.3078093149145296,13471,52.59687500000291,13471
9,smc_population,3,ABC-SMC,long_run_log_variance,derived,-10.8136694391697,2.1706311879508826,-14.76861344256717,-10.668984389067974,-7.245382655770646,-9.999999999999991,-0.8136694391697095,0.8136694391697095,0.08136694391697102,True,7.523230786796525,13471,52.59687500000291,13471
9,smc_population,3,ABC-SMC,half_life_days,derived,10.634591019949788,5.896587348363543,4.562415608755863,8.930917076850792,29.390994935420796,13.513407333964874,-2.8788163140150864,2.8788163140150864,0.21303408110694708,True,24.828579326664933,13471,52.59687500000291,13471
9,smc_population,3,ABC-SMC,stationary_log_volatility_variance,derived,0.7851768050550726,0.24573742890112443,0.37823166760774096,0.7408740383925001,1.335800122315239,0.9230769230769228,-0.1379001180218502,0.1379001180218502,0.1493917945236711,True,0.957568454707498,13471,52.59687500000291,13471
9,smc_population,4,ABC-SMC,alpha,parameter,-0.787533405284715,0.32201712609156125,-1.4355596263885033,-0.7555716927324642,-0.2546938536391038,-0.5,-0.28753340528471505,0.28753340528471505,0.20538100377479648,True,1.1808657727493994,25043,52.59687500000291,25043
9,smc_population,4,ABC-SMC,beta,parameter,0.9271523100027389,0.028558429624720535,0.8721500441961386,0.9306316102883601,0.9762414369349866,0.95,-0.022847689997261056,0.022847689997261056,0.1533402013238997,True,0.10409139273884793,25043,52.59687500000291,25043
9,smc_population,4,ABC-SMC,sigma_eta,parameter,0.318124038735376,0.07588962347287576,0.16357490386678789,0.31878612812717383,0.45451857613069874,0.3,0.01812403873537599,0.01812403873537599,0.04027564163416887,True,0.2909436722639108,25043,52.59687500000291,25043
9,smc_population,4,ABC-SMC,long_run_log_variance,derived,-10.9272829838719,2.07022868650125,-14.544852734585527,-10.86043191864043,-7.464842217976573,-9.999999999999991,-0.9272829838719083,0.9272829838719083,0.09272829838719092,True,7.080010516608954,25043,52.59687500000291,25043
9,smc_population,4,ABC-SMC,half_life_days,derived,11.320373263291595,7.062954879328023,5.067094972784206,9.641536943673364,28.826663039573997,13.513407333964874,-2.1930340706732796,2.1930340706732796,0.16228579635583565,True,23.75956806678979,25043,52.59687500000291,25043
9,smc_population,4,ABC-SMC,stationary_log_volatility_variance,derived,0.7732712345187553,0.22832949774485028,0.4213429549244095,0.7406271624608822,1.2992805401394822,0.9230769230769228,-0.14980568855816745,0.14980568855816745,0.16228949593801478,True,0.8779375852150728,25043,52.59687500000291,25043
