dataset_id,replicate,data_seed,beta_regime,sigma_eta_regime,method,target,target_type,mean,sd,q2.5,median,q97.5,true_value,bias,absolute_error,scaled_absolute_error,covered,interval_width,simulator_calls,runtime_seconds
beta_0.90_sigma_0.15_seed_202601,1,202601,0.9,0.15,Manual ABC,alpha,parameter,-0.9607162599388426,0.3157850867577716,-1.4594006955137429,-0.9858380208756922,-0.27310967155093757,-0.9999999999999998,0.0392837400611572,0.0392837400611572,0.028059814329398004,True,1.1862910239628053,10000,
beta_0.90_sigma_0.15_seed_202601,1,202601,0.9,0.15,Manual ABC,beta,parameter,0.9052735670637391,0.032196804731502854,0.8528163115361103,0.9022593588097485,0.9742761568662222,0.9,0.005273567063739049,0.005273567063739049,0.035393067541872804,True,0.12145984533011189,10000,
beta_0.90_sigma_0.15_seed_202601,1,202601,0.9,0.15,Manual ABC,sigma_eta,parameter,0.17184699698711242,0.05673606992440326,0.06663682724052841,0.1682920994719022,0.29130487530538335,0.15,0.021846996987112427,0.021846996987112427,0.04854888219358317,True,0.22466804806485494,10000,
beta_0.90_sigma_0.15_seed_202601,1,202601,0.9,0.15,Manual ABC,long_run_log_variance,derived,-10.341349743659265,1.7959823897586427,-13.959275017054766,-10.14545283884658,-7.617391669714261,-10.0,-0.34134974365926496,0.34134974365926496,0.034134974365926496,True,6.341883347340505,10000,
beta_0.90_sigma_0.15_seed_202601,1,202601,0.9,0.15,Manual ABC,half_life_days,derived,8.519449706281602,5.599418231864821,4.353636060190612,6.7391851450300635,26.597629690878026,6.578813478960585,1.9406362273210167,1.9406362273210167,0.2949827098043257,True,22.243993630687413,10000,
beta_0.90_sigma_0.15_seed_202601,1,202601,0.9,0.15,Manual ABC,stationary_log_volatility_variance,derived,0.18048921642801022,0.08831797523831554,0.04367631066453552,0.17110154283646958,0.37801291427188005,0.11842105263157898,0.062068163796431236,0.062068163796431236,0.5241311609476413,True,0.3343366036073445,10000,
beta_0.90_sigma_0.15_seed_202601,1,202601,0.9,0.15,Auto ABC,alpha,parameter,-1.0538339894478268,0.2635358913657482,-1.4626592004952355,-1.0804943451071032,-0.49126363336788326,-0.9999999999999998,-0.053833989447827024,0.053833989447827024,0.038452849605590735,True,0.9713955671273522,10000,
beta_0.90_sigma_0.15_seed_202601,1,202601,0.9,0.15,Auto ABC,beta,parameter,0.8877272918484211,0.026450328424958883,0.8510115942836342,0.8830025180993564,0.9454653407768574,0.9,-0.012272708151578882,0.012272708151578882,0.08236716880254281,True,0.09445374649322325,10000,
beta_0.90_sigma_0.15_seed_202601,1,202601,0.9,0.15,Auto ABC,sigma_eta,parameter,0.15263626500283914,0.06449380819542878,0.05253776817013264,0.14719061708575826,0.28840237201468816,0.15,0.0026362650028391443,0.0026362650028391443,0.005858366672975876,True,0.23586460384455551,10000,
beta_0.90_sigma_0.15_seed_202601,1,202601,0.9,0.15,Auto ABC,long_run_log_variance,derived,-9.432298238224213,1.2330833600083555,-11.96117773455894,-9.26594192218376,-7.617391669714261,-10.0,0.5677017617757869,0.5677017617757869,0.05677017617757869,True,4.343786064844678,10000,
beta_0.90_sigma_0.15_seed_202601,1,202601,0.9,0.15,Auto ABC,half_life_days,derived,6.3456999485933006,2.5103199782541976,4.296468209519041,5.570703449290205,12.360401226984607,6.578813478960585,-0.23311353036728466,0.23311353036728466,0.03543397773972386,True,8.063933017465565,10000,
beta_0.90_sigma_0.15_seed_202601,1,202601,0.9,0.15,Auto ABC,stationary_log_volatility_variance,derived,0.1291595151962064,0.09423506702950193,0.014512138996509645,0.10664698558776912,0.34538725811530346,0.11842105263157898,0.010738462564627405,0.010738462564627405,0.0906803505457425,True,0.3308751191187938,10000,
beta_0.90_sigma_0.15_seed_202601,1,202601,0.9,0.15,Wasserstein ABC,alpha,parameter,-1.0270352902389297,0.3325602465622798,-1.4747240265036505,-1.0865610897173488,-0.2686081284626829,-0.9999999999999998,-0.02703529023892992,0.02703529023892992,0.01931092159923566,True,1.2061158980409676,10000,
beta_0.90_sigma_0.15_seed_202601,1,202601,0.9,0.15,Wasserstein ABC,beta,parameter,0.8986394477094705,0.033030229112131625,0.8524776249562782,0.8938397239490616,0.9722680284426632,0.9,-0.0013605522905295597,0.0013605522905295597,0.009131223426372882,True,0.11979040348638503,10000,
beta_0.90_sigma_0.15_seed_202601,1,202601,0.9,0.15,Wasserstein ABC,sigma_eta,parameter,0.26041066288786197,0.12761654141855241,0.059518402114938904,0.26137213961885986,0.48365040923380487,0.15,0.11041066288786197,0.11041066288786197,0.24535702863969328,True,0.42413200711886595,10000,
beta_0.90_sigma_0.15_seed_202601,1,202601,0.9,0.15,Wasserstein ABC,long_run_log_variance,derived,-10.143744164104788,0.3175161886189324,-10.703322831065362,-10.149550969845492,-9.60365056566547,-10.0,-0.1437441641047883,0.1437441641047883,0.014374416410478829,True,1.0996722653998923,10000,
beta_0.90_sigma_0.15_seed_202601,1,202601,0.9,0.15,Wasserstein ABC,half_life_days,derived,7.940043330732419,5.44405356243893,4.3428011492323515,6.176197047039648,24.646316992622985,6.578813478960585,1.3612298517718342,1.3612298517718342,0.2069111483590656,True,20.303515843390635,10000,
beta_0.90_sigma_0.15_seed_202601,1,202601,0.9,0.15,Wasserstein ABC,stationary_log_volatility_variance,derived,0.47027796894053336,0.40144973468693507,0.017638796376964323,0.3913978290939244,1.4124274639681198,0.11842105263157898,0.3518569163089544,0.3518569163089544,2.971236182164503,True,1.3947886675911554,10000,
beta_0.90_sigma_0.15_seed_202601,1,202601,0.9,0.15,ABC-SMC,alpha,parameter,-0.9557893847883986,0.3333894431919511,-1.4775825546063688,-0.9829706614923859,-0.2636849260334681,-0.9999999999999998,0.04421061521160119,0.04421061521160119,0.03157901086542942,True,1.2138976285729006,19384,44.78039649999846
beta_0.90_sigma_0.15_seed_202601,1,202601,0.9,0.15,ABC-SMC,beta,parameter,0.9105659965767738,0.03146624190885977,0.8578727281309851,0.9079730018769279,0.9780111960807011,0.9,0.010565996576773817,0.010565996576773817,0.07091272870317997,True,0.12013846794971594,19384,44.78039649999846
beta_0.90_sigma_0.15_seed_202601,1,202601,0.9,0.15,ABC-SMC,sigma_eta,parameter,0.16090865798454673,0.04547010288025157,0.07288812988262941,0.1609379801902988,0.2483633398933897,0.15,0.010908657984546738,0.010908657984546738,0.02424146218788164,True,0.1754752100107603,19384,44.78039649999846
beta_0.90_sigma_0.15_seed_202601,1,202601,0.9,0.15,ABC-SMC,long_run_log_variance,derived,-10.825057514396512,1.7340146569993515,-14.167608114679327,-10.593929084913961,-8.127987560684616,-10.0,-0.8250575143965122,0.8250575143965122,0.08250575143965122,True,6.039620553994711,19384,44.78039649999846
beta_0.90_sigma_0.15_seed_202601,1,202601,0.9,0.15,ABC-SMC,half_life_days,derived,9.145408264150488,5.9589837913827814,4.521522007320798,7.179849030313578,31.174874470942317,6.578813478960585,2.5665947851899027,2.5665947851899027,0.39013034696879867,True,26.65335246362152,19384,44.78039649999846
beta_0.90_sigma_0.15_seed_202601,1,202601,0.9,0.15,ABC-SMC,stationary_log_volatility_variance,derived,0.16231799155042853,0.05940235295220632,0.06160349101992004,0.159516500415994,0.29905958671210847,0.11842105263157898,0.04389693891884955,0.04389693891884955,0.37068526198139606,True,0.23745609569218842,19384,44.78039649999846
beta_0.90_sigma_0.15_seed_202602,2,202602,0.9,0.15,Manual ABC,alpha,parameter,-1.0617004667689782,0.28769095254837773,-1.4726261506496916,-1.0983506210111633,-0.434404417213506,-0.9999999999999998,-0.061700466768978446,0.061700466768978446,0.04407176197784175,True,1.0382217334361856,10000,
beta_0.90_sigma_0.15_seed_202602,2,202602,0.9,0.15,Manual ABC,beta,parameter,0.8958230753450123,0.029603772699882496,0.8510016104326842,0.8916238670168656,0.957912851170381,0.9,-0.004176924654987757,0.004176924654987757,0.028033051375756755,True,0.10691124073769687,10000,
beta_0.90_sigma_0.15_seed_202602,2,202602,0.9,0.15,Manual ABC,sigma_eta,parameter,0.12437563858788858,0.047323758569605086,0.054200557949011234,0.11866765928285283,0.23400070256652655,0.15,-0.025624361412111413,0.025624361412111413,0.05694302536024758,True,0.1798001446175153,10000,
beta_0.90_sigma_0.15_seed_202602,2,202602,0.9,0.15,Manual ABC,long_run_log_variance,derived,-10.380397121896964,1.7583475788616045,-13.850442130905037,-10.158687109074028,-7.73202781357305,-10.0,-0.38039712189696395,0.38039712189696395,0.038039712189696394,True,6.118414317331987,10000,
beta_0.90_sigma_0.15_seed_202602,2,202602,0.9,0.15,Manual ABC,half_life_days,derived,7.138769765773653,3.345864054115019,4.296155794917878,6.042556772696287,16.120273693332294,6.578813478960585,0.5599562868130681,0.5599562868130681,0.08511508778958998,True,11.824117898414416,10000,
beta_0.90_sigma_0.15_seed_202602,2,202602,0.9,0.15,Manual ABC,stationary_log_volatility_variance,derived,0.08979075964660976,0.05841253715194437,0.01413931378177468,0.07815117139150449,0.23559716263220556,0.11842105263157898,-0.02863029298496922,0.02863029298496922,0.24176691853974,True,0.22145784885043088,10000,
beta_0.90_sigma_0.15_seed_202602,2,202602,0.9,0.15,Auto ABC,alpha,parameter,-1.0400203672134412,0.302850016521451,-1.4656140471258143,-1.0808633918792443,-0.4085889862382246,-0.9999999999999998,-0.04002036721344138,0.04002036721344138,0.028585976581029557,True,1.0570250608875897,10000,
beta_0.90_sigma_0.15_seed_202602,2,202602,0.9,0.15,Auto ABC,beta,parameter,0.898703998563779,0.02901448370385042,0.8523550277605799,0.8949755911894556,0.9590894538900868,0.9,-0.0012960014362209948,0.0012960014362209948,0.008697996216248286,True,0.1067344261295069,10000,
beta_0.90_sigma_0.15_seed_202602,2,202602,0.9,0.15,Auto ABC,sigma_eta,parameter,0.14836677503444867,0.057790346707893736,0.05628250241311725,0.14473106568312644,0.2647402849773161,0.15,-0.001633224965551322,0.001633224965551322,0.003629388812336271,True,0.20845778256419886,10000,
beta_0.90_sigma_0.15_seed_202602,2,202602,0.9,0.15,Auto ABC,long_run_log_variance,derived,-10.337345329121886,1.4643581648738264,-13.235829670976791,-10.260210209053865,-7.73202781357305,-10.0,-0.3373453291218862,0.3373453291218862,0.03373453291218862,True,5.503801857403741,10000,
beta_0.90_sigma_0.15_seed_202602,2,202602,0.9,0.15,Auto ABC,half_life_days,derived,7.392908485603266,3.7264053794729226,4.33889137177651,6.246885973278044,16.594008754333153,6.578813478960585,0.8140950066426811,0.8140950066426811,0.12374495936785601,True,12.255117382556643,10000,
beta_0.90_sigma_0.15_seed_202602,2,202602,0.9,0.15,Auto ABC,stationary_log_volatility_variance,derived,0.134795880315438,0.09082916230166911,0.01663638303112752,0.11759990713184086,0.3480774008643721,0.11842105263157898,0.016374827683859006,0.016374827683859006,0.13827632266369824,True,0.3314410178332446,10000,
beta_0.90_sigma_0.15_seed_202602,2,202602,0.9,0.15,Wasserstein ABC,alpha,parameter,-1.0256668066098849,0.33107018085492274,-1.4747240265036505,-1.070883197475751,-0.2919824635717385,-0.9999999999999998,-0.025666806609885073,0.025666806609885073,0.018333433292775054,True,1.182741562931912,10000,
beta_0.90_sigma_0.15_seed_202602,2,202602,0.9,0.15,Wasserstein ABC,beta,parameter,0.8991743228956796,0.03279749362855987,0.8527243966194722,0.8946381120311955,0.9714172976849397,0.9,-0.0008256771043204658,0.0008256771043204658,0.00554145707597628,True,0.11869290106546748,10000,
beta_0.90_sigma_0.15_seed_202602,2,202602,0.9,0.15,Wasserstein ABC,sigma_eta,parameter,0.26118049966624274,0.12829225889798307,0.059518402114938904,0.2617090250561023,0.4858253249132372,0.15,0.11118049966624274,0.11118049966624274,0.24706777703609498,True,0.4263069227982983,10000,
beta_0.90_sigma_0.15_seed_202602,2,202602,0.9,0.15,Wasserstein ABC,long_run_log_variance,derived,-10.186244020688582,0.32084569142514985,-10.745581200679517,-10.20283009455648,-9.630747908181808,-10.0,-0.1862440206885818,0.1862440206885818,0.01862440206885818,True,1.1148332924977087,10000,
beta_0.90_sigma_0.15_seed_202602,2,202602,0.9,0.15,Wasserstein ABC,half_life_days,derived,7.928247234903766,5.255443107389998,4.3506906975502355,6.225724510817894,23.902333876902482,6.578813478960585,1.3494337559431804,1.3494337559431804,0.205118105302536,True,19.551643179352247,10000,
beta_0.90_sigma_0.15_seed_202602,2,202602,0.9,0.15,Wasserstein ABC,stationary_log_volatility_variance,derived,0.47709193236939773,0.4098384783838154,0.017638796376964323,0.3922798069811032,1.4801706462522561,0.11842105263157898,0.35867087973781875,0.35867087973781875,3.0287763177860243,True,1.4625318498752917,10000,
beta_0.90_sigma_0.15_seed_202602,2,202602,0.9,0.15,ABC-SMC,alpha,parameter,-1.0620681326092556,0.2963527308930459,-1.4776703772301414,-1.1152121104941115,-0.4447694300838831,-0.9999999999999998,-0.06206813260925581,0.06206813260925581,0.04433438043518272,True,1.0329009471462582,16450,37.80907860000298
beta_0.90_sigma_0.15_seed_202602,2,202602,0.9,0.15,ABC-SMC,beta,parameter,0.8996549707033156,0.030347176881596813,0.8513520793683435,0.8976556530653751,0.9573077755421799,0.9,-0.0003450292966844515,0.0003450292966844515,0.0023156328636540365,True,0.10595569617383649,16450,37.80907860000298
beta_0.90_sigma_0.15_seed_202602,2,202602,0.9,0.15,ABC-SMC,sigma_eta,parameter,0.12424990685977977,0.04547240778122076,0.054812626025955706,0.11984842464315786,0.23876900755579422,0.15,-0.025750093140220226,0.025750093140220226,0.05722242920048939,True,0.1839563815298385,16450,37.80907860000298
beta_0.90_sigma_0.15_seed_202602,2,202602,0.9,0.15,ABC-SMC,long_run_log_variance,derived,-10.808913107436728,1.6839018469351295,-13.955366154636891,-10.574393291612353,-8.336820039412196,-10.0,-0.8089131074367284,0.8089131074367284,0.08089131074367284,True,5.618546115224696,16450,37.80907860000298
beta_0.90_sigma_0.15_seed_202602,2,202602,0.9,0.15,ABC-SMC,half_life_days,derived,7.569574521063895,3.8648770300625053,4.307147727695269,6.419887409177679,15.886817861852936,6.578813478960585,0.9907610421033102,0.9907610421033102,0.15059874326454453,True,11.579670134157666,16450,37.80907860000298
beta_0.90_sigma_0.15_seed_202602,2,202602,0.9,0.15,ABC-SMC,stationary_log_volatility_variance,derived,0.08913339338505324,0.051628460767580375,0.01749194429426622,0.08016325898147367,0.24016631698831217,0.11842105263157898,-0.029287659246525738,0.029287659246525738,0.24731801141510615,True,0.22267437269404594,16450,37.80907860000298
beta_0.90_sigma_0.15_seed_202603,3,202603,0.9,0.15,Manual ABC,alpha,parameter,-1.0263103672949188,0.2988572419237987,-1.4766591043963244,-1.0633304282672957,-0.3942356156510032,-0.9999999999999998,-0.02631036729491898,0.02631036729491898,0.018793119496370702,True,1.0824234887453212,10000,
beta_0.90_sigma_0.15_seed_202603,3,202603,0.9,0.15,Manual ABC,beta,parameter,0.8989889990901248,0.03018013557172891,0.8510115942836342,0.8948427622913678,0.960639682586234,0.9,-0.0010110009098752704,0.0010110009098752704,0.006785241005874297,True,0.10962808830259985,10000,
beta_0.90_sigma_0.15_seed_202603,3,202603,0.9,0.15,Manual ABC,sigma_eta,parameter,0.14540861667752789,0.05213634908110008,0.05919934241423788,0.14256019978580262,0.2503655174912183,0.15,-0.004591383322472109,0.004591383322472109,0.01020307404993802,True,0.19116617507698044,10000,
beta_0.90_sigma_0.15_seed_202603,3,202603,0.9,0.15,Manual ABC,long_run_log_variance,derived,-10.340251272222359,1.7578039910703358,-13.948492924459819,-10.126302864705195,-7.73202781357305,-10.0,-0.34025127222235874,0.34025127222235874,0.03402512722223587,True,6.216465110886769,10000,
beta_0.90_sigma_0.15_seed_202603,3,202603,0.9,0.15,Manual ABC,half_life_days,derived,7.529148840036839,4.047345511324759,4.296468209519041,6.23854081174895,17.26141162192963,6.578813478960585,0.9503353610762542,0.9503353610762542,0.14445391469380914,True,12.964943412410587,10000,
beta_0.90_sigma_0.15_seed_202603,3,202603,0.9,0.15,Manual ABC,stationary_log_volatility_variance,derived,0.12328734231868653,0.07012241658460001,0.018536831403028142,0.11487915920337989,0.2777482319799167,0.11842105263157898,0.004866289687107547,0.004866289687107547,0.04109311291335261,True,0.2592114005768886,10000,
beta_0.90_sigma_0.15_seed_202603,3,202603,0.9,0.15,Auto ABC,alpha,parameter,-1.0468628053910418,0.2683062881461327,-1.4643238889993735,-1.0784633187586061,-0.48399273765950457,-0.9999999999999998,-0.04686280539104204,0.04686280539104204,0.033473432422172884,True,0.9803311513398689,10000,
beta_0.90_sigma_0.15_seed_202603,3,202603,0.9,0.15,Auto ABC,beta,parameter,0.8881206087103066,0.02702558608992754,0.8510016104326842,0.8828226718180563,0.9464642126085343,0.9,-0.011879391289693397,0.011879391289693397,0.0797274583200899,True,0.09546260217585012,10000,
beta_0.90_sigma_0.15_seed_202603,3,202603,0.9,0.15,Auto ABC,sigma_eta,parameter,0.13363039444713537,0.0584408422591038,0.05230521221663908,0.12214041124201613,0.2576711853425979,0.15,-0.016369605552864624,0.016369605552864624,0.036376901228588054,True,0.20536597312595883,10000,
beta_0.90_sigma_0.15_seed_202603,3,202603,0.9,0.15,Auto ABC,long_run_log_variance,derived,-9.404862247386106,1.267687197595744,-12.194817052615873,-9.214876809096088,-7.510179896726321,-10.0,0.5951377526138941,0.5951377526138941,0.059513775261389415,True,4.684637155889552,10000,
beta_0.90_sigma_0.15_seed_202603,3,202603,0.9,0.15,Auto ABC,half_life_days,derived,6.398683806865288,2.588598805619881,4.296155794917878,5.561598700254318,12.597609643974405,6.578813478960585,-0.18012967209529762,0.18012967209529762,0.02738026737972773,True,8.301453849056527,10000,
beta_0.90_sigma_0.15_seed_202603,3,202603,0.9,0.15,Auto ABC,stationary_log_volatility_variance,derived,0.10052061124192138,0.07924753479252925,0.014286037369217783,0.07815117139150449,0.298276192007251,0.11842105263157898,-0.0179004413896576,0.0179004413896576,0.15115928284599747,True,0.2839901546380332,10000,
beta_0.90_sigma_0.15_seed_202603,3,202603,0.9,0.15,Wasserstein ABC,alpha,parameter,-1.0270352902389297,0.3325602465622798,-1.4747240265036505,-1.0865610897173488,-0.2686081284626829,-0.9999999999999998,-0.02703529023892992,0.02703529023892992,0.01931092159923566,True,1.2061158980409676,10000,
beta_0.90_sigma_0.15_seed_202603,3,202603,0.9,0.15,Wasserstein ABC,beta,parameter,0.8986394477094706,0.033030229112131625,0.8524776249562782,0.8938397239490616,0.9722680284426632,0.9,-0.0013605522905294487,0.0013605522905294487,0.009131223426372138,True,0.11979040348638503,10000,
beta_0.90_sigma_0.15_seed_202603,3,202603,0.9,0.15,Wasserstein ABC,sigma_eta,parameter,0.26041066288786197,0.12761654141855241,0.059518402114938904,0.26137213961885986,0.48365040923380487,0.15,0.11041066288786197,0.11041066288786197,0.24535702863969328,True,0.42413200711886595,10000,
beta_0.90_sigma_0.15_seed_202603,3,202603,0.9,0.15,Wasserstein ABC,long_run_log_variance,derived,-10.143744164104788,0.3175161886189324,-10.703322831065362,-10.149550969845492,-9.60365056566547,-10.0,-0.1437441641047883,0.1437441641047883,0.014374416410478829,True,1.0996722653998923,10000,
beta_0.90_sigma_0.15_seed_202603,3,202603,0.9,0.15,Wasserstein ABC,half_life_days,derived,7.9400433307324185,5.444053562438931,4.3428011492323515,6.176197047039648,24.646316992622985,6.578813478960585,1.3612298517718333,1.3612298517718333,0.20691114835906546,True,20.303515843390635,10000,
beta_0.90_sigma_0.15_seed_202603,3,202603,0.9,0.15,Wasserstein ABC,stationary_log_volatility_variance,derived,0.4702779689405334,0.4014497346869351,0.017638796376964323,0.3913978290939244,1.4124274639681198,0.11842105263157898,0.35185691630895444,0.35185691630895444,2.9712361821645032,True,1.3947886675911554,10000,
beta_0.90_sigma_0.15_seed_202603,3,202603,0.9,0.15,ABC-SMC,alpha,parameter,-0.9883605926472768,0.3214865980687712,-1.4736589175858485,-1.035370800350126,-0.23910864359234094,-0.9999999999999998,0.011639407352722952,0.011639407352722952,0.00831386239480211,True,1.2345502739935077,17865,41.16658739999548
beta_0.90_sigma_0.15_seed_202603,3,202603,0.9,0.15,ABC-SMC,beta,parameter,0.9070302646683537,0.03247540469846337,0.854685494694532,0.9030431420551728,0.9730712202904162,0.9,0.0070302646683536585,0.0070302646683536585,0.04718298435136683,True,0.11838572559588412,17865,41.16658739999548
beta_0.90_sigma_0.15_seed_202603,3,202603,0.9,0.15,ABC-SMC,sigma_eta,parameter,0.13823757293451244,0.04389179313112336,0.05551589150545721,0.136040701240139,0.2238869141516436,0.15,-0.011762427065487552,0.011762427065487552,0.02613872681219456,True,0.1683710226461864,17865,41.16658739999548
beta_0.90_sigma_0.15_seed_202603,3,202603,0.9,0.15,ABC-SMC,long_run_log_variance,derived,-10.884779554198076,1.7651792456915938,-14.055349117126301,-10.599675151418909,-8.235396727212812,-10.0,-0.8847795541980759,0.8847795541980759,0.08847795541980759,True,5.819952389913489,17865,41.16658739999548
beta_0.90_sigma_0.15_seed_202603,3,202603,0.9,0.15,ABC-SMC,half_life_days,derived,8.754842040155062,5.653477659064684,4.414339492471367,6.79656339706328,25.391864148489447,6.578813478960585,2.1760285611944763,2.1760285611944763,0.3307630727263416,True,20.97752465601808,17865,41.16658739999548
beta_0.90_sigma_0.15_seed_202603,3,202603,0.9,0.15,ABC-SMC,stationary_log_volatility_variance,derived,0.11657982902748516,0.050960767474987435,0.034331075710535355,0.11284045170952818,0.22814864210505736,0.11842105263157898,-0.0018412236040938196,0.0018412236040938196,0.015548110434570028,True,0.19381756639452202,17865,41.16658739999548
beta_0.90_sigma_0.15_seed_202604,4,202604,0.9,0.15,Manual ABC,alpha,parameter,-1.0692049245148338,0.2852126776931097,-1.4693750933970777,-1.1166122898956685,-0.4147321521977927,-0.9999999999999998,-0.06920492451483407,0.06920492451483407,0.049432088939167194,True,1.054642941199285,10000,
beta_0.90_sigma_0.15_seed_202604,4,202604,0.9,0.15,Manual ABC,beta,parameter,0.8949166081185923,0.029564051588736186,0.851283971312929,0.8896692189217418,0.9585974138678557,0.9,-0.005083391881407717,0.005083391881407717,0.0341167240362934,True,0.1073134425549267,10000,
beta_0.90_sigma_0.15_seed_202604,4,202604,0.9,0.15,Manual ABC,sigma_eta,parameter,0.12666528128808094,0.04777060654054274,0.05531408968055208,0.1197530910135213,0.23127765986444748,0.15,-0.023334718711919056,0.023334718711919056,0.05185493047093123,True,0.1759635701838954,10000,
beta_0.90_sigma_0.15_seed_202604,4,202604,0.9,0.15,Manual ABC,long_run_log_variance,derived,-10.367227118492718,1.7632969928033844,-13.939761803908342,-10.149550969845492,-7.801615282438487,-10.0,-0.3672271184927176,0.3672271184927176,0.03672271184927176,True,6.138146521469855,10000,
beta_0.90_sigma_0.15_seed_202604,4,202604,0.9,0.15,Manual ABC,half_life_days,derived,7.087505733267934,3.417029486921198,4.305007574418806,5.929121275116964,16.39262377911302,6.578813478960585,0.5086922543073484,0.5086922543073484,0.077322796266253,True,12.087616204694214,10000,
beta_0.90_sigma_0.15_seed_202604,4,202604,0.9,0.15,Manual ABC,stationary_log_volatility_variance,derived,0.09184594650300922,0.058553008264037726,0.014626593349173048,0.07869500229543337,0.23932205371470458,0.11842105263157898,-0.026575106128569767,0.026575106128569767,0.2244120073079224,True,0.22469546036553154,10000,
beta_0.90_sigma_0.15_seed_202604,4,202604,0.9,0.15,Auto ABC,alpha,parameter,-1.0416362291030241,0.2623643646425713,-1.4643238889993735,-1.0636249867167524,-0.49126363336788326,-0.9999999999999998,-0.041636229103024336,0.041636229103024336,0.029740163645017383,True,0.9730602556314902,10000,
beta_0.90_sigma_0.15_seed_202604,4,202604,0.9,0.15,Auto ABC,beta,parameter,0.887239353843815,0.026674199405516012,0.8510115942836342,0.8821200358392025,0.9464642126085343,0.9,-0.012760646156184996,0.012760646156184996,0.08564192051130869,True,0.09545261832490015,10000,
beta_0.90_sigma_0.15_seed_202604,4,202604,0.9,0.15,Auto ABC,sigma_eta,parameter,0.1340285360777977,0.05861721792688279,0.05230521221663908,0.12280262586964319,0.2576711853425979,0.15,-0.015971463922202306,0.015971463922202306,0.035492142049338454,True,0.20536597312595883,10000,
beta_0.90_sigma_0.15_seed_202604,4,202604,0.9,0.15,Auto ABC,long_run_log_variance,derived,-9.290249664486538,1.264176751561121,-12.076028021907065,-9.119201771765587,-7.469188401556103,-10.0,0.709750335513462,0.709750335513462,0.0709750335513462,True,4.6068396203509625,10000,
beta_0.90_sigma_0.15_seed_202604,4,202604,0.9,0.15,Auto ABC,half_life_days,derived,6.332813649367773,2.5642864013222786,4.296468209519041,5.5262935609152315,12.597609643974405,6.578813478960585,-0.24599982959281252,0.24599982959281252,0.03739273508506265,True,8.301141434455364,10000,
beta_0.90_sigma_0.15_seed_202604,4,202604,0.9,0.15,Auto ABC,stationary_log_volatility_variance,derived,0.10061379771788129,0.07960214545516203,0.01405544363580349,0.0782307257530662,0.298276192007251,0.11842105263157898,-0.017807254913697695,0.017807254913697695,0.1503723748267805,True,0.2842207483714475,10000,
beta_0.90_sigma_0.15_seed_202604,4,202604,0.9,0.15,Wasserstein ABC,alpha,parameter,-1.0241336218922947,0.332631930977855,-1.4723934783839199,-1.0854678642713147,-0.2686081284626829,-0.9999999999999998,-0.024133621892294954,0.024133621892294954,0.017238301351639253,True,1.203785349921237,10000,
beta_0.90_sigma_0.15_seed_202604,4,202604,0.9,0.15,Wasserstein ABC,beta,parameter,0.8986953672160252,0.03309420668967064,0.8524776249562782,0.8938397239490616,0.9722680284426632,0.9,-0.0013046327839748573,0.0013046327839748573,0.00875592472466347,True,0.11979040348638503,10000,
beta_0.90_sigma_0.15_seed_202604,4,202604,0.9,0.15,Wasserstein ABC,sigma_eta,parameter,0.26177876655928756,0.12871109102685346,0.059518402114938904,0.2625376284778309,0.48365040923380487,0.15,0.11177876655928756,0.11177876655928756,0.24839725902063903,True,0.42413200711886595,10000,
beta_0.90_sigma_0.15_seed_202604,4,202604,0.9,0.15,Wasserstein ABC,long_run_log_variance,derived,-10.120864226646262,0.3151519358734509,-10.68647826296263,-10.12941983824915,-9.587541212586755,-10.0,-0.12086422664626184,0.12086422664626184,0.012086422664626183,True,1.0989370503758753,10000,
beta_0.90_sigma_0.15_seed_202604,4,202604,0.9,0.15,Wasserstein ABC,half_life_days,derived,7.948791167908945,5.447552236769748,4.3428011492323515,6.176197047039648,24.646316992622985,6.578813478960585,1.3699776889483601,1.3699776889483601,0.20824084667085116,True,20.303515843390635,10000,
beta_0.90_sigma_0.15_seed_202604,4,202604,0.9,0.15,Wasserstein ABC,stationary_log_volatility_variance,derived,0.47592351975050284,0.41096512520155404,0.017638796376964323,0.3922798069811032,1.4801706462522561,0.11842105263157898,0.35750246711892386,0.35750246711892386,3.0189097223375785,True,1.4625318498752917,10000,
beta_0.90_sigma_0.15_seed_202604,4,202604,0.9,0.15,ABC-SMC,alpha,parameter,-1.0821024103916437,0.27640303160508684,-1.4756657516205278,-1.1265016418101665,-0.4850523717184496,-0.9999999999999998,-0.0821024103916439,0.0821024103916439,0.05864457885117422,True,0.9906133799020782,16276,37.54231869999785
beta_0.90_sigma_0.15_seed_202604,4,202604,0.9,0.15,ABC-SMC,beta,parameter,0.8970927914645944,0.02777440679067301,0.8523640255642159,0.8943340463374414,0.9538767650730012,0.9,-0.002907208535405603,0.002907208535405603,0.019511466680574515,True,0.10151273950878537,16276,37.54231869999785
beta_0.90_sigma_0.15_seed_202604,4,202604,0.9,0.15,ABC-SMC,sigma_eta,parameter,0.12617447709967786,0.039125675272209615,0.061433122397954815,0.12262503893497026,0.21885579632800115,0.15,-0.023825522900322138,0.023825522900322138,0.052945606445160304,True,0.15742267393004633,16276,37.54231869999785
beta_0.90_sigma_0.15_seed_202604,4,202604,0.9,0.15,ABC-SMC,long_run_log_variance,derived,-10.682734791853054,1.594971450726768,-13.834657738738146,-10.48993377957764,-8.309023353157537,-10.0,-0.6827347918530542,0.6827347918530542,0.06827347918530542,True,5.525634385580609,16276,37.54231869999785
beta_0.90_sigma_0.15_seed_202604,4,202604,0.9,0.15,ABC-SMC,half_life_days,derived,7.073368400355571,2.772708520449303,4.339178102667352,6.206773856832155,14.678855166413157,6.578813478960585,0.494554921394986,0.494554921394986,0.07517387793051139,True,10.339677063745805,16276,37.54231869999785
beta_0.90_sigma_0.15_seed_202604,4,202604,0.9,0.15,ABC-SMC,stationary_log_volatility_variance,derived,0.089714246814655,0.04725777283136989,0.020309229098092834,0.08208390337593095,0.19945651174041223,0.11842105263157898,-0.02870680581692399,0.02870680581692399,0.24241302689846916,True,0.1791472826423194,16276,37.54231869999785
beta_0.90_sigma_0.15_seed_202605,5,202605,0.9,0.15,Manual ABC,alpha,parameter,-1.0486203930884874,0.28816055559087966,-1.4756049261963269,-1.0868905072686958,-0.46399787806221093,-0.9999999999999998,-0.048620393088487646,0.048620393088487646,0.03472885220606261,True,1.011607048134116,10000,
beta_0.90_sigma_0.15_seed_202605,5,202605,0.9,0.15,Manual ABC,beta,parameter,0.8965723846835894,0.02925708237261141,0.8510016104326842,0.8917458598900909,0.957663075531603,0.9,-0.0034276153164106704,0.0034276153164106704,0.023004129640340067,True,0.10666146509891883,10000,
beta_0.90_sigma_0.15_seed_202605,5,202605,0.9,0.15,Manual ABC,sigma_eta,parameter,0.12226798530893446,0.04692770612848997,0.05263251020312326,0.11705797084346684,0.23127765986444748,0.15,-0.027732014691065537,0.027732014691065537,0.06162669931347897,True,0.17864514966132422,10000,
beta_0.90_sigma_0.15_seed_202605,5,202605,0.9,0.15,Manual ABC,long_run_log_variance,derived,-10.321207118542823,1.7654302510399724,-13.731669872853693,-10.049558200957119,-7.684148943740877,-10.0,-0.3212071185428229,0.3212071185428229,0.032120711854282294,True,6.0475209291128165,10000,
beta_0.90_sigma_0.15_seed_202605,5,202605,0.9,0.15,Manual ABC,half_life_days,derived,7.1752566615501205,3.308732605392289,4.296155794917878,6.04977212200711,16.023094330918116,6.578813478960585,0.5964431825895353,0.5964431825895353,0.09066120881782012,True,11.726938536000238,10000,
beta_0.90_sigma_0.15_seed_202605,5,202605,0.9,0.15,Manual ABC,stationary_log_volatility_variance,derived,0.08802615772802376,0.05862568960912848,0.01413931378177468,0.07695159588087076,0.23341898066475333,0.11842105263157898,-0.030394894903555222,0.030394894903555222,0.2566680014077996,True,0.21927966688297865,10000,
beta_0.90_sigma_0.15_seed_202605,5,202605,0.9,0.15,Auto ABC,alpha,parameter,-1.0216221589310317,0.24302413352428243,-1.4563399493047438,-1.0409065630570145,-0.514381489933894,-0.9999999999999998,-0.02162215893103192,0.02162215893103192,0.015444399236451373,True,0.9419584593708498,10000,
beta_0.90_sigma_0.15_seed_202605,5,202605,0.9,0.15,Auto ABC,beta,parameter,0.8818277964556208,0.02390896140399418,0.8506545143471772,0.8763162825427726,0.9395305330112951,0.9,-0.018172203544379206,0.018172203544379206,0.12196109761328325,True,0.08887601866411787,10000,
beta_0.90_sigma_0.15_seed_202605,5,202605,0.9,0.15,Auto ABC,sigma_eta,parameter,0.16021621099993344,0.07360092359300215,0.05263251020312326,0.15247507371309021,0.31381679857238065,0.15,0.010216210999933445,0.010216210999933445,0.02270269111096321,True,0.2611842883692574,10000,
beta_0.90_sigma_0.15_seed_202605,5,202605,0.9,0.15,Auto ABC,long_run_log_variance,derived,-8.681118149305476,1.3727606811881892,-11.76485326896048,-8.37976867365906,-6.734459664941556,-10.0,1.318881850694524,1.318881850694524,0.13188818506945238,True,5.030393604018923,10000,
beta_0.90_sigma_0.15_seed_202605,5,202605,0.9,0.15,Auto ABC,half_life_days,derived,5.846542136171385,1.7379459539317337,4.285320374342357,5.249993411609385,11.112586918287551,6.578813478960585,-0.7322713427892005,0.7322713427892005,0.11130750934511904,True,6.8272665439451945,10000,
beta_0.90_sigma_0.15_seed_202605,5,202605,0.9,0.15,Auto ABC,stationary_log_volatility_variance,derived,0.13849412684532172,0.11114007316912947,0.0135180168394746,0.10668593480586445,0.397483175502081,0.11842105263157898,0.020073074213742742,0.020073074213742742,0.1695059600271609,True,0.3839651586626064,10000,
beta_0.90_sigma_0.15_seed_202605,5,202605,0.9,0.15,Wasserstein ABC,alpha,parameter,-1.0238292569264886,0.33315945144728626,-1.4747240265036505,-1.076442097966012,-0.27310967155093757,-0.9999999999999998,-0.02382925692648885,0.02382925692648885,0.017020897804634894,True,1.201614354952713,10000,
beta_0.90_sigma_0.15_seed_202605,5,202605,0.9,0.15,Wasserstein ABC,beta,parameter,0.8990394154624985,0.03306541428965701,0.8527164298753586,0.894288019775941,0.9715705856341613,0.9,-0.0009605845375014743,0.0009605845375014743,0.006446876090613921,True,0.11885415575880276,10000,
beta_0.90_sigma_0.15_seed_202605,5,202605,0.9,0.15,Wasserstein ABC,sigma_eta,parameter,0.2614256541343612,0.12822050640756077,0.059518402114938904,0.2625376284778309,0.4858253249132372,0.15,0.1114256541343612,0.1114256541343612,0.2476125647430249,True,0.4263069227982983,10000,
beta_0.90_sigma_0.15_seed_202605,5,202605,0.9,0.15,Wasserstein ABC,long_run_log_variance,derived,-10.153252788887643,0.31762116648980937,-10.7039190800638,-10.153936154900586,-9.609290654766413,-10.0,-0.15325278888764338,0.15325278888764338,0.015325278888764338,True,1.0946284252973868,10000,
beta_0.90_sigma_0.15_seed_202605,5,202605,0.9,0.15,Wasserstein ABC,half_life_days,derived,7.946963917111731,5.311216176317828,4.350435580374267,6.203914777360687,24.033099185948075,6.578813478960585,1.3681504381511456,1.3681504381511456,0.20796309889717463,True,19.682663605573808,10000,
beta_0.90_sigma_0.15_seed_202605,5,202605,0.9,0.15,Wasserstein ABC,stationary_log_volatility_variance,derived,0.4807982790899282,0.42190593906558516,0.017638796376964323,0.3922798069811032,1.4915937769266023,0.11842105263157898,0.36237722645834924,0.36237722645834924,3.060074356759393,True,1.473954980549638,10000,
beta_0.90_sigma_0.15_seed_202605,5,202605,0.9,0.15,ABC-SMC,alpha,parameter,-1.035697460361404,0.3043606069741134,-1.4687820004411654,-1.0813872028839948,-0.37941939202721586,-0.9999999999999998,-0.0356974603614042,0.0356974603614042,0.025498185972431572,True,1.0893626084139494,17669,40.94595539999864
beta_0.90_sigma_0.15_seed_202605,5,202605,0.9,0.15,ABC-SMC,beta,parameter,0.9015896090806802,0.03079074404279986,0.8545105850568697,0.8986824093772317,0.9615350041479708,0.9,0.0015896090806801766,0.0015896090806801766,0.010668517320001184,True,0.10702441909110105,17669,40.94595539999864
beta_0.90_sigma_0.15_seed_202605,5,202605,0.9,0.15,ABC-SMC,sigma_eta,parameter,0.11497973665736168,0.04134369243409432,0.05335816112396184,0.10995272140432713,0.20424740836511474,0.15,-0.035020263342638316,0.035020263342638316,0.07782280742808514,True,0.15088924724115288,17669,40.94595539999864
beta_0.90_sigma_0.15_seed_202605,5,202605,0.9,0.15,ABC-SMC,long_run_log_variance,derived,-10.697043075689207,1.6754650987239492,-13.963008687913879,-10.320075474501005,-8.247642539717528,-10.0,-0.6970430756892068,0.6970430756892068,0.06970430756892068,True,5.715366148196351,17669,40.94595539999864
beta_0.90_sigma_0.15_seed_202605,5,202605,0.9,0.15,ABC-SMC,half_life_days,derived,7.797805859728223,4.158284130458832,4.408593141616416,6.488588164614284,17.671367602266166,6.578813478960585,1.218992380767638,1.218992380767638,0.18529061276262718,True,13.26277446064975,17669,40.94595539999864
beta_0.90_sigma_0.15_seed_202605,5,202605,0.9,0.15,ABC-SMC,stationary_log_volatility_variance,derived,0.07843040991522922,0.04440443616930075,0.017501234177880697,0.07008553471101722,0.18559242906759454,0.11842105263157898,-0.039990642716349764,0.039990642716349764,0.33769876071584237,True,0.16809119488971386,17669,40.94595539999864
beta_0.90_sigma_0.30_seed_202601,1,202601,0.9,0.3,Manual ABC,alpha,parameter,-1.0619787187008205,0.2852167272265287,-1.482015252021748,-1.091711900846077,-0.4689357596486694,-0.9999999999999998,-0.06197871870082072,0.06197871870082072,0.044270513357729094,True,1.0130794923730786,10000,
beta_0.90_sigma_0.30_seed_202601,1,202601,0.9,0.3,Manual ABC,beta,parameter,0.8977340388590397,0.027538853263985523,0.8537478380685738,0.8966854862530775,0.9534126890559409,0.9,-0.0022659611409603375,0.0022659611409603375,0.015207792892351257,True,0.0996648509873671,10000,
beta_0.90_sigma_0.30_seed_202601,1,202601,0.9,0.3,Manual ABC,sigma_eta,parameter,0.34000780927984564,0.06938792980422714,0.19463149889488984,0.3413915072589669,0.47576796267497456,0.3,0.04000780927984565,0.04000780927984565,0.08890624284410145,True,0.2811364637800847,10000,
beta_0.90_sigma_0.30_seed_202601,1,202601,0.9,0.3,Manual ABC,long_run_log_variance,derived,-10.563884054846685,1.9512716592305974,-14.398551126621186,-10.229579055395167,-7.679528464286762,-10.0,-0.5638840548466852,0.5638840548466852,0.05638840548466852,True,6.719022662334424,10000,
beta_0.90_sigma_0.30_seed_202601,1,202601,0.9,0.3,Manual ABC,half_life_days,derived,7.350583832832929,4.62321216772854,4.383694719978117,6.3562265121852874,14.529125205027702,6.578813478960585,0.7717703538723439,0.7717703538723439,0.11731148121777717,True,10.145430485049584,10000,
beta_0.90_sigma_0.30_seed_202601,1,202601,0.9,0.3,Manual ABC,stationary_log_volatility_variance,derived,0.6218536217757393,0.1792406685539859,0.33271040186258155,0.602518609457757,1.0277398021791053,0.47368421052631593,0.1481694112494234,0.1481694112494234,0.3128020904154493,True,0.6950294003165238,10000,
beta_0.90_sigma_0.30_seed_202601,1,202601,0.9,0.3,Auto ABC,alpha,parameter,-1.1285334872875925,0.2148525698596278,-1.4717977399047568,-1.1538718035471947,-0.6944356133285663,-0.9999999999999998,-0.12853348728759273,0.12853348728759273,0.09180963377685196,True,0.7773621265761905,10000,
beta_0.90_sigma_0.30_seed_202601,1,202601,0.9,0.3,Auto ABC,beta,parameter,0.8787686312316855,0.01861760563213431,0.8509806244755582,0.8761803419126172,0.9221157684147957,0.9,-0.02123136876831455,0.02123136876831455,0.14249240784103723,True,0.07113514393923748,10000,
beta_0.90_sigma_0.30_seed_202601,1,202601,0.9,0.3,Auto ABC,sigma_eta,parameter,0.3687345299677389,0.06880933085916383,0.23928662847519638,0.36721734270298356,0.4910677433877847,0.3,0.06873452996773893,0.06873452996773893,0.15274339992830874,True,0.2517811149125883,10000,
beta_0.90_sigma_0.30_seed_202601,1,202601,0.9,0.3,Auto ABC,long_run_log_variance,derived,-9.369004478114547,1.4872625082960538,-12.074954100165694,-9.420249912146282,-6.5269136914218935,-10.0,0.6309955218854526,0.6309955218854526,0.06309955218854527,True,5.548040408743801,10000,
beta_0.90_sigma_0.30_seed_202601,1,202601,0.9,0.3,Auto ABC,half_life_days,derived,5.527500126223227,1.111300494687857,4.29549923863478,5.243831660897758,8.548454657861202,6.578813478960585,-1.051313352737358,1.051313352737358,0.1598028817961654,True,4.252955419226422,10000,
beta_0.90_sigma_0.30_seed_202601,1,202601,0.9,0.3,Auto ABC,stationary_log_volatility_variance,derived,0.6214751619161002,0.22085805649642126,0.28740299147318377,0.5865851134323725,1.1099319871577384,0.47368421052631593,0.14779095138978426,0.14779095138978426,0.3120031196006556,True,0.8225289956845547,10000,
beta_0.90_sigma_0.30_seed_202601,1,202601,0.9,0.3,Wasserstein ABC,alpha,parameter,-1.0036392772230471,0.34140235942229696,-1.4723934783839199,-1.0526058848306312,-0.26241080498854075,-0.9999999999999998,-0.0036392772230473547,0.0036392772230473547,0.0025994837307481105,True,1.2099826733953791,10000,
beta_0.90_sigma_0.30_seed_202601,1,202601,0.9,0.3,Wasserstein ABC,beta,parameter,0.9003606514104259,0.03413821155329451,0.8524776249562782,0.8949579405231489,0.9735907863911725,0.9,0.0003606514104258496,0.0003606514104258496,0.002420479264603017,True,0.12111316143489426,10000,
beta_0.90_sigma_0.30_seed_202601,1,202601,0.9,0.3,Wasserstein ABC,sigma_eta,parameter,0.2640785674582037,0.12931548830460057,0.059518402114938904,0.2674083378366984,0.4858253249132372,0.3,-0.035921432541796305,0.035921432541796305,0.07982540564843624,True,0.4263069227982983,10000,
beta_0.90_sigma_0.30_seed_202601,1,202601,0.9,0.3,Wasserstein ABC,long_run_log_variance,derived,-10.089040197218623,0.31847886903632305,-10.676626534231614,-10.090210702694723,-9.518012396779797,-10.0,-0.08904019721862255,0.08904019721862255,0.008904019721862255,True,1.158614137451817,10000,
beta_0.90_sigma_0.30_seed_202601,1,202601,0.9,0.3,Wasserstein ABC,half_life_days,derived,8.22297021909144,5.693015770907356,4.3428011492323515,6.245775830835851,25.8982954809104,6.578813478960585,1.644156740130855,1.644156740130855,0.24991691060841906,True,21.555494331678048,10000,
beta_0.90_sigma_0.30_seed_202601,1,202601,0.9,0.3,Wasserstein ABC,stationary_log_volatility_variance,derived,0.5070164588963779,0.4553115448768579,0.017638796376964323,0.4127487260990611,1.655297118442538,0.47368421052631593,0.03333224837006199,0.03333224837006199,0.07036807989235307,True,1.6376583220655736,10000,
beta_0.90_sigma_0.30_seed_202601,1,202601,0.9,0.3,ABC-SMC,alpha,parameter,-1.0701612047598033,0.29377535956139855,-1.4656627858010487,-1.133966708676493,-0.3647722998459753,-0.9999999999999998,-0.07016120475980347,0.07016120475980347,0.05011514625700249,True,1.1008904859550734,22545,52.8256521000003
beta_0.90_sigma_0.30_seed_202601,1,202601,0.9,0.3,ABC-SMC,beta,parameter,0.9000949332582305,0.02862351648473586,0.8533927098135138,0.8967315579699083,0.9625647741033916,0.9,9.49332582305118e-05,9.49332582305118e-05,0.0006371359612786026,True,0.1091720642898778,22545,52.8256521000003
beta_0.90_sigma_0.30_seed_202601,1,202601,0.9,0.3,ABC-SMC,sigma_eta,parameter,0.3410571141241725,0.06889170367314522,0.1871046992464835,0.34884725381699466,0.4549334779474917,0.3,0.04105711412417251,0.04105711412417251,0.09123803138705003,True,0.2678287787010082,22545,52.8256521000003
beta_0.90_sigma_0.30_seed_202601,1,202601,0.9,0.3,ABC-SMC,long_run_log_variance,derived,-10.903004155358959,1.81256672278996,-14.515521088732072,-10.774964295536492,-8.079820861021346,-10.0,-0.9030041553589587,0.9030041553589587,0.09030041553589588,True,6.435700227710726,22545,52.8256521000003
beta_0.90_sigma_0.30_seed_202601,1,202601,0.9,0.3,ABC-SMC,half_life_days,derived,7.592072738213943,4.158399902934297,4.372190428887654,6.359222644812536,18.167130122978527,6.578813478960585,1.013259259253358,1.013259259253358,0.15401854186835026,True,13.794939694090873,22545,52.8256521000003
beta_0.90_sigma_0.30_seed_202601,1,202601,0.9,0.3,ABC-SMC,stationary_log_volatility_variance,derived,0.6352593451621888,0.15239804354941375,0.3630136813547696,0.6285535715167393,0.9509029626516949,0.47368421052631593,0.16157513463587292,0.16157513463587292,0.34110306200906493,True,0.5878892812969254,22545,52.8256521000003
beta_0.90_sigma_0.30_seed_202602,2,202602,0.9,0.3,Manual ABC,alpha,parameter,-1.0766024073380192,0.28364219677440844,-1.482015252021748,-1.1166635739938149,-0.43597903955835116,-0.9999999999999998,-0.07660240733801937,0.07660240733801937,0.05471600524144241,True,1.0460362124633968,10000,
beta_0.90_sigma_0.30_seed_202602,2,202602,0.9,0.3,Manual ABC,beta,parameter,0.8962110883616319,0.027830047199820004,0.8533255654417148,0.89484135507536,0.9545803763417741,0.9,-0.003788911638368142,0.003788911638368142,0.02542893717025598,True,0.10125481090005928,10000,
beta_0.90_sigma_0.30_seed_202602,2,202602,0.9,0.3,Manual ABC,sigma_eta,parameter,0.31899823533820676,0.0678403698231398,0.1785833997698255,0.3223599623679132,0.4478945187042519,0.3,0.01899823533820677,0.01899823533820677,0.0422183007515706,True,0.2693111189344264,10000,
beta_0.90_sigma_0.30_seed_202602,2,202602,0.9,0.3,Manual ABC,long_run_log_variance,derived,-10.55260692794939,1.849561241070463,-14.337458840618716,-10.330171577444984,-7.686644987640399,-10.0,-0.5526069279493893,0.5526069279493893,0.05526069279493893,True,6.650813852978317,10000,
beta_0.90_sigma_0.30_seed_202602,2,202602,0.9,0.3,Manual ABC,half_life_days,derived,7.230940526710434,4.491146700976575,4.3700215517097165,6.238452514166756,14.91170417548116,6.578813478960585,0.6521270477498486,0.6521270477498486,0.0991253285771648,True,10.541682623771443,10000,
beta_0.90_sigma_0.30_seed_202602,2,202602,0.9,0.3,Manual ABC,stationary_log_volatility_variance,derived,0.5399274916034176,0.16364416442631666,0.2863139214327842,0.5177562194365011,0.8688661423404306,0.47368421052631593,0.06624328107710165,0.06624328107710165,0.13984692671832566,True,0.5825522209076464,10000,
beta_0.90_sigma_0.30_seed_202602,2,202602,0.9,0.3,Auto ABC,alpha,parameter,-1.129900960667781,0.2238326223621867,-1.4721504907457876,-1.1594299158691723,-0.6906500621367445,-0.9999999999999998,-0.12990096066778123,0.12990096066778123,0.0927864004769866,True,0.7815004286090431,10000,
beta_0.90_sigma_0.30_seed_202602,2,202602,0.9,0.3,Auto ABC,beta,parameter,0.8878989873095067,0.020258021574230796,0.8548919861345347,0.8858576987300821,0.9287699731781354,0.9,-0.012101012690493351,0.012101012690493351,0.08121485027176745,True,0.07387798704360071,10000,
beta_0.90_sigma_0.30_seed_202602,2,202602,0.9,0.3,Auto ABC,sigma_eta,parameter,0.3596334856871737,0.07206784369034892,0.2250144942492508,0.35448080320454634,0.49337806195483747,0.3,0.05963348568717369,0.05963348568717369,0.13251885708260822,True,0.26836356770558667,10000,
beta_0.90_sigma_0.30_seed_202602,2,202602,0.9,0.3,Auto ABC,long_run_log_variance,derived,-10.144179284137069,1.440320576679051,-13.296667755862144,-10.007893873472819,-7.850669870738031,-10.0,-0.14417928413706882,0.14417928413706882,0.014417928413706881,True,5.445997885124113,10000,
beta_0.90_sigma_0.30_seed_202602,2,202602,0.9,0.3,Auto ABC,half_life_days,derived,6.072752550190314,1.4048604797076372,4.421141199424887,5.719085586403973,9.380267860792033,6.578813478960585,-0.5060609287702711,0.5060609287702711,0.07692282664475629,True,4.959126661367146,10000,
beta_0.90_sigma_0.30_seed_202602,2,202602,0.9,0.3,Auto ABC,stationary_log_volatility_variance,derived,0.6382592496623989,0.23245281934356135,0.2863139214327842,0.6061934533058249,1.1345995424663264,0.47368421052631593,0.16457503913608296,0.16457503913608296,0.34743619373173057,True,0.8482856210335422,10000,
beta_0.90_sigma_0.30_seed_202602,2,202602,0.9,0.3,Wasserstein ABC,alpha,parameter,-1.002746891634385,0.3427596915517346,-1.4723934783839199,-1.0471844657590723,-0.24861351038931923,-0.9999999999999998,-0.002746891634385129,0.002746891634385129,0.001962065453132235,True,1.2237799679946006,10000,
beta_0.90_sigma_0.30_seed_202602,2,202602,0.9,0.3,Wasserstein ABC,beta,parameter,0.9006767836533431,0.034263563611046544,0.8524776249562782,0.8952063205469835,0.9742761568662222,0.9,0.000676783653343116,0.000676783653343116,0.004542172170088026,True,0.12179853190994394,10000,
beta_0.90_sigma_0.30_seed_202602,2,202602,0.9,0.3,Wasserstein ABC,sigma_eta,parameter,0.2654238947013284,0.1300191278239045,0.059518402114938904,0.2684597855681543,0.4861526216940959,0.3,-0.03457610529867161,0.03457610529867161,0.07683578955260358,True,0.426634219579157,10000,
beta_0.90_sigma_0.30_seed_202602,2,202602,0.9,0.3,Wasserstein ABC,long_run_log_variance,derived,-10.114561988709964,0.3219385716324171,-10.717317163778771,-10.125333487261408,-9.553051657784005,-10.0,-0.11456198870996381,0.11456198870996381,0.011456198870996382,True,1.1642655059947664,10000,
beta_0.90_sigma_0.30_seed_202602,2,202602,0.9,0.3,Wasserstein ABC,half_life_days,derived,8.332626653369324,6.213645788006305,4.3428011492323515,6.26143210391145,26.597629690878026,6.578813478960585,1.753813174408739,1.753813174408739,0.26658502783481125,True,22.254828541645676,10000,
beta_0.90_sigma_0.30_seed_202602,2,202602,0.9,0.3,Wasserstein ABC,stationary_log_volatility_variance,derived,0.5185988189631454,0.47585841302836407,0.017638796376964323,0.4179350242332426,1.7557493794581691,0.47368421052631593,0.044914608436829484,0.044914608436829484,0.09481972892219555,True,1.7381105830812047,10000,
beta_0.90_sigma_0.30_seed_202602,2,202602,0.9,0.3,ABC-SMC,alpha,parameter,-1.1352765101658921,0.23036918255740868,-1.476718535388508,-1.1531903587116046,-0.6330323533641062,-0.9999999999999998,-0.13527651016589237,0.13527651016589237,0.09662607868992312,True,0.8436861820244017,21738,50.39200260000507
beta_0.90_sigma_0.30_seed_202602,2,202602,0.9,0.3,ABC-SMC,beta,parameter,0.8919715247544431,0.024646450301156732,0.8527916186271769,0.890155141810266,0.9438113671512056,0.9,-0.008028475245556943,0.008028475245556943,0.05388238419836874,True,0.09101974852402872,21738,50.39200260000507
beta_0.90_sigma_0.30_seed_202602,2,202602,0.9,0.3,ABC-SMC,sigma_eta,parameter,0.3362492424102509,0.0572253326150616,0.22434162957784687,0.33467722256333726,0.45326049088136666,0.3,0.036249242410250904,0.036249242410250904,0.08055387202277979,True,0.2289188613035198,21738,50.39200260000507
beta_0.90_sigma_0.30_seed_202602,2,202602,0.9,0.3,ABC-SMC,long_run_log_variance,derived,-10.725904342637168,1.7829749482018358,-14.327074895429808,-10.34303141766641,-8.12281130299703,-10.0,-0.7259043426371683,0.7259043426371683,0.07259043426371684,True,6.204263592432778,21738,50.39200260000507
beta_0.90_sigma_0.30_seed_202602,2,202602,0.9,0.3,ABC-SMC,half_life_days,derived,6.498850841632283,2.032761275632115,4.352844429085881,5.956944575715333,11.986161114736058,6.578813478960585,-0.07996263732830222,0.07996263732830222,0.012154568233926561,True,7.633316685650177,21738,50.39200260000507
beta_0.90_sigma_0.30_seed_202602,2,202602,0.9,0.3,ABC-SMC,stationary_log_volatility_variance,derived,0.5680370376739643,0.1320282454947912,0.3420605450864347,0.5541425364362852,0.8443708544611573,0.47368421052631593,0.09435282714764837,0.09435282714764837,0.1991893017561465,True,0.5023103093747227,21738,50.39200260000507
beta_0.90_sigma_0.30_seed_202603,3,202603,0.9,0.3,Manual ABC,alpha,parameter,-1.0465372855366808,0.303031109140015,-1.4833307712011083,-1.0855671406288439,-0.3561837129140861,-0.9999999999999998,-0.04653728553668102,0.04653728553668102,0.033240918240486445,True,1.1271470582870222,10000,
beta_0.90_sigma_0.30_seed_202603,3,202603,0.9,0.3,Manual ABC,beta,parameter,0.8999309771722848,0.029283267012722866,0.8537997330300695,0.8973552735817635,0.9651953045758355,0.9,-6.902282771525936e-05,6.902282771525936e-05,0.0004632404544648279,True,0.11139557154576596,10000,
beta_0.90_sigma_0.30_seed_202603,3,202603,0.9,0.3,Manual ABC,sigma_eta,parameter,0.30054513205776323,0.06922211619353401,0.15328404851195718,0.30567530808111404,0.43117819216235725,0.3,0.0005451320577632424,0.0005451320577632424,0.0012114045728072052,True,0.2778941436504001,10000,
beta_0.90_sigma_0.30_seed_202603,3,202603,0.9,0.3,Manual ABC,long_run_log_variance,derived,-10.63601920026863,1.855047723042365,-14.337458840618716,-10.473100997067085,-7.722516972561352,-10.0,-0.6360192002686293,0.6360192002686293,0.06360192002686293,True,6.614941868057364,10000,
beta_0.90_sigma_0.30_seed_202603,3,202603,0.9,0.3,Manual ABC,half_life_days,derived,7.78322020887955,5.6661950464621045,4.385380513971103,6.400048472863535,19.56671556896578,6.578813478960585,1.204406729918965,1.204406729918965,0.18307354871371948,True,15.181335054994676,10000,
beta_0.90_sigma_0.30_seed_202603,3,202603,0.9,0.3,Manual ABC,stationary_log_volatility_variance,derived,0.4984972375435017,0.15454249568542258,0.23800436620702642,0.48241838988745894,0.8349889670300796,0.47368421052631593,0.024813027017185796,0.024813027017185796,0.05238305703628111,True,0.5969846008230533,10000,
beta_0.90_sigma_0.30_seed_202603,3,202603,0.9,0.3,Auto ABC,alpha,parameter,-1.154564470573911,0.20506780067033856,-1.4721504907457876,-1.170145671563059,-0.7238750096544895,-0.9999999999999998,-0.15456447057391132,0.15456447057391132,0.11040319326707952,True,0.7482754810912982,10000,
beta_0.90_sigma_0.30_seed_202603,3,202603,0.9,0.3,Auto ABC,beta,parameter,0.8798962543630899,0.01911248867047796,0.852470390482736,0.8766676659149701,0.9228550586664148,0.9,-0.020103745636910086,0.020103745636910086,0.13492446736181263,True,0.07038466818367883,10000,
beta_0.90_sigma_0.30_seed_202603,3,202603,0.9,0.3,Auto ABC,sigma_eta,parameter,0.35770242585091006,0.07078358931591155,0.2254908505255384,0.3513421893010315,0.49011923318253686,0.3,0.057702425850910066,0.057702425850910066,0.12822761300202237,True,0.26462838265699845,10000,
beta_0.90_sigma_0.30_seed_202603,3,202603,0.9,0.3,Auto ABC,long_run_log_variance,derived,-9.666492188769624,1.27567432472365,-12.143176056669319,-9.60365056566547,-7.497322058900888,-10.0,0.3335078112303762,0.3335078112303762,0.03335078112303762,True,4.64585399776843,10000,
beta_0.90_sigma_0.30_seed_202603,3,202603,0.9,0.3,Auto ABC,half_life_days,derived,5.598413815643104,1.188468431309792,4.342570252853067,5.265983322562301,8.633788053891095,6.578813478960585,-0.9803996633174812,0.9803996633174812,0.1490237816367426,True,4.291217801038028,10000,
beta_0.90_sigma_0.30_seed_202603,3,202603,0.9,0.3,Auto ABC,stationary_log_volatility_variance,derived,0.5925053776171738,0.22396986240679742,0.26708038121873645,0.5465715697219145,1.094321174830538,0.47368421052631593,0.11882116709085788,0.11882116709085788,0.2508446860806999,True,0.8272407936118015,10000,
beta_0.90_sigma_0.30_seed_202603,3,202603,0.9,0.3,Wasserstein ABC,alpha,parameter,-1.0056404358357323,0.3410819140021229,-1.4723934783839199,-1.0528491165796843,-0.2680794487710856,-0.9999999999999998,-0.005640435835732482,0.005640435835732482,0.0040288827398089165,True,1.2043140296128343,10000,
beta_0.90_sigma_0.30_seed_202603,3,202603,0.9,0.3,Wasserstein ABC,beta,parameter,0.8998781076288196,0.03419949397415672,0.8522528366075599,0.8944856408779673,0.972297088056633,0.9,-0.00012189237118043206,0.00012189237118043206,0.0008180696052377989,True,0.12004425144907305,10000,
beta_0.90_sigma_0.30_seed_202603,3,202603,0.9,0.3,Wasserstein ABC,sigma_eta,parameter,0.2642249232887065,0.13022843456421948,0.059518402114938904,0.2638407070226371,0.4861526216940959,0.3,-0.035775076711293485,0.035775076711293485,0.07950017046954108,True,0.426634219579157,10000,
beta_0.90_sigma_0.30_seed_202603,3,202603,0.9,0.3,Wasserstein ABC,long_run_log_variance,derived,-10.059819962552043,0.3183036744366483,-10.664488924410842,-10.077527800175892,-9.49027542777694,-10.0,-0.05981996255204258,0.05981996255204258,0.005981996255204259,True,1.174213496633902,10000,
beta_0.90_sigma_0.30_seed_202603,3,202603,0.9,0.3,Wasserstein ABC,half_life_days,derived,8.15713670450583,5.598798161766553,4.335637315425291,6.2162082290554554,24.672537296998907,6.578813478960585,1.578323225545244,1.578323225545244,0.23991001273904636,True,20.336899981573616,10000,
beta_0.90_sigma_0.30_seed_202603,3,202603,0.9,0.3,Wasserstein ABC,stationary_log_volatility_variance,derived,0.5096382738960572,0.4681501296922021,0.017638796376964323,0.4084653155933197,1.6901413385830066,0.47368421052631593,0.035954063369741274,0.035954063369741274,0.07590302266945377,True,1.6725025422060422,10000,
beta_0.90_sigma_0.30_seed_202603,3,202603,0.9,0.3,ABC-SMC,alpha,parameter,-1.112004133910704,0.25109350718139595,-1.473982129755504,-1.1527606818938139,-0.5674571766068863,-0.9999999999999998,-0.1120041339107043,0.1120041339107043,0.08000295279336021,True,0.9065249531486177,19127,44.35186809999868
beta_0.90_sigma_0.30_seed_202603,3,202603,0.9,0.3,ABC-SMC,beta,parameter,0.8961799993894195,0.025065428553644603,0.8544853608193366,0.8946931002408731,0.9491205148519055,0.9,-0.0038200006105805207,0.0038200006105805207,0.02563758799047329,True,0.09463515403256895,19127,44.35186809999868
beta_0.90_sigma_0.30_seed_202603,3,202603,0.9,0.3,ABC-SMC,sigma_eta,parameter,0.3132545590867776,0.054892967392580774,0.20162159161764373,0.3163741917974746,0.42398066966305975,0.3,0.013254559086777584,0.013254559086777584,0.02945457574839463,True,0.22235907804541602,19127,44.35186809999868
beta_0.90_sigma_0.30_seed_202603,3,202603,0.9,0.3,ABC-SMC,long_run_log_variance,derived,-10.889859980576311,1.7916650596908903,-14.462415206788085,-10.75770421836295,-8.125933063501439,-10.0,-0.8898599805763112,0.8898599805763112,0.08898599805763112,True,6.336482143286647,19127,44.35186809999868
beta_0.90_sigma_0.30_seed_202603,3,202603,0.9,0.3,ABC-SMC,half_life_days,derived,6.819906409587411,2.1779122239280935,4.4077655805328835,6.229163279724129,13.273723802477775,6.578813478960585,0.24109293062682546,0.24109293062682546,0.0366468712630103,True,8.865958221944892,19127,44.35186809999868
beta_0.90_sigma_0.30_seed_202603,3,202603,0.9,0.3,ABC-SMC,stationary_log_volatility_variance,derived,0.5138764365526964,0.125800961836056,0.30954898568786615,0.4990579143966975,0.7879805329546841,0.47368421052631593,0.040192226026380506,0.040192226026380506,0.08485025494458104,True,0.4784315472668179,19127,44.35186809999868
beta_0.90_sigma_0.30_seed_202604,4,202604,0.9,0.3,Manual ABC,alpha,parameter,-1.0400223757517693,0.31396075928593437,-1.4846299822962823,-1.1002362976929865,-0.31657466295063696,-0.9999999999999998,-0.04002237575176948,0.04002237575176948,0.028587411251263916,True,1.1680553193456453,10000,
beta_0.90_sigma_0.30_seed_202604,4,202604,0.9,0.3,Manual ABC,beta,parameter,0.899504273650524,0.030731181810783326,0.8534686427408557,0.8954173472051256,0.9694874052207678,0.9,-0.0004957263494760333,0.0004957263494760333,0.0033270224797049214,True,0.11601876247991216,10000,
beta_0.90_sigma_0.30_seed_202604,4,202604,0.9,0.3,Manual ABC,sigma_eta,parameter,0.27197261128485867,0.07011653143546032,0.1328934714173294,0.2746718731189609,0.4116049663064698,0.3,-0.02802738871514132,0.02802738871514132,0.06228308603364738,True,0.2787114948891404,10000,
beta_0.90_sigma_0.30_seed_202604,4,202604,0.9,0.3,Manual ABC,long_run_log_variance,derived,-10.527043966234462,1.8374228832033455,-14.244250898214945,-10.34096017661119,-7.713130155690308,-10.0,-0.5270439662344621,0.5270439662344621,0.05270439662344621,True,6.531120742524637,10000,
beta_0.90_sigma_0.30_seed_202604,4,202604,0.9,0.3,Manual ABC,half_life_days,derived,7.901428827237401,5.8590029951742375,4.374645580836848,6.274792230196899,22.368392841938345,6.578813478960585,1.3226153482768161,1.3226153482768161,0.20104162437597817,True,17.993747261101497,10000,
beta_0.90_sigma_0.30_seed_202604,4,202604,0.9,0.3,Manual ABC,stationary_log_volatility_variance,derived,0.40513770545301986,0.13263627878285217,0.19291703845479052,0.3905951055120464,0.7276833313144269,0.47368421052631593,-0.06854650507329607,0.06854650507329607,0.14470928848806944,True,0.5347662928596364,10000,
beta_0.90_sigma_0.30_seed_202604,4,202604,0.9,0.3,Auto ABC,alpha,parameter,-1.0758059521485097,0.26632987031322924,-1.4723934783839199,-1.103172802959194,-0.5308198819501343,-0.9999999999999998,-0.07580595214850994,0.07580595214850994,0.0541471086775071,True,0.9415735964337856,10000,
beta_0.90_sigma_0.30_seed_202604,4,202604,0.9,0.3,Auto ABC,beta,parameter,0.8941090013964008,0.02363464576016691,0.8548838719497954,0.8934293917819439,0.9462537870161168,0.9,-0.005890998603599207,0.005890998603599207,0.03953690337986044,True,0.09136991506632142,10000,
beta_0.90_sigma_0.30_seed_202604,4,202604,0.9,0.3,Auto ABC,sigma_eta,parameter,0.30536620640013395,0.0732218657547408,0.1737669018603515,0.2997690282736465,0.4622118146745999,0.3,0.005366206400133966,0.005366206400133966,0.011924903111408813,True,0.28844491281424833,10000,
beta_0.90_sigma_0.30_seed_202604,4,202604,0.9,0.3,Auto ABC,long_run_log_variance,derived,-10.228761641772383,1.6851052176289478,-13.923234768271081,-9.998830799761611,-7.462226988194333,-10.0,-0.22876164177238323,0.22876164177238323,0.022876164177238322,True,6.4610077800767485,10000,
beta_0.90_sigma_0.30_seed_202604,4,202604,0.9,0.3,Auto ABC,half_life_days,derived,6.66187974598227,2.3726545576914213,4.4208735583752485,6.151030757005521,12.546905674232567,6.578813478960585,0.0830662670216844,0.0830662670216844,0.012626329548228565,True,8.126032115857319,10000,
beta_0.90_sigma_0.30_seed_202604,4,202604,0.9,0.3,Auto ABC,stationary_log_volatility_variance,derived,0.49075228804493587,0.20117464811815863,0.19615762577079246,0.45652158848738666,0.9686288236043447,0.47368421052631593,0.01706807751861994,0.01706807751861994,0.036032608094864305,True,0.7724711978335522,10000,
beta_0.90_sigma_0.30_seed_202604,4,202604,0.9,0.3,Wasserstein ABC,alpha,parameter,-0.9965296358984751,0.3437198670064059,-1.4723934783839199,-1.0471512058188757,-0.24861351038931923,-0.9999999999999998,0.003470364101524681,0.003470364101524681,0.002478831501089058,True,1.2237799679946006,10000,
beta_0.90_sigma_0.30_seed_202604,4,202604,0.9,0.3,Wasserstein ABC,beta,parameter,0.9005401388992031,0.034492600497543206,0.8522528366075599,0.8949123972664752,0.9735907863911725,0.9,0.0005401388992031242,0.0005401388992031242,0.0036250932832424436,True,0.12133794978361256,10000,
beta_0.90_sigma_0.30_seed_202604,4,202604,0.9,0.3,Wasserstein ABC,sigma_eta,parameter,0.26613400841823076,0.13069009482752403,0.06122647341799281,0.2684597855681543,0.48801674992028193,0.3,-0.03386599158176923,0.03386599158176923,0.07525775907059828,True,0.4267902765022891,10000,
beta_0.90_sigma_0.30_seed_202604,4,202604,0.9,0.3,Wasserstein ABC,long_run_log_variance,derived,-10.033619686347235,0.319738991683079,-10.608773885632498,-10.045344802483962,-9.449177707270511,-10.0,-0.03361968634723489,0.03361968634723489,0.003361968634723489,True,1.159596178361987,10000,
beta_0.90_sigma_0.30_seed_202604,4,202604,0.9,0.3,Wasserstein ABC,half_life_days,derived,8.337636810893578,6.222125021085344,4.335637315425291,6.242913098597354,25.8982954809104,6.578813478960585,1.7588233319329927,1.7588233319329927,0.2673465872771448,True,21.562658165485107,10000,
beta_0.90_sigma_0.30_seed_202604,4,202604,0.9,0.3,Wasserstein ABC,stationary_log_volatility_variance,derived,0.5221822898625639,0.4839846692282156,0.017638796376964323,0.4179350242332426,1.8345138306750384,0.47368421052631593,0.048498079336247946,0.048498079336247946,0.10238483415430119,True,1.816875034298074,10000,
beta_0.90_sigma_0.30_seed_202604,4,202604,0.9,0.3,ABC-SMC,alpha,parameter,-1.0686872199189699,0.2726995174775165,-1.4648142545790164,-1.09801871268581,-0.47165677407050427,-0.9999999999999998,-0.06868721991897009,0.06868721991897009,0.049062299942121496,True,0.9931574805085122,21268,49.50041549999878
beta_0.90_sigma_0.30_seed_202604,4,202604,0.9,0.3,ABC-SMC,beta,parameter,0.8979731172612613,0.02715007237234182,0.8550245930392836,0.8955467564048646,0.9510048895596729,0.9,-0.0020268827387387445,0.0020268827387387445,0.013603239857307008,True,0.09598029652038931,21268,49.50041549999878
beta_0.90_sigma_0.30_seed_202604,4,202604,0.9,0.3,ABC-SMC,sigma_eta,parameter,0.2744296258294305,0.05315154874223802,0.17304400601832165,0.27340772738898456,0.37659677540672104,0.3,-0.02557037417056951,0.02557037417056951,0.056823053712376684,True,0.2035527693883994,21268,49.50041549999878
beta_0.90_sigma_0.30_seed_202604,4,202604,0.9,0.3,ABC-SMC,long_run_log_variance,derived,-10.633104378979517,1.6792316959866787,-14.023737696128922,-10.42654151443172,-8.178725854530395,-10.0,-0.6331043789795174,0.6331043789795174,0.06331043789795174,True,5.845011841598527,21268,49.50041549999878
beta_0.90_sigma_0.30_seed_202604,4,202604,0.9,0.3,ABC-SMC,half_life_days,derived,7.113934139505809,2.751820975165296,4.425519387193213,6.283011817872254,13.797797322965154,6.578813478960585,0.5351206605452239,0.5351206605452239,0.08133999576923252,True,9.37227793577194,21268,49.50041549999878
beta_0.90_sigma_0.30_seed_202604,4,202604,0.9,0.3,ABC-SMC,stationary_log_volatility_variance,derived,0.4026787766582861,0.10145113952036987,0.2290423396104895,0.39451934887219337,0.618456317768478,0.47368421052631593,-0.07100543386802982,0.07100543386802982,0.14990036038806293,True,0.3894139781579885,21268,49.50041549999878
beta_0.90_sigma_0.30_seed_202605,5,202605,0.9,0.3,Manual ABC,alpha,parameter,-1.0759707693903977,0.2794275688805598,-1.4723934783839199,-1.1106942359062397,-0.4263742046499235,-0.9999999999999998,-0.07597076939039793,0.07597076939039793,0.054264835278855665,True,1.0460192737339964,10000,
beta_0.90_sigma_0.30_seed_202605,5,202605,0.9,0.3,Manual ABC,beta,parameter,0.8939336966954596,0.028016213196146653,0.8525651597613142,0.8919786520564094,0.9554261700450972,0.9,-0.006066303304540388,0.006066303304540388,0.04071344499691535,True,0.10286101028378303,10000,
beta_0.90_sigma_0.30_seed_202605,5,202605,0.9,0.3,Manual ABC,sigma_eta,parameter,0.31588819274125557,0.07530156369301921,0.16849277701541848,0.3182124609241032,0.45293765902381716,0.3,0.01588819274125558,0.01588819274125558,0.03530709498056796,True,0.2844448820083987,10000,
beta_0.90_sigma_0.30_seed_202605,5,202605,0.9,0.3,Manual ABC,long_run_log_variance,derived,-10.33180386543373,1.8746184728102342,-14.277142163786213,-10.0993635530153,-7.422638859665186,-10.0,-0.33180386543373075,0.33180386543373075,0.033180386543373075,True,6.854503304121026,10000,
beta_0.90_sigma_0.30_seed_202605,5,202605,0.9,0.3,Manual ABC,half_life_days,derived,6.996866721115078,3.9873092485852712,4.345596712892467,6.0635859381652795,15.201333901052699,6.578813478960585,0.41805324215449247,0.41805324215449247,0.06354538603221542,True,10.855737188160232,10000,
beta_0.90_sigma_0.30_seed_202605,5,202605,0.9,0.3,Manual ABC,stationary_log_volatility_variance,derived,0.52214136660668,0.1896594573113069,0.22920723949865385,0.4914239621148641,0.9387371044420422,0.47368421052631593,0.04845715608036405,0.04845715608036405,0.10229844061410186,True,0.7095298649433883,10000,
beta_0.90_sigma_0.30_seed_202605,5,202605,0.9,0.3,Auto ABC,alpha,parameter,-1.1304900836703324,0.2125836100354677,-1.4717977399047568,-1.1553941881375671,-0.6992548270686059,-0.9999999999999998,-0.13049008367033266,0.13049008367033266,0.0932072026216662,True,0.772542912836151,10000,
beta_0.90_sigma_0.30_seed_202605,5,202605,0.9,0.3,Auto ABC,beta,parameter,0.8784810465348392,0.018504256318501302,0.8509806244755582,0.8756893082397386,0.9190876814875436,0.9,-0.02151895346516086,0.02151895346516086,0.14442250647758967,True,0.06810705701198538,10000,
beta_0.90_sigma_0.30_seed_202605,5,202605,0.9,0.3,Auto ABC,sigma_eta,parameter,0.37285147710838834,0.06823668271639999,0.24255644615660749,0.3728837897040275,0.492003873304537,0.3,0.07285147710838835,0.07285147710838835,0.16189217135197412,True,0.2494474271479295,10000,
beta_0.90_sigma_0.30_seed_202605,5,202605,0.9,0.3,Auto ABC,long_run_log_variance,derived,-9.362971130411918,1.4730656251306915,-12.074954100165694,-9.412710512459084,-6.531214177925102,-10.0,0.6370288695880824,0.6370288695880824,0.06370288695880824,True,5.543739922240593,10000,
beta_0.90_sigma_0.30_seed_202605,5,202605,0.9,0.3,Auto ABC,half_life_days,derived,5.5101394675373445,1.0943020855147194,4.29549923863478,5.22168676770618,8.215199255473,6.578813478960585,-1.0686740114232407,1.0686740114232407,0.16244175562066324,True,3.9197000168382194,10000,
beta_0.90_sigma_0.30_seed_202605,5,202605,0.9,0.3,Auto ABC,stationary_log_volatility_variance,derived,0.633494469797838,0.22101795236819663,0.29861229699825875,0.6087105499734534,1.1100992521794595,0.47368421052631593,0.15981025927152204,0.15981025927152204,0.3373772140176575,True,0.8114869551812007,10000,
beta_0.90_sigma_0.30_seed_202605,5,202605,0.9,0.3,Wasserstein ABC,alpha,parameter,-1.0007191188051314,0.34449242509123706,-1.4723934783839199,-1.0526058848306312,-0.26241080498854075,-0.9999999999999998,-0.0007191188051316466,0.0007191188051316466,0.0005136562893797476,True,1.2099826733953791,10000,
beta_0.90_sigma_0.30_seed_202605,5,202605,0.9,0.3,Wasserstein ABC,beta,parameter,0.900594767885913,0.03447289394092565,0.8524776249562782,0.8949579405231489,0.9735907863911725,0.9,0.0005947678859129502,0.0005947678859129502,0.003991730777939262,True,0.12111316143489426,10000,
beta_0.90_sigma_0.30_seed_202605,5,202605,0.9,0.3,Wasserstein ABC,sigma_eta,parameter,0.26492808539360196,0.12956919151876653,0.059518402114938904,0.2674083378366984,0.4861526216940959,0.3,-0.035071914606398025,0.035071914606398025,0.07793758801421784,True,0.426634219579157,10000,
beta_0.90_sigma_0.30_seed_202605,5,202605,0.9,0.3,Wasserstein ABC,long_run_log_variance,derived,-10.084441789817603,0.31657218175355584,-10.6684103736817,-10.08749076977253,-9.518012396779797,-10.0,-0.08444178981760331,0.08444178981760331,0.008444178981760331,True,1.1503979769019033,10000,
beta_0.90_sigma_0.30_seed_202605,5,202605,0.9,0.3,Wasserstein ABC,half_life_days,derived,8.335529879947075,6.201682751041586,4.3428011492323515,6.245775830835851,25.8982954809104,6.578813478960585,1.7567164009864893,1.7567164009864893,0.26702632725560116,True,21.555494331678048,10000,
beta_0.90_sigma_0.30_seed_202605,5,202605,0.9,0.3,Wasserstein ABC,stationary_log_volatility_variance,derived,0.5210677289774588,0.48607496274388096,0.017638796376964323,0.4128187259570156,1.8345138306750384,0.47368421052631593,0.04738351845114286,0.04738351845114286,0.100031872285746,True,1.816875034298074,10000,
beta_0.90_sigma_0.30_seed_202605,5,202605,0.9,0.3,ABC-SMC,alpha,parameter,-1.073848469064055,0.2831271800527154,-1.469441812814395,-1.131965885901776,-0.4020155199880557,-0.9999999999999998,-0.07384846906405529,0.07384846906405529,0.05274890647432521,True,1.0674262928263392,19527,45.45564500000182
beta_0.90_sigma_0.30_seed_202605,5,202605,0.9,0.3,ABC-SMC,beta,parameter,0.8941120718553203,0.028141229326213227,0.8531516310892687,0.8904811698480618,0.9635686869123001,0.9,-0.005887928144679755,0.005887928144679755,0.03951629627301848,True,0.11041705582303141,19527,45.45564500000182
beta_0.90_sigma_0.30_seed_202605,5,202605,0.9,0.3,ABC-SMC,sigma_eta,parameter,0.3265714408425112,0.06997353921177857,0.1790997940878769,0.3269299663483526,0.4563740561263071,0.3,0.02657144084251123,0.02657144084251123,0.05904764631669162,True,0.2772742620384302,19527,45.45564500000182
beta_0.90_sigma_0.30_seed_202605,5,202605,0.9,0.3,ABC-SMC,long_run_log_variance,derived,-10.328399199020815,1.9391042087179287,-14.383541396388825,-9.947938043167937,-7.620070892045794,-10.0,-0.32839919902081505,0.32839919902081505,0.0328399199020815,True,6.763470504343031,19527,45.45564500000182
beta_0.90_sigma_0.30_seed_202605,5,202605,0.9,0.3,ABC-SMC,half_life_days,derived,7.035483914028,3.768336632960109,4.364412379556308,5.975750743120037,18.677420546236615,6.578813478960585,0.4566704350674149,0.4566704350674149,0.06941531881514389,True,14.313008166680307,19527,45.45564500000182
beta_0.90_sigma_0.30_seed_202605,5,202605,0.9,0.3,ABC-SMC,stationary_log_volatility_variance,derived,0.5560876433392405,0.1693225619030231,0.29587823471885016,0.5260728409784036,0.9302712073817746,0.47368421052631593,0.08240343281292462,0.08240343281292462,0.17396280260506303,True,0.6343929726629245,19527,45.45564500000182
beta_0.95_sigma_0.15_seed_202601,1,202601,0.95,0.15,Manual ABC,alpha,parameter,-0.9522160741564792,0.32766047833627715,-1.4717977399047568,-0.9858380208756922,-0.2480743834801482,-0.5000000000000004,-0.4522160741564788,0.4522160741564788,0.32301148154034204,True,1.2237233564246086,10000,
beta_0.95_sigma_0.15_seed_202601,1,202601,0.95,0.15,Manual ABC,beta,parameter,0.9082116232276928,0.031695679403357116,0.8553729153073272,0.9046364466273568,0.9764087323551011,0.95,-0.04178837677230718,0.04178837677230718,0.2804589045121287,True,0.12103581704777389,10000,
beta_0.95_sigma_0.15_seed_202601,1,202601,0.95,0.15,Manual ABC,sigma_eta,parameter,0.22610159481457287,0.0667650598619004,0.09907443791709408,0.2236374392480575,0.35123614028294603,0.15,0.07610159481457288,0.07610159481457288,0.16911465514349527,True,0.25216170236585195,10000,
beta_0.95_sigma_0.15_seed_202601,1,202601,0.95,0.15,Manual ABC,long_run_log_variance,derived,-10.542114541084434,1.8621943975108304,-14.119047987416108,-10.342543510573115,-7.628122947732759,-10.0,-0.5421145410844339,0.5421145410844339,0.05421145410844339,True,6.490925039683349,10000,
beta_0.95_sigma_0.15_seed_202601,1,202601,0.95,0.15,Manual ABC,half_life_days,derived,9.0223370898278,6.876548750479308,4.437057852907873,6.916108885166488,29.03356225332476,13.513407333964874,-4.491070244137074,4.491070244137074,0.3323418093709886,True,24.596504400416887,10000,
beta_0.95_sigma_0.15_seed_202601,1,202601,0.95,0.15,Manual ABC,stationary_log_volatility_variance,derived,0.3132917434671633,0.12514425059868947,0.11906192701297234,0.2989409037034851,0.5715524350883868,0.2307692307692307,0.08252251269793262,0.08252251269793262,0.3575975550243748,True,0.45249050807541447,10000,
beta_0.95_sigma_0.15_seed_202601,1,202601,0.95,0.15,Auto ABC,alpha,parameter,-0.980057698477639,0.3246106180499815,-1.4618032032305888,-1.023654351586349,-0.30428272833462566,-0.5000000000000004,-0.4800576984776386,0.4800576984776386,0.34289835605545615,True,1.157520474895963,10000,
beta_0.95_sigma_0.15_seed_202601,1,202601,0.95,0.15,Auto ABC,beta,parameter,0.9073974089955563,0.028568072593794906,0.8560243577775576,0.9045663456352383,0.9695942452675705,0.95,-0.042602591004443635,0.042602591004443635,0.28592342956002437,True,0.11356988749001296,10000,
beta_0.95_sigma_0.15_seed_202601,1,202601,0.95,0.15,Auto ABC,sigma_eta,parameter,0.17396509437572535,0.05899080371970506,0.0721586719995875,0.17169832241462263,0.2905616603602653,0.15,0.02396509437572536,0.02396509437572536,0.05325576527938969,True,0.2184029883606778,10000,
beta_0.95_sigma_0.15_seed_202601,1,202601,0.95,0.15,Auto ABC,long_run_log_variance,derived,-10.632701978917323,1.8682385335708536,-13.964784727833022,-10.6860209295711,-6.952395005335447,-10.0,-0.6327019789173232,0.6327019789173232,0.06327019789173231,True,7.012389722497575,10000,
beta_0.95_sigma_0.15_seed_202601,1,202601,0.95,0.15,Auto ABC,half_life_days,derived,8.312710991368414,4.672797375976872,4.458786946015943,6.91076534081384,22.448221573711212,13.513407333964874,-5.20069634259646,5.20069634259646,0.3848545532646621,True,17.989434627695267,10000,
beta_0.95_sigma_0.15_seed_202601,1,202601,0.95,0.15,Auto ABC,stationary_log_volatility_variance,derived,0.19386722468101306,0.10969431408396978,0.03151013097805658,0.1783817994144876,0.43081130139197904,0.2307692307692307,-0.03690200608821764,0.03690200608821764,0.15990869304894317,True,0.39930117041392243,10000,
beta_0.95_sigma_0.15_seed_202601,1,202601,0.95,0.15,Wasserstein ABC,alpha,parameter,-1.0228505583638867,0.3345899008794459,-1.4723934783839199,-1.076442097966012,-0.2686081284626829,-0.5000000000000004,-0.5228505583638863,0.5228505583638863,0.3734646845456331,True,1.203785349921237,10000,
beta_0.95_sigma_0.15_seed_202601,1,202601,0.95,0.15,Wasserstein ABC,beta,parameter,0.8990119224480295,0.03324889303211045,0.8524776249562782,0.894288019775941,0.9722680284426632,0.95,-0.050988077551970434,0.050988077551970434,0.3422018627649022,True,0.11979040348638503,10000,
beta_0.95_sigma_0.15_seed_202601,1,202601,0.95,0.15,Wasserstein ABC,sigma_eta,parameter,0.2618688684173265,0.12811535203382537,0.059518402114938904,0.2636389595667277,0.48365040923380487,0.15,0.11186886841732649,0.11186886841732649,0.24859748537183662,True,0.42413200711886595,10000,
beta_0.95_sigma_0.15_seed_202601,1,202601,0.95,0.15,Wasserstein ABC,long_run_log_variance,derived,-10.14070147900658,0.3178322636928822,-10.703322831065362,-10.146946766313848,-9.603628287572791,-10.0,-0.14070147900658014,0.14070147900658014,0.014070147900658015,True,1.0996945434925713,10000,
beta_0.95_sigma_0.15_seed_202601,1,202601,0.95,0.15,Wasserstein ABC,half_life_days,derived,7.992761054943946,5.473597876152698,4.3428011492323515,6.203914777360687,24.646316992622985,13.513407333964874,-5.520646279020928,5.520646279020928,0.4085310345929722,True,20.303515843390635,10000,
beta_0.95_sigma_0.15_seed_202601,1,202601,0.95,0.15,Wasserstein ABC,stationary_log_volatility_variance,derived,0.48165785949136297,0.42084807358373566,0.017638796376964323,0.393926442571297,1.4915937769266023,0.2307692307692307,0.25088862872213225,0.25088862872213225,1.0871840577959067,True,1.473954980549638,10000,
beta_0.95_sigma_0.15_seed_202601,1,202601,0.95,0.15,ABC-SMC,alpha,parameter,-0.9104529033297895,0.3288443063165334,-1.4562643550922303,-0.9280368547084359,-0.2663307598493947,-0.5000000000000004,-0.410452903329789,0.410452903329789,0.2931806452355636,True,1.1899335952428356,22762,52.11922760000016
beta_0.95_sigma_0.15_seed_202601,1,202601,0.95,0.15,ABC-SMC,beta,parameter,0.9145316417236999,0.030848817975856344,0.8591281018927945,0.913782558590883,0.976869194009542,0.95,-0.035468358276300016,0.035468358276300016,0.23804267299530207,True,0.11774109211674744,22762,52.11922760000016
beta_0.95_sigma_0.15_seed_202601,1,202601,0.95,0.15,ABC-SMC,sigma_eta,parameter,0.21057660733575295,0.054701417861783286,0.09657888932166192,0.2120031444621608,0.311546824864078,0.15,0.06057660733575296,0.06057660733575296,0.1346146829683399,True,0.21496793554241606,22762,52.11922760000016
beta_0.95_sigma_0.15_seed_202601,1,202601,0.95,0.15,ABC-SMC,long_run_log_variance,derived,-10.807677015837509,1.882870878016409,-14.208608657441479,-10.647675615210382,-7.853110662837372,-10.0,-0.8076770158375091,0.8076770158375091,0.0807677015837509,True,6.355497994604107,22762,52.11922760000016
beta_0.95_sigma_0.15_seed_202601,1,202601,0.95,0.15,ABC-SMC,half_life_days,derived,9.581478025937875,6.185739725507022,4.565067074637159,7.687743014239793,29.6184831098365,13.513407333964874,-3.9319293080269997,3.9319293080269997,0.2909650549898254,True,25.05341603519934,22762,52.11922760000016
beta_0.95_sigma_0.15_seed_202601,1,202601,0.95,0.15,ABC-SMC,stationary_log_volatility_variance,derived,0.2867286556213323,0.08763224563373546,0.13685698831176416,0.27492223858486986,0.4712547675361735,0.2307692307692307,0.05595942485210162,0.05595942485210162,0.24249084102577376,True,0.3343977792244094,22762,52.11922760000016
beta_0.95_sigma_0.15_seed_202602,2,202602,0.95,0.15,Manual ABC,alpha,parameter,-0.9906226768742048,0.31101693711051276,-1.461220911565656,-1.0438918424634291,-0.2924330794283445,-0.5000000000000004,-0.49062267687420436,0.49062267687420436,0.35044476919586026,True,1.1687878321373115,10000,
beta_0.95_sigma_0.15_seed_202602,2,202602,0.95,0.15,Manual ABC,beta,parameter,0.901948679023687,0.03194159184356973,0.8510115942836342,0.8980619982484351,0.972107525767127,0.95,-0.04805132097631293,0.04805132097631293,0.32249208708934846,True,0.12109593148349285,10000,
beta_0.95_sigma_0.15_seed_202602,2,202602,0.95,0.15,Manual ABC,sigma_eta,parameter,0.1894911312875336,0.06160812649531281,0.07593056219617547,0.1848031540049344,0.32276733559981197,0.15,0.03949113128753359,0.03949113128753359,0.08775806952785242,True,0.2468367734036365,10000,
beta_0.95_sigma_0.15_seed_202602,2,202602,0.95,0.15,Manual ABC,long_run_log_variance,derived,-10.282382004839096,1.727901858855094,-13.731669872853693,-10.130523424521199,-7.645969740880994,-10.0,-0.28238200483909637,0.28238200483909637,0.028238200483909636,True,6.0857001319726995,10000,
beta_0.95_sigma_0.15_seed_202602,2,202602,0.95,0.15,Manual ABC,half_life_days,derived,8.098535338970057,5.152662870817589,4.296468209519041,6.446910852295252,24.502480612795324,13.513407333964874,-5.414871994994817,5.414871994994817,0.40070367607324076,True,20.206012403276283,10000,
beta_0.95_sigma_0.15_seed_202602,2,202602,0.95,0.15,Manual ABC,stationary_log_volatility_variance,derived,0.20860896335295612,0.10097129704160789,0.06724507163630271,0.19042433510214893,0.44274651557652034,0.2307692307692307,-0.02216026741627458,0.02216026741627458,0.09602782547052321,True,0.3755014439402176,10000,
beta_0.95_sigma_0.15_seed_202602,2,202602,0.95,0.15,Auto ABC,alpha,parameter,-0.995254744362581,0.31094546366523207,-1.4656140471258143,-1.023654351586349,-0.3195047209901105,-0.5000000000000004,-0.49525474436258055,0.49525474436258055,0.3537533888304147,True,1.1461093261357038,10000,
beta_0.95_sigma_0.15_seed_202602,2,202602,0.95,0.15,Auto ABC,beta,parameter,0.9063070130021942,0.02712659055873141,0.8553294042977698,0.9039539596433838,0.960639682586234,0.95,-0.04369298699780577,0.04369298699780577,0.2932415234752065,True,0.10531027828846418,10000,
beta_0.95_sigma_0.15_seed_202602,2,202602,0.95,0.15,Auto ABC,sigma_eta,parameter,0.20115911603130715,0.06350575443069471,0.08642070677453978,0.19895996517354236,0.33817432066869973,0.15,0.051159116031307156,0.051159116031307156,0.1136869245140159,True,0.25175361389415996,10000,
beta_0.95_sigma_0.15_seed_202602,2,202602,0.95,0.15,Auto ABC,long_run_log_variance,derived,-10.6784769415782,1.8903146353877065,-14.06813422057129,-10.671537694543828,-7.181300744008756,-10.0,-0.6784769415782002,0.6784769415782002,0.06784769415782002,True,6.886833476562534,10000,
beta_0.95_sigma_0.15_seed_202602,2,202602,0.95,0.15,Auto ABC,half_life_days,derived,8.028010414729453,4.123301668367056,4.435613484313044,6.864416785585098,17.26141162192963,13.513407333964874,-5.485396919235422,5.485396919235422,0.40592256147332384,True,12.825798137616584,10000,
beta_0.95_sigma_0.15_seed_202602,2,202602,0.95,0.15,Auto ABC,stationary_log_volatility_variance,derived,0.25120961157357247,0.1366041461175379,0.052817733748062666,0.2272338876303749,0.5715524350883868,0.2307692307692307,0.020440380804341768,0.020440380804341768,0.08857498348548103,True,0.5187347013403242,10000,
beta_0.95_sigma_0.15_seed_202602,2,202602,0.95,0.15,Wasserstein ABC,alpha,parameter,-1.0241233748972627,0.3321923466623236,-1.4747240265036505,-1.070883197475751,-0.2919824635717385,-0.5000000000000004,-0.5241233748972622,0.5241233748972622,0.3743738392123302,True,1.182741562931912,10000,
beta_0.95_sigma_0.15_seed_202602,2,202602,0.95,0.15,Wasserstein ABC,beta,parameter,0.8991464476837363,0.0329565321021534,0.8527164298753586,0.8944856408779673,0.9714172976849397,0.95,-0.05085355231626365,0.05085355231626365,0.3412990088339842,True,0.11870086780958111,10000,
beta_0.95_sigma_0.15_seed_202602,2,202602,0.95,0.15,Wasserstein ABC,sigma_eta,parameter,0.26120596445730726,0.12886098725109493,0.059518402114938904,0.26137213961885986,0.4858253249132372,0.15,0.11120596445730727,0.11120596445730727,0.2471243654606828,True,0.4263069227982983,10000,
beta_0.95_sigma_0.15_seed_202602,2,202602,0.95,0.15,Wasserstein ABC,long_run_log_variance,derived,-10.16841460804443,0.31964879117352646,-10.72866648993156,-10.170189140171647,-9.623610782798183,-10.0,-0.16841460804442931,0.16841460804442931,0.01684146080444293,True,1.1050557071333778,10000,
beta_0.95_sigma_0.15_seed_202602,2,202602,0.95,0.15,Wasserstein ABC,half_life_days,derived,7.937727522057024,5.269812818833989,4.350435580374267,6.2162082290554554,23.902333876902482,13.513407333964874,-5.57567981190785,5.57567981190785,0.41260354802550964,True,19.551898296528215,10000,
beta_0.95_sigma_0.15_seed_202602,2,202602,0.95,0.15,Wasserstein ABC,stationary_log_volatility_variance,derived,0.4834633799915244,0.4276441638081302,0.017245592686912333,0.3885253965551381,1.4926598142725327,0.2307692307692307,0.2526941492222937,0.2526941492222937,1.095007979963273,True,1.4754142215856203,10000,
beta_0.95_sigma_0.15_seed_202602,2,202602,0.95,0.15,ABC-SMC,alpha,parameter,-1.0397718715147708,0.30326882187094834,-1.4744929164068232,-1.0839422576765938,-0.3412868059439765,-0.5000000000000004,-0.5397718715147704,0.5397718715147704,0.3855513367962646,True,1.1332061104628468,21172,48.87780570000177
beta_0.95_sigma_0.15_seed_202602,2,202602,0.95,0.15,ABC-SMC,beta,parameter,0.901391096304454,0.0314493063034196,0.8538081024791038,0.8984945419617418,0.9693644348707271,0.95,-0.048608903695545935,0.048608903695545935,0.3262342529902411,True,0.11555633239162333,21172,48.87780570000177
beta_0.95_sigma_0.15_seed_202602,2,202602,0.95,0.15,ABC-SMC,sigma_eta,parameter,0.19568484527278318,0.052716981250661245,0.08867556559005922,0.19526124644335732,0.30270942244257004,0.15,0.04568484527278319,0.04568484527278319,0.10152187838396264,True,0.2140338568525108,21172,48.87780570000177
beta_0.95_sigma_0.15_seed_202602,2,202602,0.95,0.15,ABC-SMC,long_run_log_variance,derived,-10.805193389931008,1.7091453366216918,-14.100139347031917,-10.576685473316815,-8.151235755007448,-10.0,-0.8051933899310075,0.8051933899310075,0.08051933899310075,True,5.948903592024468,21172,48.87780570000177
beta_0.95_sigma_0.15_seed_202602,2,202602,0.95,0.15,ABC-SMC,half_life_days,derived,8.156377388184039,6.042356627458774,4.385652505115859,6.475914084581232,22.277201054756087,13.513407333964874,-5.357029945780836,5.357029945780836,0.3964233307995066,True,17.891548549640227,21172,48.87780570000177
beta_0.95_sigma_0.15_seed_202602,2,202602,0.95,0.15,ABC-SMC,stationary_log_volatility_variance,derived,0.21556388552763556,0.07873230331376689,0.09621624043826914,0.20237360563939386,0.41073693570261854,0.2307692307692307,-0.015205345241595142,0.015205345241595142,0.06588982938024564,True,0.3145206952643494,21172,48.87780570000177
beta_0.95_sigma_0.15_seed_202603,3,202603,0.95,0.15,Manual ABC,alpha,parameter,-0.9705632526351805,0.32265800734593,-1.4717977399047568,-1.0004906224534431,-0.27310967155093757,-0.5000000000000004,-0.47056325263518006,0.47056325263518006,0.33611660902512863,True,1.1986880683538192,10000,
beta_0.95_sigma_0.15_seed_202603,3,202603,0.95,0.15,Manual ABC,beta,parameter,0.9065285699500021,0.03142086690977522,0.8553729153073272,0.9026576394915106,0.9748657627857173,0.95,-0.04347143004999787,0.04347143004999787,0.2917545640939454,True,0.11949284747839017,10000,
beta_0.95_sigma_0.15_seed_202603,3,202603,0.95,0.15,Manual ABC,sigma_eta,parameter,0.21588775977314018,0.06391210034856545,0.0965093207580574,0.21415551226626384,0.33817432066869973,0.15,0.06588775977314018,0.06588775977314018,0.1464172439403115,True,0.24166499991064233,10000,
beta_0.95_sigma_0.15_seed_202603,3,202603,0.95,0.15,Manual ABC,long_run_log_variance,derived,-10.552793487791858,1.8204180005323904,-14.119047987416108,-10.38250162654398,-7.715360889501056,-10.0,-0.5527934877918579,0.5527934877918579,0.05527934877918579,True,6.403687097915052,10000,
beta_0.95_sigma_0.15_seed_202603,3,202603,0.95,0.15,Manual ABC,half_life_days,derived,8.717983347533107,6.295571680197536,4.437057852907873,6.768226630635988,27.22976455331749,13.513407333964874,-4.795423986431768,4.795423986431768,0.3548641632653854,True,22.792706700409617,10000,
beta_0.95_sigma_0.15_seed_202603,3,202603,0.95,0.15,Manual ABC,stationary_log_volatility_variance,derived,0.2799051198010278,0.1145752529196084,0.10359562583380744,0.26670488642303936,0.5442660771850097,0.2307692307692307,0.04913588903179708,0.04913588903179708,0.21292218580445407,True,0.4406704513512023,10000,
beta_0.95_sigma_0.15_seed_202603,3,202603,0.95,0.15,Auto ABC,alpha,parameter,-0.8269761607580091,0.3646591542156683,-1.4571451466156695,-0.8223752512303691,-0.1937612279491061,-0.5000000000000004,-0.3269761607580086,0.3269761607580086,0.23355440054143475,True,1.2633839186665634,10000,
beta_0.95_sigma_0.15_seed_202603,3,202603,0.95,0.15,Auto ABC,beta,parameter,0.9210817399076023,0.030087585955328157,0.8607113616618282,0.9214968275762314,0.9764087323551011,0.95,-0.02891826009239762,0.02891826009239762,0.19408228249931284,True,0.1156973706932729,10000,
beta_0.95_sigma_0.15_seed_202603,3,202603,0.95,0.15,Auto ABC,sigma_eta,parameter,0.1750344953171387,0.06663137864917666,0.0626236503116906,0.1682920994719022,0.31693682289590486,0.15,0.025034495317138694,0.025034495317138694,0.055632211815863766,True,0.25431317258421426,10000,
beta_0.95_sigma_0.15_seed_202603,3,202603,0.95,0.15,Auto ABC,long_run_log_variance,derived,-10.468939511612469,2.4957779567850893,-14.152760763744386,-10.833190166657346,-5.235717149590859,-10.0,-0.4689395116124686,0.4689395116124686,0.04689395116124686,True,8.917043614153528,10000,
beta_0.95_sigma_0.15_seed_202603,3,202603,0.95,0.15,Auto ABC,half_life_days,derived,10.601985480300607,7.227341793367693,4.621102371386669,8.478248087764108,29.03356225332476,13.513407333964874,-2.911421853664267,2.911421853664267,0.21544690999927457,True,24.41245988193809,10000,
beta_0.95_sigma_0.15_seed_202603,3,202603,0.95,0.15,Auto ABC,stationary_log_volatility_variance,derived,0.24170781590157195,0.16026982615635857,0.03151013097805658,0.201822737854703,0.6264860991594602,0.2307692307692307,0.01093858513234125,0.01093858513234125,0.047400535573478765,True,0.5949759681814036,10000,
beta_0.95_sigma_0.15_seed_202603,3,202603,0.95,0.15,Wasserstein ABC,alpha,parameter,-1.0126150314207234,0.336553232174041,-1.4723934783839199,-1.055364404917463,-0.2680794487710856,-0.5000000000000004,-0.512615031420723,0.512615031420723,0.366153593871945,True,1.2043140296128343,10000,
beta_0.95_sigma_0.15_seed_202603,3,202603,0.95,0.15,Wasserstein ABC,beta,parameter,0.8996514527467134,0.03353431130066393,0.8524776249562782,0.894665271338631,0.9735907863911725,0.95,-0.050348547253286524,0.050348547253286524,0.3379097131093055,True,0.12111316143489426,10000,
beta_0.95_sigma_0.15_seed_202603,3,202603,0.95,0.15,Wasserstein ABC,sigma_eta,parameter,0.26225423377640233,0.12902620459328168,0.059518402114938904,0.2625376284778309,0.48365040923380487,0.15,0.11225423377640234,0.11225423377640234,0.24945385283644964,True,0.42413200711886595,10000,
beta_0.95_sigma_0.15_seed_202603,3,202603,0.95,0.15,Wasserstein ABC,long_run_log_variance,derived,-10.102688708215062,0.3166565587718183,-10.676626534231614,-10.110922103500515,-9.533097209415189,-10.0,-0.10268870821506226,0.10268870821506226,0.010268870821506227,True,1.1435293248164253,10000,
beta_0.95_sigma_0.15_seed_202603,3,202603,0.95,0.15,Wasserstein ABC,half_life_days,derived,8.087443396596038,5.567580231158759,4.3428011492323515,6.227422509989643,25.8982954809104,13.513407333964874,-5.425963937368836,5.425963937368836,0.40152448625825904,True,21.555494331678048,10000,
beta_0.95_sigma_0.15_seed_202603,3,202603,0.95,0.15,Wasserstein ABC,stationary_log_volatility_variance,derived,0.48591203379491554,0.42419710419332946,0.017638796376964323,0.39789016137652383,1.4926598142725327,0.2307692307692307,0.2551428030256848,0.2551428030256848,1.1056188131113012,True,1.4750210178955683,10000,
beta_0.95_sigma_0.15_seed_202603,3,202603,0.95,0.15,ABC-SMC,alpha,parameter,-0.9801090149751546,0.3311337861613343,-1.467045621746201,-1.022680404176543,-0.3103567017081735,-0.5000000000000004,-0.4801090149751541,0.4801090149751541,0.3429350106965387,True,1.1566889200380275,20051,46.096081600000616
beta_0.95_sigma_0.15_seed_202603,3,202603,0.95,0.15,ABC-SMC,beta,parameter,0.907395759773918,0.03212037165720282,0.8556371507125634,0.9063342996800451,0.9724858389628429,0.95,-0.042604240226082,0.042604240226082,0.28593449816162414,True,0.1168486882502795,20051,46.096081600000616
beta_0.95_sigma_0.15_seed_202603,3,202603,0.95,0.15,ABC-SMC,sigma_eta,parameter,0.20978165619284633,0.05773131945144057,0.1047910428449084,0.2112605818273864,0.32788450410425013,0.15,0.05978165619284634,0.05978165619284634,0.13284812487299186,True,0.22309346125934174,20051,46.096081600000616
beta_0.95_sigma_0.15_seed_202603,3,202603,0.95,0.15,ABC-SMC,long_run_log_variance,derived,-10.745641941375398,1.7836147820388328,-14.205901389764842,-10.506427792560615,-8.008795703817503,-10.0,-0.7456419413753981,0.7456419413753981,0.07456419413753981,True,6.197105685947339,20051,46.096081600000616
beta_0.95_sigma_0.15_seed_202603,3,202603,0.95,0.15,ABC-SMC,half_life_days,derived,8.789592250009914,6.116557101693108,4.445847929864072,7.047970758799487,24.84419416212235,13.513407333964874,-4.72381508395496,4.72381508395496,0.34956506284555094,True,20.398346232258277,20051,46.096081600000616
beta_0.95_sigma_0.15_seed_202603,3,202603,0.95,0.15,ABC-SMC,stationary_log_volatility_variance,derived,0.26243267099589945,0.0876881182381911,0.1231429774455376,0.25152383468368855,0.46585782477307175,0.2307692307692307,0.031663440226668754,0.031663440226668754,0.1372082409822313,True,0.34271484732753416,20051,46.096081600000616
beta_0.95_sigma_0.15_seed_202604,4,202604,0.95,0.15,Manual ABC,alpha,parameter,-1.0015303343550523,0.30946232803402113,-1.4678182339550399,-1.0467118194855682,-0.3065579600385675,-0.5000000000000004,-0.5015303343550519,0.5015303343550519,0.3582359531107514,True,1.1612602739164724,10000,
beta_0.95_sigma_0.15_seed_202604,4,202604,0.95,0.15,Manual ABC,beta,parameter,0.9011570171630001,0.03181864380237122,0.8528163115361103,0.896105619221055,0.9710143321774967,0.95,-0.04884298283699984,0.04884298283699984,0.3278052539395962,True,0.1181980206413864,10000,
beta_0.95_sigma_0.15_seed_202604,4,202604,0.95,0.15,Manual ABC,sigma_eta,parameter,0.19712277263395273,0.060930128443237745,0.08387769482522928,0.19512155622589938,0.32288942672716225,0.15,0.04712277263395273,0.04712277263395273,0.10471727251989496,True,0.23901173190193298,10000,
beta_0.95_sigma_0.15_seed_202604,4,202604,0.95,0.15,Manual ABC,long_run_log_variance,derived,-10.33133363396925,1.7323699569213498,-13.948492924459819,-10.161668742199572,-7.677983627173755,-10.0,-0.3313336339692494,0.3313336339692494,0.03313336339692494,True,6.270509297286064,10000,
beta_0.95_sigma_0.15_seed_202604,4,202604,0.95,0.15,Manual ABC,half_life_days,derived,7.98960228117562,4.965319796906716,4.353636060190612,6.318743595552817,23.56517266382154,13.513407333964874,-5.523805052789254,5.523805052789254,0.4087647856884777,True,19.211536603630925,10000,
beta_0.95_sigma_0.15_seed_202604,4,202604,0.95,0.15,Manual ABC,stationary_log_volatility_variance,derived,0.22148568222317158,0.09716754825879745,0.06982490845515492,0.2021524691384939,0.4359546307742943,0.2307692307692307,-0.009283548546059117,0.009283548546059117,0.040228710366256186,True,0.3661297223191394,10000,
beta_0.95_sigma_0.15_seed_202604,4,202604,0.95,0.15,Auto ABC,alpha,parameter,-0.7019767721128198,0.33798146331255946,-1.4377595329890673,-0.670769536594632,-0.17322234994852637,-0.5000000000000004,-0.2019767721128194,0.2019767721128194,0.14426912293772814,True,1.264537183040541,10000,
beta_0.95_sigma_0.15_seed_202604,4,202604,0.95,0.15,Auto ABC,beta,parameter,0.9298993265090384,0.02862302683188758,0.8676597784785294,0.9325267184193613,0.9804459841938692,0.95,-0.020100673490961563,0.020100673490961563,0.1349038489326279,True,0.11278620571533982,10000,
beta_0.95_sigma_0.15_seed_202604,4,202604,0.95,0.15,Auto ABC,sigma_eta,parameter,0.21706060032384009,0.08908299709477256,0.07462396699117688,0.20409579034782693,0.40690084448620417,0.15,0.06706060032384009,0.06706060032384009,0.1490235562752002,True,0.3322768774950273,10000,
beta_0.95_sigma_0.15_seed_202604,4,202604,0.95,0.15,Auto ABC,long_run_log_variance,derived,-10.095278429716435,2.8442148272236794,-14.221394553822934,-10.671177862604182,-4.5764314006818605,-10.0,-0.0952784297164353,0.0952784297164353,0.00952784297164353,True,9.644963153141074,10000,
beta_0.95_sigma_0.15_seed_202604,4,202604,0.95,0.15,Auto ABC,half_life_days,derived,11.98408570863487,7.577746141659761,4.882844872240341,9.92230504251884,35.10010308385082,13.513407333964874,-1.5293216253300042,1.5293216253300042,0.11317068948896226,True,30.217258211610478,10000,
beta_0.95_sigma_0.15_seed_202604,4,202604,0.95,0.15,Auto ABC,stationary_log_volatility_variance,derived,0.4165595760085418,0.2776941971947668,0.059900307405129215,0.3478275255159517,1.0345655904770978,0.2307692307692307,0.18579034523931112,0.18579034523931112,0.8050914960370151,True,0.9746652830719686,10000,
beta_0.95_sigma_0.15_seed_202604,4,202604,0.95,0.15,Wasserstein ABC,alpha,parameter,-1.0073126441079303,0.33905675472043795,-1.4723934783839199,-1.0552156280145844,-0.26241080498854075,-0.5000000000000004,-0.5073126441079299,0.5073126441079299,0.36236617436280705,True,1.2099826733953791,10000,
beta_0.95_sigma_0.15_seed_202604,4,202604,0.95,0.15,Wasserstein ABC,beta,parameter,0.9000046111014941,0.03386908002132478,0.8524776249562782,0.894665271338631,0.9735907863911725,0.95,-0.049995388898505855,0.049995388898505855,0.3355395228087641,True,0.12111316143489426,10000,
beta_0.95_sigma_0.15_seed_202604,4,202604,0.95,0.15,Wasserstein ABC,sigma_eta,parameter,0.2628360322751673,0.12922020850822505,0.059518402114938904,0.2625376284778309,0.4858253249132372,0.15,0.11283603227516728,0.11283603227516728,0.2507467383892606,True,0.4263069227982983,10000,
beta_0.95_sigma_0.15_seed_202604,4,202604,0.95,0.15,Wasserstein ABC,long_run_log_variance,derived,-10.087223434495995,0.31511240947789887,-10.667760437428907,-10.090210702694723,-9.518012396779797,-10.0,-0.08722343449599457,0.08722343449599457,0.008722343449599457,True,1.1497480406491096,10000,
beta_0.95_sigma_0.15_seed_202604,4,202604,0.95,0.15,Wasserstein ABC,half_life_days,derived,8.167371746638766,5.663883279256826,4.3428011492323515,6.227422509989643,25.8982954809104,13.513407333964874,-5.346035587326108,5.346035587326108,0.39560974188125547,True,21.555494331678048,10000,
beta_0.95_sigma_0.15_seed_202604,4,202604,0.95,0.15,Wasserstein ABC,stationary_log_volatility_variance,derived,0.4973909697957233,0.44482470782892347,0.017638796376964323,0.39789016137652383,1.5948454976075104,0.2307692307692307,0.26662173902649255,0.26662173902649255,1.1553608691148014,True,1.577206701230546,10000,
beta_0.95_sigma_0.15_seed_202604,4,202604,0.95,0.15,ABC-SMC,alpha,parameter,-1.0760465405302035,0.2898258882828909,-1.47921402398101,-1.1121892602699288,-0.3726180972587383,-0.5000000000000004,-0.5760465405302031,0.5760465405302031,0.4114618146644308,True,1.1065959267222718,20442,47.074685400002636
beta_0.95_sigma_0.15_seed_202604,4,202604,0.95,0.15,ABC-SMC,beta,parameter,0.8976006784180033,0.02863231518319312,0.8551129906493448,0.8931549838167736,0.9636678114524267,0.95,-0.05239932158199667,0.05239932158199667,0.3516732992080313,True,0.10855482080308199,20442,47.074685400002636
beta_0.95_sigma_0.15_seed_202604,4,202604,0.95,0.15,ABC-SMC,sigma_eta,parameter,0.20132182012544572,0.04905783693313487,0.10271757341547741,0.2021057344636676,0.28951724631043235,0.15,0.05132182012544573,0.05132182012544573,0.11404848916765717,True,0.18679967289495494,20442,47.074685400002636
beta_0.95_sigma_0.15_seed_202604,4,202604,0.95,0.15,ABC-SMC,long_run_log_variance,derived,-10.655838933640544,1.638302720408946,-13.960020268624106,-10.443547947428568,-8.163897495471995,-10.0,-0.6558389336405437,0.6558389336405437,0.06558389336405437,True,5.796122773152112,20442,47.074685400002636
beta_0.95_sigma_0.15_seed_202604,4,202604,0.95,0.15,ABC-SMC,half_life_days,derived,7.4965495316322475,4.9744949645722185,4.428442390144338,6.1343086406244804,18.729335200800662,13.513407333964874,-6.016857802332627,6.016857802332627,0.4452509758371402,True,14.300892810656325,20442,47.074685400002636
beta_0.95_sigma_0.15_seed_202604,4,202604,0.95,0.15,ABC-SMC,stationary_log_volatility_variance,derived,0.21694378131773298,0.06937911222490054,0.09450305012213601,0.21351555539853273,0.36613909962044916,0.2307692307692307,-0.013825449451497718,0.013825449451497718,0.059910280956490126,True,0.27163604949831316,20442,47.074685400002636
beta_0.95_sigma_0.15_seed_202605,5,202605,0.95,0.15,Manual ABC,alpha,parameter,-0.9815213214803999,0.31853069777754295,-1.4618032032305888,-1.0255316997073516,-0.2924330794283445,-0.5000000000000004,-0.4815213214803995,0.4815213214803995,0.3439438010574282,True,1.1693701238022443,10000,
beta_0.95_sigma_0.15_seed_202605,5,202605,0.95,0.15,Manual ABC,beta,parameter,0.9036605103652873,0.03234852523335432,0.8534117340967647,0.8982622151665363,0.9725648805019973,0.95,-0.04633948963471268,0.04633948963471268,0.31100328613901124,True,0.11915314640523256,10000,
beta_0.95_sigma_0.15_seed_202605,5,202605,0.95,0.15,Manual ABC,sigma_eta,parameter,0.20061525150717927,0.06693232485504368,0.07865003723356613,0.19665178649756232,0.3376626531602765,0.15,0.05061525150717927,0.05061525150717927,0.1124783366826206,True,0.2590126159267104,10000,
beta_0.95_sigma_0.15_seed_202605,5,202605,0.95,0.15,Manual ABC,long_run_log_variance,derived,-10.3869108502717,1.7687928082633346,-13.959275017054766,-10.2325812934937,-7.645969740880994,-10.0,-0.38691085027170047,0.38691085027170047,0.038691085027170044,True,6.3133052761737725,10000,
beta_0.95_sigma_0.15_seed_202605,5,202605,0.95,0.15,Manual ABC,half_life_days,derived,8.378050154498734,5.5721733943227525,4.37280530593795,6.460305314855746,24.916778982674643,13.513407333964874,-5.135357179466141,5.135357179466141,0.38001941720196863,True,20.54397367673669,10000,
beta_0.95_sigma_0.15_seed_202605,5,202605,0.95,0.15,Manual ABC,stationary_log_volatility_variance,derived,0.238401349453718,0.11705647106859182,0.06775191615678011,0.21626500122965264,0.5148512460021465,0.2307692307692307,0.0076321186844872935,0.0076321186844872935,0.033072514299444945,True,0.4470993298453664,10000,
beta_0.95_sigma_0.15_seed_202605,5,202605,0.95,0.15,Auto ABC,alpha,parameter,-1.1328097534010213,0.21417113534227977,-1.4682030976125953,-1.1556043567750964,-0.6631089231179467,-0.5000000000000004,-0.6328097534010209,0.6328097534010209,0.45200696671501495,False,0.8050941744946486,10000,
beta_0.95_sigma_0.15_seed_202605,5,202605,0.95,0.15,Auto ABC,beta,parameter,0.8780691041095458,0.019565438849491485,0.8509183370865492,0.8746090925238627,0.9238346858187289,0.95,-0.0719308958904542,0.0719308958904542,0.48275769053996104,False,0.07291634873217967,10000,
beta_0.95_sigma_0.15_seed_202605,5,202605,0.95,0.15,Auto ABC,sigma_eta,parameter,0.3284617200270478,0.08188881770826309,0.1783321258530846,0.3264737479408336,0.48503190860243417,0.15,0.17846172002704783,0.17846172002704783,0.3965816000601063,False,0.30669978274934956,10000,
beta_0.95_sigma_0.15_seed_202605,5,202605,0.95,0.15,Auto ABC,long_run_log_variance,derived,-9.332721140477002,1.3017719642147403,-11.817126956172338,-9.359076274143,-6.943256448217454,-10.0,0.6672788595229981,0.6672788595229981,0.06672788595229981,True,4.873870507954884,10000,
beta_0.95_sigma_0.15_seed_202605,5,202605,0.95,0.15,Auto ABC,half_life_days,derived,5.520280351964955,1.2414986062883993,4.293551632095378,5.173580132468034,8.749413056363693,13.513407333964874,-7.99312698199992,7.99312698199992,0.5914960442219359,False,4.455861424268315,10000,
beta_0.95_sigma_0.15_seed_202605,5,202605,0.95,0.15,Auto ABC,stationary_log_volatility_variance,derived,0.5016639083359276,0.23219423090909777,0.15049260660530045,0.4530244444624389,1.021412515782848,0.2307692307692307,0.27089467756669683,0.27089467756669683,1.1738769361223533,True,0.8709199091775475,10000,
beta_0.95_sigma_0.15_seed_202605,5,202605,0.95,0.15,Wasserstein ABC,alpha,parameter,-1.016295841516376,0.33736697492324413,-1.4723934783839199,-1.064566200571795,-0.2686081284626829,-0.5000000000000004,-0.5162958415163756,0.5162958415163756,0.36878274394026833,True,1.203785349921237,10000,
beta_0.95_sigma_0.15_seed_202605,5,202605,0.95,0.15,Wasserstein ABC,beta,parameter,0.8995129871229719,0.033596107098360486,0.8524776249562782,0.8944856408779673,0.972297088056633,0.95,-0.05048701287702806,0.05048701287702806,0.3388390125975037,True,0.11981946310035474,10000,
beta_0.95_sigma_0.15_seed_202605,5,202605,0.95,0.15,Wasserstein ABC,sigma_eta,parameter,0.26347921530443386,0.12908634223232018,0.059518402114938904,0.2674083378366984,0.4858253249132372,0.15,0.11347921530443386,0.11347921530443386,0.252176034009853,True,0.4263069227982983,10000,
beta_0.95_sigma_0.15_seed_202605,5,202605,0.95,0.15,Wasserstein ABC,long_run_log_variance,derived,-10.128305055525178,0.3176619437287594,-10.698255703792228,-10.130523424521199,-9.593486102490756,-10.0,-0.12830505552517835,0.12830505552517835,0.012830505552517834,True,1.1047696013014718,10000,
beta_0.95_sigma_0.15_seed_202605,5,202605,0.95,0.15,Wasserstein ABC,half_life_days,derived,8.079131407284253,5.5580312830876615,4.3428011492323515,6.2162082290554554,24.672537296998907,13.513407333964874,-5.4342759266806215,5.4342759266806215,0.4021395783002856,True,20.329736147766557,10000,
beta_0.95_sigma_0.15_seed_202605,5,202605,0.95,0.15,Wasserstein ABC,stationary_log_volatility_variance,derived,0.49449391484526584,0.44079631380862555,0.017638796376964323,0.4023048555714253,1.5684453314034315,0.2307692307692307,0.2637246840760351,0.2637246840760351,1.1428069643294858,True,1.550806535026467,10000,
beta_0.95_sigma_0.15_seed_202605,5,202605,0.95,0.15,ABC-SMC,alpha,parameter,-0.9879909699821013,0.31554668611071185,-1.456594766218902,-1.0462380156424396,-0.30394214187545143,-0.5000000000000004,-0.4879909699821009,0.4879909699821009,0.34856497855864355,True,1.1526526243434505,21731,50.16535540000041
beta_0.95_sigma_0.15_seed_202605,5,202605,0.95,0.15,ABC-SMC,beta,parameter,0.9060869278783206,0.031530104941146435,0.8536321922028746,0.9037143603250349,0.968628664650242,0.95,-0.043913072121679386,0.043913072121679386,0.2947186048434858,True,0.11499647244736744,21731,50.16535540000041
beta_0.95_sigma_0.15_seed_202605,5,202605,0.95,0.15,ABC-SMC,sigma_eta,parameter,0.2015955591294154,0.05831038757517181,0.10208724575297172,0.19618053344839276,0.3223482253006826,0.15,0.05159555912941541,0.05159555912941541,0.11465679806536758,True,0.22026097954771084,21731,50.16535540000041
beta_0.95_sigma_0.15_seed_202605,5,202605,0.95,0.15,ABC-SMC,long_run_log_variance,derived,-10.7168328883091,1.7973506370640124,-14.073199457399204,-10.492069764362594,-7.973596421075902,-10.0,-0.7168328883090993,0.7168328883090993,0.07168328883090994,True,6.099603036323302,21731,50.16535540000041
beta_0.95_sigma_0.15_seed_202605,5,202605,0.95,0.15,ABC-SMC,half_life_days,derived,8.51997449390052,5.627079388574823,4.379942285312739,6.84644298128998,21.74650646744883,13.513407333964874,-4.993432840064354,4.993432840064354,0.36951693356521254,True,17.36656418213609,21731,50.16535540000041
beta_0.95_sigma_0.15_seed_202605,5,202605,0.95,0.15,ABC-SMC,stationary_log_volatility_variance,derived,0.24164894150652794,0.0978212736902866,0.10558694288837558,0.22620158361519682,0.4695265715343607,0.2307692307692307,0.010879710737297238,0.010879710737297238,0.04714541319495471,True,0.36393962864598517,21731,50.16535540000041
beta_0.95_sigma_0.30_seed_202601,1,202601,0.95,0.3,Manual ABC,alpha,parameter,-0.9403263750243099,0.30647616338433503,-1.4558082291814163,-0.9511525385141096,-0.3004278290484046,-0.5000000000000004,-0.4403263750243095,0.4403263750243095,0.3145188393030782,True,1.1553804001330117,10000,
beta_0.95_sigma_0.30_seed_202601,1,202601,0.95,0.3,Manual ABC,beta,parameter,0.9125363248063065,0.02790138965189288,0.8607957910657849,0.9113478650177662,0.9705173300387528,0.95,-0.037463675193693424,0.037463675193693424,0.2514340617026404,True,0.10972153897296799,10000,
beta_0.95_sigma_0.30_seed_202601,1,202601,0.95,0.3,Manual ABC,sigma_eta,parameter,0.38300260386171736,0.07212490784061015,0.21472374953732387,0.3878306359489667,0.4946111458458851,0.3,0.08300260386171737,0.08300260386171737,0.18445023080381637,True,0.27988739630856124,10000,
beta_0.95_sigma_0.30_seed_202601,1,202601,0.95,0.3,Manual ABC,long_run_log_variance,derived,-10.928937840870217,2.18102080773983,-14.763223189391192,-10.909642614244301,-7.490666408661585,-10.0,-0.9289378408702174,0.9289378408702174,0.09289378408702173,True,7.272556780729608,10000,
beta_0.95_sigma_0.30_seed_202601,1,202601,0.95,0.3,Manual ABC,half_life_days,derived,8.916116274391833,5.259195256622101,4.624126252409226,7.466795899503002,23.16202378726808,13.513407333964874,-4.597291059573042,4.597291059573042,0.3402022114746824,True,18.537897534858853,10000,
beta_0.95_sigma_0.30_seed_202601,1,202601,0.95,0.3,Manual ABC,stationary_log_volatility_variance,derived,0.9259108903188653,0.2257569129624842,0.5323024369431523,0.9123516815313523,1.4124274639681198,0.9230769230769228,0.0028339672419425144,0.0028339672419425144,0.003070131178771058,True,0.8801250270249675,10000,
beta_0.95_sigma_0.30_seed_202601,1,202601,0.95,0.3,Auto ABC,alpha,parameter,-1.1095722440592661,0.2351581532965244,-1.47053856735976,-1.1368896829345354,-0.6510220658650581,-0.5000000000000004,-0.6095722440592657,0.6095722440592657,0.43540874575661836,False,0.8195165014947019,10000,
beta_0.95_sigma_0.30_seed_202601,1,202601,0.95,0.3,Auto ABC,beta,parameter,0.8903763578183616,0.02168000964668908,0.8537478380685738,0.8907003245681024,0.9345214145582583,0.95,-0.0596236421816384,0.0596236421816384,0.40015867235998925,False,0.08077357648968453,10000,
beta_0.95_sigma_0.30_seed_202601,1,202601,0.95,0.3,Auto ABC,sigma_eta,parameter,0.3930113338691764,0.06363973809495517,0.27071106357861474,0.39376552550296456,0.4949650756850942,0.3,0.09301133386917643,0.09301133386917643,0.20669185304261428,True,0.22425401210647944,10000,
beta_0.95_sigma_0.30_seed_202601,1,202601,0.95,0.3,Auto ABC,long_run_log_variance,derived,-10.235090393063782,1.7588056515033914,-14.033755198685624,-10.040608077331655,-7.41183362717186,-10.0,-0.235090393063782,0.235090393063782,0.0235090393063782,True,6.621921571513764,10000,
beta_0.95_sigma_0.30_seed_202601,1,202601,0.95,0.3,Auto ABC,half_life_days,derived,6.283908365442352,1.7430418543891093,4.383694719978117,5.988455152118483,10.23537564811483,13.513407333964874,-7.229498968522522,7.229498968522522,0.5349871272178521,False,5.851680928136713,10000,
beta_0.95_sigma_0.30_seed_202601,1,202601,0.95,0.3,Auto ABC,stationary_log_volatility_variance,derived,0.77804541967386,0.24990212954381757,0.38712002444530114,0.7471021926917689,1.2509582953752714,0.9230769230769228,-0.1450315034030628,0.1450315034030628,0.15711746201998475,True,0.8638382709299702,10000,
beta_0.95_sigma_0.30_seed_202601,1,202601,0.95,0.3,Wasserstein ABC,alpha,parameter,-0.9929793158732787,0.34604808527969255,-1.4723934783839199,-1.04637329452539,-0.2480743834801482,-0.5000000000000004,-0.49297931587327826,0.49297931587327826,0.3521280827666273,True,1.2243190949037717,10000,
beta_0.95_sigma_0.30_seed_202601,1,202601,0.95,0.3,Wasserstein ABC,beta,parameter,0.901114077474856,0.03473307456307443,0.8524776249562782,0.8952063205469835,0.9748657627857173,0.95,-0.04888592252514401,0.04888592252514401,0.32809343976606714,True,0.12238813782943914,10000,
beta_0.95_sigma_0.30_seed_202601,1,202601,0.95,0.3,Wasserstein ABC,sigma_eta,parameter,0.2681933332778908,0.1304333872425296,0.06122647341799281,0.2709346932632362,0.4881987434321771,0.3,-0.03180666672210919,0.03180666672210919,0.07068148160468708,True,0.4269722700141843,10000,
beta_0.95_sigma_0.30_seed_202601,1,202601,0.95,0.3,Wasserstein ABC,long_run_log_variance,derived,-10.062545582391907,0.32312091224271766,-10.691827028139455,-10.076004034895607,-9.503152723275575,-10.0,-0.06254558239190722,0.06254558239190722,0.006254558239190721,True,1.1886743048638806,10000,
beta_0.95_sigma_0.30_seed_202601,1,202601,0.95,0.3,Wasserstein ABC,half_life_days,derived,8.459516944611444,6.441006055872225,4.3428011492323515,6.26143210391145,27.22976455331749,13.513407333964874,-5.05389038935343,5.05389038935343,0.37399082736526995,True,22.88696340408514,10000,
beta_0.95_sigma_0.30_seed_202601,1,202601,0.95,0.3,Wasserstein ABC,stationary_log_volatility_variance,derived,0.5447100238891773,0.5235218680818097,0.017638796376964323,0.4241074019626984,2.0367461592860954,0.9230769230769228,-0.37836689918774546,0.37836689918774546,0.4098974741200577,True,2.019107362909131,10000,
beta_0.95_sigma_0.30_seed_202601,1,202601,0.95,0.3,ABC-SMC,alpha,parameter,-0.9342548781579867,0.3025110093608519,-1.4636446986726248,-0.9467404333309597,-0.28361101875211164,-0.5000000000000004,-0.43425487815798625,0.43425487815798625,0.31018205582713304,True,1.1800336799205131,22259,50.91718700000638
beta_0.95_sigma_0.30_seed_202601,1,202601,0.95,0.3,ABC-SMC,beta,parameter,0.9138861051819009,0.027180123962090144,0.8619874122264624,0.9125755609121314,0.9720643582567802,0.95,-0.03611389481809901,0.03611389481809901,0.2423751330073759,True,0.11007694603031781,22259,50.91718700000638
beta_0.95_sigma_0.30_seed_202601,1,202601,0.95,0.3,ABC-SMC,sigma_eta,parameter,0.390014668270907,0.0668794478460926,0.22632143611882855,0.3988831284488552,0.4898148105960199,0.3,0.09001466827090698,0.09001466827090698,0.20003259615757107,True,0.26349337447719134,22259,50.91718700000638
beta_0.95_sigma_0.30_seed_202601,1,202601,0.95,0.3,ABC-SMC,long_run_log_variance,derived,-11.002860395505547,2.0674433457530443,-14.85012699629093,-10.815151823300571,-7.785349374541386,-10.0,-1.0028603955055466,1.0028603955055466,0.10028603955055466,True,7.064777621749544,22259,50.91718700000638
beta_0.95_sigma_0.30_seed_202601,1,202601,0.95,0.3,ABC-SMC,half_life_days,derived,8.94839794246202,4.6805625223823695,4.66719856030557,7.576671571655305,24.464077557521104,13.513407333964874,-4.565009391502855,4.565009391502855,0.33781334926751355,True,19.796878997215536,22259,50.91718700000638
beta_0.95_sigma_0.30_seed_202601,1,202601,0.95,0.3,ABC-SMC,stationary_log_volatility_variance,derived,0.9741431005358823,0.22007264059428733,0.5946800598724173,0.9602618199662809,1.4754296499912825,0.9230769230769228,0.05106617745895947,0.05106617745895947,0.05532169224720611,True,0.8807495901188651,22259,50.91718700000638
beta_0.95_sigma_0.30_seed_202602,2,202602,0.95,0.3,Manual ABC,alpha,parameter,-0.9705754092706109,0.3028355545011974,-1.4563943077031765,-0.9796721206196938,-0.3594672274869102,-0.5000000000000004,-0.4705754092706105,0.4705754092706105,0.33612529233615035,True,1.0969270802162663,10000,
beta_0.95_sigma_0.30_seed_202602,2,202602,0.95,0.3,Manual ABC,beta,parameter,0.9091251516291183,0.027806727303490635,0.8583870331343166,0.9074605703559852,0.9694070256425658,0.95,-0.04087484837088162,0.04087484837088162,0.27432784141531286,True,0.11101999250824912,10000,
beta_0.95_sigma_0.30_seed_202602,2,202602,0.95,0.3,Manual ABC,sigma_eta,parameter,0.3922776268830023,0.07074490034783078,0.2259674579705882,0.3973657786757853,0.4955706472032407,0.3,0.09227762688300228,0.09227762688300228,0.2050613930733384,True,0.2696031892326525,10000,
beta_0.95_sigma_0.30_seed_202602,2,202602,0.95,0.3,Manual ABC,long_run_log_variance,derived,-10.86301380934231,2.117939698461675,-14.756101958028305,-10.785561920715704,-7.570666646477867,-10.0,-0.8630138093423092,0.8630138093423092,0.08630138093423093,True,7.185435311550438,10000,
beta_0.95_sigma_0.30_seed_202602,2,202602,0.95,0.3,Manual ABC,half_life_days,derived,8.459160275008307,4.898648428633231,4.539268510813157,7.138108450777549,22.308702346327898,13.513407333964874,-5.054247058956568,5.054247058956568,0.37401722112328545,True,17.76943383551474,10000,
beta_0.95_sigma_0.30_seed_202602,2,202602,0.95,0.3,Manual ABC,stationary_log_volatility_variance,derived,0.9335631387895966,0.2269537370460567,0.5536786467179917,0.9174455855508332,1.4470161514360327,0.9230769230769228,0.01048621571267383,0.01048621571267383,0.01136006702206332,True,0.893337504718041,10000,
beta_0.95_sigma_0.30_seed_202602,2,202602,0.95,0.3,Auto ABC,alpha,parameter,-0.5655869228437683,0.25894731589968567,-1.1785752359949397,-0.5315946425033207,-0.16878141270163294,-0.5000000000000004,-0.06558692284376788,0.06558692284376788,0.04684780203126278,True,1.0097938232933068,10000,
beta_0.95_sigma_0.30_seed_202602,2,202602,0.95,0.3,Auto ABC,beta,parameter,0.9423157918398725,0.023473575162257662,0.8860461264097468,0.944655412194354,0.9821507039846864,0.95,-0.0076842081601274925,0.0076842081601274925,0.05157186684649323,True,0.09610457757493962,10000,
beta_0.95_sigma_0.30_seed_202602,2,202602,0.95,0.3,Auto ABC,sigma_eta,parameter,0.36306309791132857,0.08388092820388034,0.18703218942320915,0.37067545269218233,0.48736254237078513,0.3,0.06306309791132858,0.06306309791132858,0.14014021758073017,True,0.300330352947576,10000,
beta_0.95_sigma_0.30_seed_202602,2,202602,0.95,0.3,Auto ABC,long_run_log_variance,derived,-10.015658829321403,2.8028440649606856,-14.70149534729572,-10.228324821881953,-4.765205905711957,-10.0,-0.015658829321402834,0.015658829321402834,0.0015658829321402834,True,9.936289441583764,10000,
beta_0.95_sigma_0.30_seed_202602,2,202602,0.95,0.3,Auto ABC,half_life_days,derived,14.261864165971145,7.85905787795478,5.72913926659131,12.17434681454363,38.48569245201525,13.513407333964874,0.748456832006271,0.748456832006271,0.05538624075403131,True,32.75655318542394,10000,
beta_0.95_sigma_0.30_seed_202602,2,202602,0.95,0.3,Auto ABC,stationary_log_volatility_variance,derived,1.3669103859335512,0.76300980349389,0.490243001253824,1.1984320321377322,3.0755214371138178,0.9230769230769228,0.4438334628566284,0.4438334628566284,0.48081958476134756,True,2.5852784358599936,10000,
beta_0.95_sigma_0.30_seed_202602,2,202602,0.95,0.3,Wasserstein ABC,alpha,parameter,-0.9876246060364167,0.3496878562951525,-1.4723934783839199,-1.045598227641598,-0.23605450860389143,-0.5000000000000004,-0.4876246060364162,0.4876246060364162,0.3483032900260116,True,1.2363389697800284,10000,
beta_0.95_sigma_0.30_seed_202602,2,202602,0.95,0.3,Wasserstein ABC,beta,parameter,0.9013169813672219,0.035137929114206205,0.852470390482736,0.8950082641216426,0.9764611758747584,0.95,-0.04868301863277802,0.04868301863277802,0.3267316686763625,True,0.12399078539202246,10000,
beta_0.95_sigma_0.30_seed_202602,2,202602,0.95,0.3,Wasserstein ABC,sigma_eta,parameter,0.2736952244780361,0.13080355694234352,0.06156669720887342,0.2822663036894908,0.4881987434321771,0.3,-0.026304775521963863,0.026304775521963863,0.058455056715475254,True,0.4266320462233037,10000,
beta_0.95_sigma_0.30_seed_202602,2,202602,0.95,0.3,Wasserstein ABC,long_run_log_variance,derived,-10.028424804914176,0.32379062781933676,-10.667760437428907,-10.028305039705081,-9.474838342232152,-10.0,-0.02842480491417554,0.02842480491417554,0.002842480491417554,True,1.1929220951967547,10000,
beta_0.95_sigma_0.30_seed_202602,2,202602,0.95,0.3,Wasserstein ABC,half_life_days,derived,8.589512082682727,6.871872033872233,4.342570252853067,6.248941928253666,29.09902614681177,13.513407333964874,-4.923895251282147,4.923895251282147,0.36437111156313096,True,24.7564558939587,10000,
beta_0.95_sigma_0.30_seed_202602,2,202602,0.95,0.3,Wasserstein ABC,stationary_log_volatility_variance,derived,0.5737369244706424,0.5587131790596226,0.01777582383493634,0.4363174866350672,2.0943315086146566,0.9230769230769228,-0.3493399986062804,0.3493399986062804,0.3784516651568039,True,2.0765556847797204,10000,
beta_0.95_sigma_0.30_seed_202602,2,202602,0.95,0.3,ABC-SMC,alpha,parameter,-1.004437997742826,0.2772723824757004,-1.4530109670259137,-1.0114147933766202,-0.48108566167589367,-0.5000000000000004,-0.5044379977428255,0.5044379977428255,0.36031285553058967,True,0.9719253053500201,20388,46.75674710000021
beta_0.95_sigma_0.30_seed_202602,2,202602,0.95,0.3,ABC-SMC,beta,parameter,0.9085547680726411,0.024464728853839778,0.8614239090841819,0.9086177878776214,0.955460887471645,0.95,-0.04144523192735883,0.04144523192735883,0.2781559189755626,True,0.09403697838746317,20388,46.75674710000021
beta_0.95_sigma_0.30_seed_202602,2,202602,0.95,0.3,ABC-SMC,sigma_eta,parameter,0.40806308244207035,0.056821004264353,0.28752028812151875,0.41650607304186293,0.4932404297704804,0.3,0.10806308244207036,0.10806308244207036,0.2401401832046008,True,0.20572014164896163,20388,46.75674710000021
beta_0.95_sigma_0.30_seed_202602,2,202602,0.95,0.3,ABC-SMC,long_run_log_variance,derived,-11.139731122624239,2.068442234693382,-14.98791535570142,-10.934120075041106,-7.917055527680038,-10.0,-1.139731122624239,1.139731122624239,0.1139731122624239,True,7.070859828021382,20388,46.75674710000021
beta_0.95_sigma_0.30_seed_202602,2,202602,0.95,0.3,ABC-SMC,half_life_days,derived,7.929891848645236,2.932985731900203,4.6467380519700745,7.233035227251427,15.213457363211731,13.513407333964874,-5.583515485319638,5.583515485319638,0.4131833924139855,True,10.566719311241656,20388,46.75674710000021
beta_0.95_sigma_0.30_seed_202602,2,202602,0.95,0.3,ABC-SMC,stationary_log_volatility_variance,derived,0.9973102088262424,0.2203707563230144,0.6274162557970593,0.9770888141743308,1.478621244100661,0.9230769230769228,0.07423328574931964,0.07423328574931964,0.08041939289509631,True,0.8512049883036017,20388,46.75674710000021
beta_0.95_sigma_0.30_seed_202603,3,202603,0.95,0.3,Manual ABC,alpha,parameter,-0.8728556565930825,0.3206766915532802,-1.4522596921436006,-0.8797272008983141,-0.25671782697918255,-0.5000000000000004,-0.37285565659308206,0.37285565659308206,0.26632546899505866,True,1.195541865164418,10000,
beta_0.95_sigma_0.30_seed_202603,3,202603,0.95,0.3,Manual ABC,beta,parameter,0.9183349153380004,0.02924454721344846,0.8615551994649585,0.9181151956679325,0.9738729567565712,0.95,-0.031665084661999576,0.031665084661999576,0.21251734672482933,True,0.11231775729161264,10000,
beta_0.95_sigma_0.30_seed_202603,3,202603,0.95,0.3,Manual ABC,sigma_eta,parameter,0.3650053146559039,0.07865467707766824,0.19441723077858192,0.3706437028753049,0.49192840190147247,0.3,0.06500531465590392,0.06500531465590392,0.1444562547908976,True,0.29751117112289055,10000,
beta_0.95_sigma_0.30_seed_202603,3,202603,0.95,0.3,Manual ABC,long_run_log_variance,derived,-10.84127836728333,2.1670248105869403,-14.671566341142256,-10.736436390661082,-7.532376360548746,-10.0,-0.8412783672833299,0.8412783672833299,0.08412783672833299,True,7.13918998059351,10000,
beta_0.95_sigma_0.30_seed_202603,3,202603,0.95,0.3,Manual ABC,half_life_days,derived,9.910684654529279,6.203787537072435,4.651490285136175,8.113398351002358,26.181771791547575,13.513407333964874,-3.6027226794355958,3.6027226794355958,0.266603573058916,True,21.5302815064114,10000,
beta_0.95_sigma_0.30_seed_202603,3,202603,0.95,0.3,Manual ABC,stationary_log_volatility_variance,derived,0.9079080883009715,0.2556062493908447,0.46941381934659765,0.8965965651116249,1.4470161514360327,0.9230769230769228,-0.015168834775951323,0.015168834775951323,0.016432904340613938,True,0.977602332089435,10000,
beta_0.95_sigma_0.30_seed_202603,3,202603,0.95,0.3,Auto ABC,alpha,parameter,-0.44259518539628995,0.22975975237889854,-0.9727849673514227,-0.40562125872500454,-0.12497376106678115,-0.5000000000000004,0.0574048146037105,0.0574048146037105,0.041003439002650355,True,0.8478112062846416,10000,
beta_0.95_sigma_0.30_seed_202603,3,202603,0.95,0.3,Auto ABC,beta,parameter,0.951096553545327,0.021398236824864414,0.9070346912542581,0.9545068708795691,0.9838657764422384,0.95,0.0010965535453270059,0.0010965535453270059,0.007359419767295341,True,0.07683108518798032,10000,
beta_0.95_sigma_0.30_seed_202603,3,202603,0.95,0.3,Auto ABC,sigma_eta,parameter,0.34435194106253797,0.09145461876137902,0.1741159310450166,0.35286181867032224,0.48687536896764405,0.3,0.04435194106253798,0.04435194106253798,0.09855986902786218,True,0.31275943792262745,10000,
beta_0.95_sigma_0.30_seed_202603,3,202603,0.95,0.3,Auto ABC,long_run_log_variance,derived,-9.31912965907388,3.2368744183539215,-15.303054365640085,-9.26218984904194,-3.977057765812539,-10.0,0.6808703409261199,0.6808703409261199,0.06808703409261199,True,11.325996599827546,10000,
beta_0.95_sigma_0.30_seed_202603,3,202603,0.95,0.3,Auto ABC,half_life_days,derived,17.206080338130594,9.24117803603178,7.103767924981848,14.887041848035668,42.61378451105499,13.513407333964874,3.6926730041657194,3.6926730041657194,0.2732599493900017,True,35.51001658607314,10000,
beta_0.95_sigma_0.30_seed_202603,3,202603,0.95,0.3,Auto ABC,stationary_log_volatility_variance,derived,1.4826294889967806,0.8888952815307268,0.45020681440711197,1.299664956674395,3.629792710036988,0.9230769230769228,0.5595525659198578,0.5595525659198578,0.6061819464131795,True,3.179585895629876,10000,
beta_0.95_sigma_0.30_seed_202603,3,202603,0.95,0.3,Wasserstein ABC,alpha,parameter,-0.9968765679544472,0.339218354784672,-1.4643238889993735,-1.0528491165796843,-0.24861351038931923,-0.5000000000000004,-0.4968765679544468,0.4968765679544468,0.3549118342531763,True,1.2157103786100543,10000,
beta_0.95_sigma_0.30_seed_202603,3,202603,0.95,0.3,Wasserstein ABC,beta,parameter,0.8993957015012345,0.03425769788448032,0.8522528366075599,0.8921068156281111,0.9735907863911725,0.95,-0.050604298498765465,0.050604298498765465,0.33962616442124466,True,0.12133794978361256,10000,
beta_0.95_sigma_0.30_seed_202603,3,202603,0.95,0.3,Wasserstein ABC,sigma_eta,parameter,0.2766372251927609,0.13227214111831662,0.05980844272169461,0.28484439560998515,0.49011923318253686,0.3,-0.023362774807239084,0.023362774807239084,0.051917277349420185,True,0.43031079046084225,10000,
beta_0.95_sigma_0.30_seed_202603,3,202603,0.95,0.3,Wasserstein ABC,long_run_log_variance,derived,-9.920896004932176,0.32598344623884884,-10.551894090276296,-9.911819525581697,-9.369828944454598,-10.0,0.07910399506782362,0.07910399506782362,0.007910399506782361,True,1.1820651458216975,10000,
beta_0.95_sigma_0.30_seed_202603,3,202603,0.95,0.3,Wasserstein ABC,half_life_days,derived,8.208621443289445,6.182992164940136,4.335637315425291,6.071216539105095,25.8982954809104,13.513407333964874,-5.304785890675429,5.304785890675429,0.3925572403447258,True,21.562658165485107,10000,
beta_0.95_sigma_0.30_seed_202603,3,202603,0.95,0.3,Wasserstein ABC,stationary_log_volatility_variance,derived,0.564838694957255,0.5352299411659291,0.017638796376964323,0.43081130139197904,2.0367461592860954,0.9230769230769228,-0.35823822811966777,0.35823822811966777,0.38809141379630685,True,2.019107362909131,10000,
beta_0.95_sigma_0.30_seed_202603,3,202603,0.95,0.3,ABC-SMC,alpha,parameter,-0.8680436911938216,0.32352869356367675,-1.4447377682083364,-0.8740615540078761,-0.20509274656644205,-0.5000000000000004,-0.3680436911938212,0.3680436911938212,0.26288835085272944,True,1.2396450216418944,23444,54.33791940000083
beta_0.95_sigma_0.30_seed_202603,3,202603,0.95,0.3,ABC-SMC,beta,parameter,0.923308569887394,0.027582542389157614,0.8687211439582305,0.9234888604068585,0.9763977275583237,0.95,-0.026691430112605996,0.026691430112605996,0.17913711484970465,True,0.10767658360009313,23444,54.33791940000083
beta_0.95_sigma_0.30_seed_202603,3,202603,0.95,0.3,ABC-SMC,sigma_eta,parameter,0.36788269558848835,0.07100868482129608,0.22046186501398757,0.3731083956947324,0.48208860578299356,0.3,0.06788269558848836,0.06788269558848836,0.15085043464108525,True,0.261626740769006,23444,54.33791940000083
beta_0.95_sigma_0.30_seed_202603,3,202603,0.95,0.3,ABC-SMC,long_run_log_variance,derived,-11.43680227981854,2.1175828106107666,-14.951241534116999,-11.500949703693745,-7.9072948513032975,-10.0,-1.43680227981854,1.43680227981854,0.143680227981854,True,7.043946682813702,23444,54.33791940000083
beta_0.95_sigma_0.30_seed_202603,3,202603,0.95,0.3,ABC-SMC,half_life_days,derived,10.898409185687823,8.823214240786909,4.925260576342162,8.70825748283665,29.019862175677254,13.513407333964874,-2.614998148277051,2.614998148277051,0.19351138344690175,True,24.094601599335093,23444,54.33791940000083
beta_0.95_sigma_0.30_seed_202603,3,202603,0.95,0.3,ABC-SMC,stationary_log_volatility_variance,derived,0.9870716357552982,0.24635197187073754,0.6067160525323574,0.9539648713682053,1.62320073303187,0.9230769230769228,0.06399471267837542,0.06399471267837542,0.0693276054015734,True,1.0164846804995127,23444,54.33791940000083
beta_0.95_sigma_0.30_seed_202604,4,202604,0.95,0.3,Manual ABC,alpha,parameter,-0.9887159479399964,0.30523342786365965,-1.462729293031237,-0.9997674239719553,-0.3482542633987762,-0.5000000000000004,-0.48871594793999595,0.48871594793999595,0.34908281995713997,True,1.1144750296324608,10000,
beta_0.95_sigma_0.30_seed_202604,4,202604,0.95,0.3,Manual ABC,beta,parameter,0.9064227726769635,0.02821757163886885,0.8583291230344299,0.9037733686275291,0.9700601320530029,0.95,-0.04357722732303648,0.04357722732303648,0.29246461290628506,True,0.11173100901857302,10000,
beta_0.95_sigma_0.30_seed_202604,4,202604,0.95,0.3,Manual ABC,sigma_eta,parameter,0.36446648532059284,0.07157384934024003,0.20718667664238705,0.36943803465237446,0.4893946332905019,0.3,0.06446648532059285,0.06446648532059285,0.1432588562679841,True,0.2822079566481149,10000,
beta_0.95_sigma_0.30_seed_202604,4,202604,0.95,0.3,Manual ABC,long_run_log_variance,derived,-10.725430548991778,2.035487389778771,-14.445583743796808,-10.538596394078056,-7.5904032467254146,-10.0,-0.7254305489917776,0.7254305489917776,0.07254305489917776,True,6.855180497071394,10000,
beta_0.95_sigma_0.30_seed_202604,4,202604,0.95,0.3,Manual ABC,half_life_days,derived,8.262163254597473,5.200110579063561,4.537263852944502,6.8508612534697,22.80298117104603,13.513407333964874,-5.251244079367401,5.251244079367401,0.38859511517637874,True,18.26571731810153,10000,
beta_0.95_sigma_0.30_seed_202604,4,202604,0.95,0.3,Manual ABC,stationary_log_volatility_variance,derived,0.7815246161223606,0.19867811576283775,0.452113839956308,0.7607426496613151,1.1913713181472387,0.9230769230769228,-0.14155230695456222,0.14155230695456222,0.15334833253410912,True,0.7392574781909307,10000,
beta_0.95_sigma_0.30_seed_202604,4,202604,0.95,0.3,Auto ABC,alpha,parameter,-0.3965313287803987,0.21840107267427322,-0.9259316983190081,-0.35769651292105076,-0.11588681499301612,-0.5000000000000004,0.10346867121960174,0.10346867121960174,0.07390619372828695,True,0.810044883325992,10000,
beta_0.95_sigma_0.30_seed_202604,4,202604,0.95,0.3,Auto ABC,beta,parameter,0.9568390260050288,0.020602501081412716,0.9105811471356546,0.9603792847983637,0.9874937220748388,0.95,0.0068390260050288365,0.0068390260050288365,0.045899503389455275,True,0.07691257493918413,10000,
beta_0.95_sigma_0.30_seed_202604,4,202604,0.95,0.3,Auto ABC,sigma_eta,parameter,0.34878634470603714,0.0958969150400916,0.15328404851195718,0.35716732565174936,0.4891329652618013,0.3,0.048786344706037155,0.048786344706037155,0.10841409934674923,True,0.3358489167498441,10000,
beta_0.95_sigma_0.30_seed_202604,4,202604,0.95,0.3,Auto ABC,long_run_log_variance,derived,-9.724093721306366,3.6765716893634965,-16.655700854807264,-9.407325549781568,-3.878270971373613,-10.0,0.2759062786936344,0.2759062786936344,0.02759062786936344,True,12.777429883433651,10000,
beta_0.95_sigma_0.30_seed_202604,4,202604,0.95,0.3,Auto ABC,half_life_days,derived,20.94516909373465,14.172250963233996,7.399705953295857,17.14565639785463,55.07663812314154,13.513407333964874,7.431761759769774,7.431761759769774,0.5499546913745901,True,47.676932169845685,10000,
beta_0.95_sigma_0.30_seed_202604,4,202604,0.95,0.3,Auto ABC,stationary_log_volatility_variance,derived,1.9245521717147722,1.5875658942956037,0.44093931016231314,1.5437137339694875,6.762117338644919,0.9230769230769228,1.0014752486378495,1.0014752486378495,1.0849315193576707,True,6.321178028482606,10000,
beta_0.95_sigma_0.30_seed_202604,4,202604,0.95,0.3,Wasserstein ABC,alpha,parameter,-0.9952848515258851,0.3409628241192898,-1.4643238889993735,-1.0526058848306312,-0.24861351038931923,-0.5000000000000004,-0.49528485152588464,0.49528485152588464,0.35377489394706046,True,1.2157103786100543,10000,
beta_0.95_sigma_0.30_seed_202604,4,202604,0.95,0.3,Wasserstein ABC,beta,parameter,0.899503533933683,0.03447748916954765,0.8522528366075599,0.8924129145352985,0.9735907863911725,0.95,-0.05049646606631697,0.05049646606631697,0.3389024568209192,True,0.12133794978361256,10000,
beta_0.95_sigma_0.30_seed_202604,4,202604,0.95,0.3,Wasserstein ABC,sigma_eta,parameter,0.27721419332893393,0.1320790636907034,0.05980844272169461,0.28637742360770746,0.49011923318253686,0.3,-0.022785806671066056,0.022785806671066056,0.050635125935702345,True,0.43031079046084225,10000,
beta_0.95_sigma_0.30_seed_202604,4,202604,0.95,0.3,Wasserstein ABC,long_run_log_variance,derived,-9.916508628023397,0.3235217569659085,-10.551541664996705,-9.909821149684143,-9.369857633115144,-10.0,0.08349137197660284,0.08349137197660284,0.008349137197660284,True,1.1816840318815611,10000,
beta_0.95_sigma_0.30_seed_202604,4,202604,0.95,0.3,Wasserstein ABC,half_life_days,derived,8.241217500628107,6.216147058856264,4.335637315425291,6.089514527921562,25.8982954809104,13.513407333964874,-5.272189833336768,5.272189833336768,0.3901451131488901,True,21.562658165485107,10000,
beta_0.95_sigma_0.30_seed_202604,4,202604,0.95,0.3,Wasserstein ABC,stationary_log_volatility_variance,derived,0.5697074528644808,0.5416772295560759,0.017638796376964323,0.43972048958356397,2.0534247237447887,0.9230769230769228,-0.353369470212442,0.353369470212442,0.382816926063479,True,2.0357859273678245,10000,
beta_0.95_sigma_0.30_seed_202604,4,202604,0.95,0.3,ABC-SMC,alpha,parameter,-0.9952759489774032,0.2905201034920144,-1.472824177950959,-1.0158520004503981,-0.35619613497318986,-0.5000000000000004,-0.4952759489774028,0.4952759489774028,0.3537685349838592,True,1.116628042977769,19258,44.658041599999706
beta_0.95_sigma_0.30_seed_202604,4,202604,0.95,0.3,ABC-SMC,beta,parameter,0.907646009293205,0.027049938769793856,0.8586517985192262,0.9066710528494494,0.9619048089150526,0.95,-0.04235399070679491,0.04235399070679491,0.28425497118654297,True,0.10325301039582635,19258,44.658041599999706
beta_0.95_sigma_0.30_seed_202604,4,202604,0.95,0.3,ABC-SMC,sigma_eta,parameter,0.3751937878358846,0.066696799665157,0.23018688226966694,0.37747133877980293,0.48610972149933873,0.3,0.0751937878358846,0.0751937878358846,0.16709730630196576,True,0.2559228392296718,19258,44.658041599999706
beta_0.95_sigma_0.30_seed_202604,4,202604,0.95,0.3,ABC-SMC,long_run_log_variance,derived,-10.928495349495105,1.9844042665313226,-14.685388056639086,-10.747365247301225,-7.854420327227662,-10.0,-0.9284953494951047,0.9284953494951047,0.09284953494951047,True,6.830967729411424,19258,44.658041599999706
beta_0.95_sigma_0.30_seed_202604,4,202604,0.95,0.3,ABC-SMC,half_life_days,derived,8.04487675321618,3.3392452623084434,4.5484546997469,7.074693985630599,17.84631893506293,13.513407333964874,-5.468530580748695,5.468530580748695,0.40467444261847846,True,13.297864235316029,19258,44.658041599999706
beta_0.95_sigma_0.30_seed_202604,4,202604,0.95,0.3,ABC-SMC,stationary_log_volatility_variance,derived,0.8309296311807388,0.18133948903223643,0.5308837764009732,0.8224523511926,1.2126738526916094,0.9230769230769228,-0.09214729189618398,0.09214729189618398,0.09982623288753267,True,0.6817900762906363,19258,44.658041599999706
beta_0.95_sigma_0.30_seed_202605,5,202605,0.95,0.3,Manual ABC,alpha,parameter,-0.8446134153661646,0.32323266824453856,-1.4484042059364075,-0.8141706750684361,-0.2586962186210502,-0.5000000000000004,-0.3446134153661642,0.3446134153661642,0.24615243954726015,True,1.1897079873153573,10000,
beta_0.95_sigma_0.30_seed_202605,5,202605,0.95,0.3,Manual ABC,beta,parameter,0.9213123267822294,0.02899718524597837,0.8615551994649585,0.9221565040285247,0.9748024644713507,0.95,-0.02868767321777055,0.02868767321777055,0.19253471958235266,True,0.11324726500639215,10000,
beta_0.95_sigma_0.30_seed_202605,5,202605,0.95,0.3,Manual ABC,sigma_eta,parameter,0.4190596338686029,0.06463500830147564,0.26920193896238975,0.43399738142688565,0.49645806145500804,0.3,0.11905963386860291,0.11905963386860291,0.2645769641524509,True,0.22725612249261828,10000,
beta_0.95_sigma_0.30_seed_202605,5,202605,0.95,0.3,Manual ABC,long_run_log_variance,derived,-10.93231371505744,2.4340253907942393,-15.278324331728824,-10.912230330237081,-6.84022654725352,-10.0,-0.9323137150574397,0.9323137150574397,0.09323137150574397,True,8.438097784475303,10000,
beta_0.95_sigma_0.30_seed_202605,5,202605,0.95,0.3,Manual ABC,half_life_days,derived,10.26754636265113,6.080234440989673,4.651490285136175,8.55311444047875,27.160483043880234,13.513407333964874,-3.2458609713137445,3.2458609713137445,0.2401955991628796,True,22.508992758744057,10000,
beta_0.95_sigma_0.30_seed_202605,5,202605,0.95,0.3,Manual ABC,stationary_log_volatility_variance,derived,1.280486027159871,0.39610505926394596,0.6701653230874589,1.180517674849994,2.25972986479371,0.9230769230769228,0.35740910408294824,0.35740910408294824,0.3871931960898607,True,1.5895645417062512,10000,
beta_0.95_sigma_0.30_seed_202605,5,202605,0.95,0.3,Auto ABC,alpha,parameter,-0.910721345315147,0.3013994280668711,-1.4522596921436006,-0.8988658721112353,-0.36684387051568423,-0.5000000000000004,-0.4107213453151466,0.4107213453151466,0.293372389510819,True,1.0854158216279164,10000,
beta_0.95_sigma_0.30_seed_202605,5,202605,0.95,0.3,Auto ABC,beta,parameter,0.9157491048378047,0.023172991569432696,0.8698710074553181,0.9157060872631686,0.9576250513471006,0.95,-0.03425089516219526,0.03425089516219526,0.2298717796120487,True,0.08775404389178254,10000,
beta_0.95_sigma_0.30_seed_202605,5,202605,0.95,0.3,Auto ABC,sigma_eta,parameter,0.38058006804665173,0.07992339280271868,0.22767840171528453,0.3881024201959596,0.4952025893263091,0.3,0.08058006804665174,0.08058006804665174,0.17906681788144832,True,0.2675241876110246,10000,
beta_0.95_sigma_0.30_seed_202605,5,202605,0.95,0.3,Auto ABC,long_run_log_variance,derived,-10.88380472811404,2.46628822006144,-15.124269177811511,-10.939723465950927,-6.858454991756222,-10.0,-0.8838047281140398,0.8838047281140398,0.08838047281140397,True,8.26581418605529,10000,
beta_0.95_sigma_0.30_seed_202605,5,202605,0.95,0.3,Auto ABC,half_life_days,derived,8.648206097540012,3.1548146510527153,4.9719924119163785,7.871320792712347,16.00840085089585,13.513407333964874,-4.865201236424863,4.865201236424863,0.3600277203364222,True,11.036408438979471,10000,
beta_0.95_sigma_0.30_seed_202605,5,202605,0.95,0.3,Auto ABC,stationary_log_volatility_variance,derived,0.9646878291702955,0.40362317996004793,0.416259929785027,0.9174455855508332,1.780916195806726,0.9230769230769228,0.0416109060933727,0.0416109060933727,0.045078481601153776,True,1.364656266021699,10000,
beta_0.95_sigma_0.30_seed_202605,5,202605,0.95,0.3,Wasserstein ABC,alpha,parameter,-0.9916633046325887,0.34459077662178306,-1.467768497798724,-1.04637329452539,-0.2480743834801482,-0.5000000000000004,-0.4916633046325882,0.4916633046325882,0.351188074737563,True,1.2196941143185758,10000,
beta_0.95_sigma_0.30_seed_202605,5,202605,0.95,0.3,Wasserstein ABC,beta,parameter,0.9004663241778366,0.034724128374519776,0.8522528366075599,0.8938397239490616,0.9748657627857173,0.95,-0.04953367582216339,0.04953367582216339,0.3324407773299556,True,0.12261292617815744,10000,
beta_0.95_sigma_0.30_seed_202605,5,202605,0.95,0.3,Wasserstein ABC,sigma_eta,parameter,0.27691739608681964,0.13126576568565243,0.061504246937704316,0.28484439560998515,0.49011923318253686,0.3,-0.023082603913180344,0.023082603913180344,0.051294675362622985,True,0.4286149862448325,10000,
beta_0.95_sigma_0.30_seed_202605,5,202605,0.95,0.3,Wasserstein ABC,long_run_log_variance,derived,-9.980786339250642,0.3213607297906356,-10.5792036477681,-9.982448727966556,-9.429523790028409,-10.0,0.01921366074935804,0.01921366074935804,0.0019213660749358042,True,1.1496798577396916,10000,
beta_0.95_sigma_0.30_seed_202605,5,202605,0.95,0.3,Wasserstein ABC,half_life_days,derived,8.44313707118847,6.72430828229923,4.335637315425291,6.176197047039648,27.22976455331749,13.513407333964874,-5.070270262776404,5.070270262776404,0.37520294752254546,True,22.8941272378922,10000,
beta_0.95_sigma_0.30_seed_202605,5,202605,0.95,0.3,Wasserstein ABC,stationary_log_volatility_variance,derived,0.5783968894087068,0.5592714239347985,0.01777582383493634,0.4427172014507317,2.0943315086146566,0.9230769230769228,-0.344680033668216,0.344680033668216,0.3734033698072341,True,2.0765556847797204,10000,
beta_0.95_sigma_0.30_seed_202605,5,202605,0.95,0.3,ABC-SMC,alpha,parameter,-0.8354840000518372,0.2940795197926839,-1.394598948238835,-0.8359725470589439,-0.2539969791785791,-0.5000000000000004,-0.33548400005183676,0.33548400005183676,0.23963142860845485,True,1.1406019690602558,17003,39.08497660000285
beta_0.95_sigma_0.30_seed_202605,5,202605,0.95,0.3,ABC-SMC,beta,parameter,0.9234804881299767,0.02534604917213559,0.8678546620665923,0.9243655625689147,0.975211712492372,0.95,-0.026519511870023216,0.026519511870023216,0.1779833011410954,True,0.1073570504257797,17003,39.08497660000285
beta_0.95_sigma_0.30_seed_202605,5,202605,0.95,0.3,ABC-SMC,sigma_eta,parameter,0.4330254489360388,0.05286614312961988,0.30721378562528157,0.44400635242899517,0.4973087633640944,0.3,0.1330254489360388,0.1330254489360388,0.29561210874675287,False,0.19009497773881284,17003,39.08497660000285
beta_0.95_sigma_0.30_seed_202605,5,202605,0.95,0.3,ABC-SMC,long_run_log_variance,derived,-11.117614888958657,2.486184653658899,-15.458177883703208,-10.952224449208,-7.0740608526555855,-10.0,-1.1176148889586575,1.1176148889586575,0.11176148889586575,True,8.384117031047623,17003,39.08497660000285
beta_0.95_sigma_0.30_seed_202605,5,202605,0.95,0.3,ABC-SMC,half_life_days,derived,10.21686001146384,5.682891981413778,4.890582094136971,8.813322911106996,27.614665799965366,13.513407333964874,-3.296547322501034,3.296547322501034,0.2439464186220025,True,22.724083705828395,17003,39.08497660000285
beta_0.95_sigma_0.30_seed_202605,5,202605,0.95,0.3,ABC-SMC,stationary_log_volatility_variance,derived,1.3873334605687835,0.3786372089595354,0.8013524971601915,1.3414724747605382,2.2017911301822415,0.9230769230769228,0.4642565374918607,0.4642565374918607,0.5029445822828492,True,1.40043863302205,17003,39.08497660000285
beta_0.98_sigma_0.15_seed_202601,1,202601,0.98,0.15,Manual ABC,alpha,parameter,-0.8494464412177759,0.33281392078448174,-1.4522596921436006,-0.842270455052855,-0.1993496399197714,-0.20000000000000018,-0.6494464412177757,0.6494464412177757,0.4638903151555541,True,1.2529100522238292,10000,
beta_0.98_sigma_0.15_seed_202601,1,202601,0.98,0.15,Manual ABC,beta,parameter,0.9197401446864458,0.030610110964146616,0.860624375593542,0.9206236864813345,0.9794525704987908,0.98,-0.060259855313554156,0.060259855313554156,0.4044285591513701,False,0.11882819490524876,10000,
beta_0.98_sigma_0.15_seed_202601,1,202601,0.98,0.15,Manual ABC,sigma_eta,parameter,0.3179898783664398,0.07853239622961072,0.17406880072711794,0.32127582485490164,0.46844804477883456,0.15,0.16798987836643983,0.16798987836643983,0.3733108408143107,False,0.2943792440517166,10000,
beta_0.98_sigma_0.15_seed_202601,1,202601,0.98,0.15,Manual ABC,long_run_log_variance,derived,-10.740300347527931,2.1890094702772513,-14.501440742188466,-10.67898071776449,-7.211624028502061,-10.0,-0.7403003475279313,0.7403003475279313,0.07403003475279313,True,7.289816713686405,10000,
beta_0.98_sigma_0.15_seed_202601,1,202601,0.98,0.15,Manual ABC,half_life_days,derived,10.482603788645246,7.3929390716231325,4.6179907460513325,8.381068186864571,33.38623661928483,34.309618491520645,-23.8270147028754,23.8270147028754,0.6944704065643883,False,28.768245873233496,10000,
beta_0.98_sigma_0.15_seed_202601,1,202601,0.98,0.15,Manual ABC,stationary_log_volatility_variance,derived,0.707664656854511,0.22335647101017014,0.34454547996470186,0.688857753104325,1.2027345838299377,0.568181818181817,0.13948283867269395,0.13948283867269395,0.24548979606394186,True,0.8581891038652358,10000,
beta_0.98_sigma_0.15_seed_202601,1,202601,0.98,0.15,Auto ABC,alpha,parameter,-0.5402630072766402,0.27777910872479683,-1.1785752359949397,-0.49922756208227836,-0.15154478315583098,-0.20000000000000018,-0.34026300727664005,0.34026300727664005,0.24304500519760006,True,1.0270304528391088,10000,
beta_0.98_sigma_0.15_seed_202601,1,202601,0.98,0.15,Auto ABC,beta,parameter,0.9417426519811719,0.025490700060488727,0.8757859806046367,0.9432723817606309,0.9821507039846864,0.98,-0.038257348018828075,0.038257348018828075,0.25676072495857766,True,0.10636472338004965,10000,
beta_0.98_sigma_0.15_seed_202601,1,202601,0.98,0.15,Auto ABC,sigma_eta,parameter,0.3052600490790609,0.09561416494164346,0.13337941059681027,0.3085729853383926,0.48017138995475567,0.15,0.1552600490790609,0.1552600490790609,0.345022331286802,True,0.34679197935794537,10000,
beta_0.98_sigma_0.15_seed_202601,1,202601,0.98,0.15,Auto ABC,long_run_log_variance,derived,-9.438246092756007,2.9322175896351554,-14.190228933178565,-9.620900128081752,-4.08901806404473,-10.0,0.5617539072439932,0.5617539072439932,0.056175390724399324,True,10.101210869133835,10000,
beta_0.98_sigma_0.15_seed_202601,1,202601,0.98,0.15,Auto ABC,half_life_days,derived,14.5594857345983,8.54003472220252,5.2260327285103605,11.868919534870216,38.48569245201525,34.309618491520645,-19.750132756922344,19.750132756922344,0.5756441961545983,True,33.25965972350489,10000,
beta_0.98_sigma_0.15_seed_202601,1,202601,0.98,0.15,Auto ABC,stationary_log_volatility_variance,derived,0.9647712451782104,0.545950600671722,0.193538446683149,0.8812210080815915,2.235103943328766,0.568181818181817,0.39658942699639343,0.39658942699639343,0.6979973915136539,True,2.041565496645617,10000,
beta_0.98_sigma_0.15_seed_202601,1,202601,0.98,0.15,Wasserstein ABC,alpha,parameter,-1.0143746746854132,0.3384404060633676,-1.4723934783839199,-1.0606145190436949,-0.2686081284626829,-0.20000000000000018,-0.814374674685413,0.814374674685413,0.5816961962038665,False,1.203785349921237,10000,
beta_0.98_sigma_0.15_seed_202601,1,202601,0.98,0.15,Wasserstein ABC,beta,parameter,0.8997812181902429,0.03371456767794069,0.8524776249562782,0.8949123972664752,0.972297088056633,0.98,-0.08021878180975706,0.08021878180975706,0.5383810859715238,False,0.11981946310035474,10000,
beta_0.98_sigma_0.15_seed_202601,1,202601,0.98,0.15,Wasserstein ABC,sigma_eta,parameter,0.26441936905982366,0.1289471638312223,0.059518402114938904,0.2689191178476254,0.48365040923380487,0.15,0.11441936905982367,0.11441936905982367,0.2542652645773859,True,0.42413200711886595,10000,
beta_0.98_sigma_0.15_seed_202601,1,202601,0.98,0.15,Wasserstein ABC,long_run_log_variance,derived,-10.13791460039991,0.3185493166272676,-10.7039190800638,-10.143274463937669,-9.603628287572791,-10.0,-0.13791460039990966,0.13791460039990966,0.013791460039990966,True,1.100290792491009,10000,
beta_0.98_sigma_0.15_seed_202601,1,202601,0.98,0.15,Wasserstein ABC,half_life_days,derived,8.114425380755765,5.5760505994553755,4.3428011492323515,6.242913098597354,24.672537296998907,34.309618491520645,-26.19519311076488,26.19519311076488,0.7634941530241386,False,20.329736147766557,10000,
beta_0.98_sigma_0.15_seed_202601,1,202601,0.98,0.15,Wasserstein ABC,stationary_log_volatility_variance,derived,0.5017755638445291,0.44887285159704343,0.017638796376964323,0.4084653155933197,1.6009196742384042,0.568181818181817,-0.06640625433728786,0.06640625433728786,0.11687500763362688,True,1.5832808778614398,10000,
beta_0.98_sigma_0.15_seed_202601,1,202601,0.98,0.15,ABC-SMC,alpha,parameter,-0.7625239471505095,0.3350211208327944,-1.4013635819872934,-0.7376607879019985,-0.20095487321927297,-0.20000000000000018,-0.5625239471505094,0.5625239471505094,0.401802819393221,False,1.2004087087680204,25153,58.86592709999968
beta_0.98_sigma_0.15_seed_202601,1,202601,0.98,0.15,ABC-SMC,beta,parameter,0.9291353071715663,0.030516600588978263,0.8660544805397106,0.9306023372393101,0.9803638478436413,0.98,-0.050864692828433644,0.050864692828433644,0.34137377737203783,True,0.11430936730393071,25153,58.86592709999968
beta_0.98_sigma_0.15_seed_202601,1,202601,0.98,0.15,ABC-SMC,sigma_eta,parameter,0.2933674727004103,0.07539086948455205,0.1542126377963866,0.29558521185815256,0.44301839234101315,0.15,0.1433674727004103,0.1433674727004103,0.3185943837786896,False,0.28880575454462654,25153,58.86592709999968
beta_0.98_sigma_0.15_seed_202601,1,202601,0.98,0.15,ABC-SMC,long_run_log_variance,derived,-10.89898998298301,2.1336949710547235,-14.745843843970322,-10.788313169527688,-7.518474188667007,-10.0,-0.8989899829830108,0.8989899829830108,0.08989899829830109,True,7.227369655303315,25153,58.86592709999968
beta_0.98_sigma_0.15_seed_202601,1,202601,0.98,0.15,ABC-SMC,half_life_days,derived,12.215843327611818,8.27521668461265,4.819966722653178,9.637320230218874,34.951823047202,34.309618491520645,-22.093775163908827,22.093775163908827,0.6439528078509276,True,30.13185632454882,25153,58.86592709999968
beta_0.98_sigma_0.15_seed_202601,1,202601,0.98,0.15,ABC-SMC,stationary_log_volatility_variance,derived,0.681009799727194,0.19783149984956125,0.3516312241841717,0.6475289440292789,1.0994305513069889,0.568181818181817,0.11282798154537699,0.11282798154537699,0.19857724751986391,True,0.7477993271228172,25153,58.86592709999968
beta_0.98_sigma_0.15_seed_202602,2,202602,0.98,0.15,Manual ABC,alpha,parameter,-1.0016288832958211,0.3019698833312468,-1.4689952265406159,-1.0222331740080124,-0.3387999391641692,-0.20000000000000018,-0.8016288832958209,0.8016288832958209,0.572592059497015,False,1.1301952873764467,10000,
beta_0.98_sigma_0.15_seed_202602,2,202602,0.98,0.15,Manual ABC,beta,parameter,0.9041812500289059,0.0293932938082,0.8567991354339007,0.9015859538488026,0.9700601320530029,0.98,-0.07581874997109406,0.07581874997109406,0.5088506709469399,False,0.11326099661910216,10000,
beta_0.98_sigma_0.15_seed_202602,2,202602,0.98,0.15,Manual ABC,sigma_eta,parameter,0.328165090146145,0.07650567173086531,0.1741159310450166,0.33199260465235075,0.4674031479529284,0.15,0.17816509014614498,0.17816509014614498,0.39592242254698884,False,0.2932872169079118,10000,
beta_0.98_sigma_0.15_seed_202602,2,202602,0.98,0.15,Manual ABC,long_run_log_variance,derived,-10.660272957820395,1.9860055463540107,-14.455623680513629,-10.351562040359852,-7.628122947732759,-10.0,-0.6602729578203945,0.6602729578203945,0.06602729578203945,True,6.827500732780869,10000,
beta_0.98_sigma_0.15_seed_202602,2,202602,0.98,0.15,Manual ABC,half_life_days,derived,8.174246296458051,5.472325314851684,4.484886749819826,6.690616598648905,22.80298117104603,34.309618491520645,-26.135372195062594,26.135372195062594,0.761750591937411,False,18.318094421226206,10000,
beta_0.98_sigma_0.15_seed_202602,2,202602,0.98,0.15,Manual ABC,stationary_log_volatility_variance,derived,0.6204393966819319,0.1878636576071894,0.30695909565399054,0.6002651486609788,1.012722657280359,0.568181818181817,0.05225757850011492,0.05225757850011492,0.09197333816020245,True,0.7057635616263684,10000,
beta_0.98_sigma_0.15_seed_202602,2,202602,0.98,0.15,Auto ABC,alpha,parameter,-0.4811517198166102,0.23888420244945716,-1.0054176298398063,-0.44783481300006267,-0.13958117327140407,-0.20000000000000018,-0.28115171981661,0.28115171981661,0.2008226570118643,True,0.8658364565684022,10000,
beta_0.98_sigma_0.15_seed_202602,2,202602,0.98,0.15,Auto ABC,beta,parameter,0.9464521098369725,0.02275250547963655,0.8931447635226352,0.9479385371308652,0.9828696030453701,0.98,-0.033547890163027505,0.033547890163027505,0.22515362525521812,True,0.08972483952273491,10000,
beta_0.98_sigma_0.15_seed_202602,2,202602,0.98,0.15,Auto ABC,sigma_eta,parameter,0.32335467893118497,0.09543383695055759,0.14306608738131427,0.3323996072509985,0.48396913567868466,0.15,0.17335467893118497,0.17335467893118497,0.3852326198470777,True,0.3409030482973704,10000,
beta_0.98_sigma_0.15_seed_202602,2,202602,0.98,0.15,Auto ABC,long_run_log_variance,derived,-9.2476854967069,3.094885628578715,-14.494209727556811,-9.438137362240589,-3.977603557182602,-10.0,0.7523145032930998,0.7523145032930998,0.07523145032930997,True,10.516606170374208,10000,
beta_0.98_sigma_0.15_seed_202602,2,202602,0.98,0.15,Auto ABC,half_life_days,derived,15.551842578056956,8.307027329233799,6.13368748437283,12.964354856169262,40.11542418200519,34.309618491520645,-18.75777591346369,18.75777591346369,0.5467206205775657,True,33.981736697632364,10000,
beta_0.98_sigma_0.15_seed_202602,2,202602,0.98,0.15,Auto ABC,stationary_log_volatility_variance,derived,1.177179648414898,0.7162313193809551,0.23635189632870013,1.0347203302629846,2.7105175242374515,0.568181818181817,0.608997830233081,0.608997830233081,1.0718361812102246,True,2.4741656279087514,10000,
beta_0.98_sigma_0.15_seed_202602,2,202602,0.98,0.15,Wasserstein ABC,alpha,parameter,-1.0005126411062912,0.34371744546702565,-1.4723934783839199,-1.0471512058188757,-0.24861351038931923,-0.20000000000000018,-0.8005126411062911,0.8005126411062911,0.5717947436473508,False,1.2237799679946006,10000,
beta_0.98_sigma_0.15_seed_202602,2,202602,0.98,0.15,Wasserstein ABC,beta,parameter,0.9008984323942868,0.0343878002182295,0.8524776249562782,0.8952768258427685,0.9742761568662222,0.98,-0.07910156760571319,0.07910156760571319,0.5308830040651891,False,0.12179853190994394,10000,
beta_0.98_sigma_0.15_seed_202602,2,202602,0.98,0.15,Wasserstein ABC,sigma_eta,parameter,0.26663005236066656,0.1307682021930862,0.059518402114938904,0.27071106357861474,0.4881987434321771,0.15,0.11663005236066656,0.11663005236066656,0.25917789413481457,True,0.4286803413172382,10000,
beta_0.98_sigma_0.15_seed_202602,2,202602,0.98,0.15,Wasserstein ABC,long_run_log_variance,derived,-10.115994240338413,0.3209973637038279,-10.717317163778771,-10.125333487261408,-9.584041561290668,-10.0,-0.11599424033841288,0.11599424033841288,0.011599424033841288,True,1.1332756024881032,10000,
beta_0.98_sigma_0.15_seed_202602,2,202602,0.98,0.15,Wasserstein ABC,half_life_days,derived,8.367700720341075,6.2341163918206615,4.3428011492323515,6.26588982062722,26.597629690878026,34.309618491520645,-25.94191777117957,25.94191777117957,0.7561121024295537,False,22.254828541645676,10000,
beta_0.98_sigma_0.15_seed_202602,2,202602,0.98,0.15,Wasserstein ABC,stationary_log_volatility_variance,derived,0.5293722577644915,0.49678558263685046,0.017638796376964323,0.41921231722101404,1.843213545666556,0.568181818181817,-0.03880956041732553,0.03880956041732553,0.06830482633449307,True,1.8255747492895915,10000,
beta_0.98_sigma_0.15_seed_202602,2,202602,0.98,0.15,ABC-SMC,alpha,parameter,-0.9896873712084471,0.30018880573085444,-1.4655801905271049,-1.010652633732303,-0.4155606419471298,-0.20000000000000018,-0.7896873712084469,0.7896873712084469,0.5640624080060336,False,1.050019548579975,23042,54.22814990000188
beta_0.98_sigma_0.15_seed_202602,2,202602,0.98,0.15,ABC-SMC,beta,parameter,0.9063162190546429,0.028415026563923532,0.8560155776271486,0.9053871030494028,0.9585709750318393,0.98,-0.0736837809453571,0.0736837809453571,0.49452201976749727,False,0.10255539740469066,23042,54.22814990000188
beta_0.98_sigma_0.15_seed_202602,2,202602,0.98,0.15,ABC-SMC,sigma_eta,parameter,0.3258269085027297,0.0695059519202028,0.19773176632627942,0.32219293113148273,0.457406510492489,0.15,0.17582690850272972,0.17582690850272972,0.39072646333939937,False,0.25967474416620956,23042,54.22814990000188
beta_0.98_sigma_0.15_seed_202602,2,202602,0.98,0.15,ABC-SMC,long_run_log_variance,derived,-10.734724777133708,1.9639635649735847,-14.515603645941892,-10.479761223878928,-7.788361503530539,-10.0,-0.7347247771337084,0.7347247771337084,0.07347247771337084,True,6.727242142411353,23042,54.22814990000188
beta_0.98_sigma_0.15_seed_202602,2,202602,0.98,0.15,ABC-SMC,half_life_days,derived,7.985642559286401,3.494855400472325,4.458492776688386,6.973824640448464,16.381938143516496,34.309618491520645,-26.323975932234244,26.323975932234244,0.7672477016536925,False,11.92344536682811,23042,54.22814990000188
beta_0.98_sigma_0.15_seed_202602,2,202602,0.98,0.15,ABC-SMC,stationary_log_volatility_variance,derived,0.6181106848129232,0.16172609462588972,0.35923086647204167,0.6003481877489296,0.9901687579177669,0.568181818181817,0.049928866631106184,0.049928866631106184,0.08787480527074706,True,0.6309378914457253,23042,54.22814990000188
beta_0.98_sigma_0.15_seed_202603,3,202603,0.98,0.15,Manual ABC,alpha,parameter,-0.8596147921533208,0.3332372345723233,-1.4563943077031765,-0.8576098814472605,-0.1993496399197714,-0.20000000000000018,-0.6596147921533206,0.6596147921533206,0.47115342296665763,True,1.257044667783405,10000,
beta_0.98_sigma_0.15_seed_202603,3,202603,0.98,0.15,Manual ABC,beta,parameter,0.9188919078693926,0.030791270277646533,0.8607957910657849,0.9202210701937389,0.9794525704987908,0.98,-0.061108092130607417,0.061108092130607417,0.4101214236953517,False,0.1186567794330059,10000,
beta_0.98_sigma_0.15_seed_202603,3,202603,0.98,0.15,Manual ABC,sigma_eta,parameter,0.3162839818239247,0.07817372711675001,0.1741159310450166,0.31890247806672645,0.4751623273748173,0.15,0.1662839818239247,0.1662839818239247,0.3695199596087216,False,0.3010463963298007,10000,
beta_0.98_sigma_0.15_seed_202603,3,202603,0.98,0.15,Manual ABC,long_run_log_variance,derived,-10.76894168517188,2.1755196943339894,-14.501440742188466,-10.695912752423256,-7.2819862148744825,-10.0,-0.76894168517188,0.76894168517188,0.076894168517188,True,7.219454527313983,10000,
beta_0.98_sigma_0.15_seed_202603,3,202603,0.98,0.15,Manual ABC,half_life_days,derived,10.377486496901014,7.3895393121821495,4.624126252409226,8.336973474856858,33.38623661928483,34.309618491520645,-23.93213199461963,23.93213199461963,0.697534191484358,False,28.762110366875604,10000,
beta_0.98_sigma_0.15_seed_202603,3,202603,0.98,0.15,Manual ABC,stationary_log_volatility_variance,derived,0.6922725422487609,0.2148737188468993,0.33123178263036385,0.6722846516073417,1.1636252630367914,0.568181818181817,0.12409072406694388,0.12409072406694388,0.21839967435782168,True,0.8323934804064275,10000,
beta_0.98_sigma_0.15_seed_202603,3,202603,0.98,0.15,Auto ABC,alpha,parameter,-0.3940453879308838,0.21935483354247537,-0.9259316983190081,-0.35381744121577996,-0.11617362063529812,-0.20000000000000018,-0.1940453879308836,0.1940453879308836,0.13860384852205973,True,0.80975807768371,10000,
beta_0.98_sigma_0.15_seed_202603,3,202603,0.98,0.15,Auto ABC,beta,parameter,0.9568142440014946,0.02098825784316694,0.9105811471356546,0.9606605850033173,0.9887992562508925,0.98,-0.023185755998505364,0.023185755998505364,0.1556091006611098,True,0.07821810911523785,10000,
beta_0.98_sigma_0.15_seed_202603,3,202603,0.98,0.15,Auto ABC,sigma_eta,parameter,0.3427688023129717,0.09872046965083056,0.14306608738131427,0.3530246480710455,0.48978426278315357,0.15,0.1927688023129717,0.1927688023129717,0.4283751162510482,True,0.3467181754018393,10000,
beta_0.98_sigma_0.15_seed_202603,3,202603,0.98,0.15,Auto ABC,long_run_log_variance,derived,-9.720482339319526,3.702785370768437,-16.78240744184166,-9.412293431047141,-3.878270971373613,-10.0,0.2795176606804741,0.2795176606804741,0.02795176606804741,True,12.904136470468046,10000,
beta_0.98_sigma_0.15_seed_202603,3,202603,0.98,0.15,Auto ABC,half_life_days,derived,21.343868604361674,15.220058039185554,7.399705953295857,17.2707698539096,61.53680742002984,34.309618491520645,-12.965749887158971,12.965749887158971,0.3779042279459725,True,54.13710146673398,10000,
beta_0.98_sigma_0.15_seed_202603,3,202603,0.98,0.15,Auto ABC,stationary_log_volatility_variance,derived,1.9259375572050443,1.7462094470704403,0.34454547996470186,1.4862214179873299,7.142539072936281,0.568181818181817,1.3577557390232273,1.3577557390232273,2.389650100680885,True,6.797993592971579,10000,
beta_0.98_sigma_0.15_seed_202603,3,202603,0.98,0.15,Wasserstein ABC,alpha,parameter,-1.0001667402382517,0.339006965972678,-1.4685546763827373,-1.0476205113963408,-0.24861351038931923,-0.20000000000000018,-0.8001667402382515,0.8001667402382515,0.5715476715987511,False,1.219941165993418,10000,
beta_0.98_sigma_0.15_seed_202603,3,202603,0.98,0.15,Wasserstein ABC,beta,parameter,0.8995156052730833,0.03412714903151015,0.8522528366075599,0.8933250158099374,0.9735907863911725,0.98,-0.08048439472691671,0.08048439472691671,0.5401637229994409,False,0.12133794978361256,10000,
beta_0.98_sigma_0.15_seed_202603,3,202603,0.98,0.15,Wasserstein ABC,sigma_eta,parameter,0.267066419536395,0.1311009183127366,0.05980844272169461,0.2638407070226371,0.4886714933483929,0.15,0.11706641953639499,0.11706641953639499,0.26014759896976664,True,0.4288630506266983,10000,
beta_0.98_sigma_0.15_seed_202603,3,202603,0.98,0.15,Wasserstein ABC,long_run_log_variance,derived,-9.96536727611962,0.3210545896885289,-10.546999753812726,-9.975403451297947,-9.385928936885174,-10.0,0.034632723880379856,0.034632723880379856,0.0034632723880379857,True,1.1610708169275519,10000,
beta_0.98_sigma_0.15_seed_202603,3,202603,0.98,0.15,Wasserstein ABC,half_life_days,derived,8.214357500684706,6.177111055708855,4.335637315425291,6.1446600744225295,25.8982954809104,34.309618491520645,-26.09526099083594,26.09526099083594,0.7605814969142015,False,21.562658165485107,10000,
beta_0.98_sigma_0.15_seed_202603,3,202603,0.98,0.15,Wasserstein ABC,stationary_log_volatility_variance,derived,0.5165701837804241,0.4769271014226436,0.017638796376964323,0.40268246779487865,1.7557493794581691,0.568181818181817,-0.051611634401392936,0.051611634401392936,0.09083647654645176,True,1.7381105830812047,10000,
beta_0.98_sigma_0.15_seed_202603,3,202603,0.98,0.15,ABC-SMC,alpha,parameter,-0.7962210759852186,0.3420487460146057,-1.4020193600273638,-0.803899141575098,-0.21170681774676853,-0.20000000000000018,-0.5962210759852185,0.5962210759852185,0.4258721971322989,False,1.1903125422805954,23393,55.15799020000122
beta_0.98_sigma_0.15_seed_202603,3,202603,0.98,0.15,ABC-SMC,beta,parameter,0.92640062774256,0.031137980351599318,0.8657969047828736,0.9270566645038698,0.9800679623161339,0.98,-0.05359937225743994,0.05359937225743994,0.35972733058684514,True,0.11427105753326028,23393,55.15799020000122
beta_0.98_sigma_0.15_seed_202603,3,202603,0.98,0.15,ABC-SMC,sigma_eta,parameter,0.2974592235654867,0.07629568510282758,0.16263042200464178,0.29902836605087957,0.4358708975588093,0.15,0.1474592235654867,0.1474592235654867,0.32768716347885934,False,0.27324047555416753,23393,55.15799020000122
beta_0.98_sigma_0.15_seed_202603,3,202603,0.98,0.15,ABC-SMC,long_run_log_variance,derived,-10.947375594934403,2.1420454034549468,-14.616053198836465,-11.03732266197393,-7.296854301405686,-10.0,-0.9473755949344032,0.9473755949344032,0.09473755949344032,True,7.319198897430779,23393,55.15799020000122
beta_0.98_sigma_0.15_seed_202603,3,202603,0.98,0.15,ABC-SMC,half_life_days,derived,11.711295935078823,7.495646852841606,4.8100174897730685,9.151594858680852,34.42779377629628,34.309618491520645,-22.598322556441822,22.598322556441822,0.658658520555302,True,29.61777628652321,23393,55.15799020000122
beta_0.98_sigma_0.15_seed_202603,3,202603,0.98,0.15,ABC-SMC,stationary_log_volatility_variance,derived,0.6782899198623609,0.21237968588412204,0.3586834412938684,0.6549615415994817,1.238836222615332,0.568181818181817,0.11010810168054386,0.11010810168054386,0.1937902589577576,True,0.8801527813214636,23393,55.15799020000122
beta_0.98_sigma_0.15_seed_202604,4,202604,0.98,0.15,Manual ABC,alpha,parameter,-0.9382988699368048,0.32603755043746707,-1.4692978799453382,-0.9490068701616955,-0.24861351038931923,-0.20000000000000018,-0.7382988699368046,0.7382988699368046,0.5273563356691462,False,1.220684369556019,10000,
beta_0.98_sigma_0.15_seed_202604,4,202604,0.98,0.15,Manual ABC,beta,parameter,0.9106427926756147,0.030697650537093144,0.8583291230344299,0.9077501743215672,0.9735907863911725,0.98,-0.06935720732438533,0.06935720732438533,0.4654846129153377,False,0.1152616633567426,10000,
beta_0.98_sigma_0.15_seed_202604,4,202604,0.98,0.15,Manual ABC,sigma_eta,parameter,0.30814192327705514,0.07336770960403971,0.16127018738575,0.31035216902396773,0.44699720738071785,0.15,0.15814192327705515,0.15814192327705515,0.35142649617123367,False,0.28572701999496786,10000,
beta_0.98_sigma_0.15_seed_202604,4,202604,0.98,0.15,Manual ABC,long_run_log_variance,derived,-10.678464273516077,2.0155132969755245,-14.44104843947253,-10.500907502303065,-7.550359869831483,-10.0,-0.6784642735160773,0.6784642735160773,0.06784642735160773,True,6.890688569641047,10000,
beta_0.98_sigma_0.15_seed_202604,4,202604,0.98,0.15,Manual ABC,half_life_days,derived,9.158536035640381,6.667860819073024,4.537263852944502,7.1616414730940985,25.8982954809104,34.309618491520645,-25.151082455880264,25.151082455880264,0.7330621429700874,False,21.361031627965897,10000,
beta_0.98_sigma_0.15_seed_202604,4,202604,0.98,0.15,Manual ABC,stationary_log_volatility_variance,derived,0.5891954664125132,0.16944512744885662,0.30993038135443507,0.5721189155102913,0.9730657038451905,0.568181818181817,0.02101364823069618,0.02101364823069618,0.03698402088602536,True,0.6631353224907555,10000,
beta_0.98_sigma_0.15_seed_202604,4,202604,0.98,0.15,Auto ABC,alpha,parameter,-0.4003797004684684,0.22108294598369008,-0.9259316983190081,-0.3579309437664209,-0.11588681499301612,-0.20000000000000018,-0.2003797004684682,0.2003797004684682,0.1431283574774773,True,0.810044883325992,10000,
beta_0.98_sigma_0.15_seed_202604,4,202604,0.98,0.15,Auto ABC,beta,parameter,0.9559100395560914,0.021129931552609678,0.9101539219136914,0.9600751535623059,0.9878742979610504,0.98,-0.024089960443908542,0.024089960443908542,0.1616775868718694,True,0.07772037604735904,10000,
beta_0.98_sigma_0.15_seed_202604,4,202604,0.98,0.15,Auto ABC,sigma_eta,parameter,0.3426396794524995,0.09741774939872853,0.14806714029486406,0.3530246480710455,0.48978426278315357,0.15,0.19263967945249952,0.19263967945249952,0.42808817656111003,True,0.3417171224882895,10000,
beta_0.98_sigma_0.15_seed_202604,4,202604,0.98,0.15,Auto ABC,long_run_log_variance,derived,-9.609790724166096,3.6368439346700776,-16.55470211992216,-9.339343527420247,-3.878270971373613,-10.0,0.39020927583390375,0.39020927583390375,0.039020927583390375,True,12.676431148548545,10000,
beta_0.98_sigma_0.15_seed_202604,4,202604,0.98,0.15,Auto ABC,half_life_days,derived,20.565477304638193,14.123676773880511,7.362818960260333,17.01237162560356,56.81618972884888,34.309618491520645,-13.744141186882452,13.744141186882452,0.4005914898260734,True,49.45337076858855,10000,
beta_0.98_sigma_0.15_seed_202604,4,202604,0.98,0.15,Auto ABC,stationary_log_volatility_variance,derived,1.834685547921568,1.5685527474371705,0.35391515778680444,1.43250201434835,5.894430642356767,0.568181818181817,1.266503729739751,1.266503729739751,2.2290465643419664,True,5.540515484569962,10000,
beta_0.98_sigma_0.15_seed_202604,4,202604,0.98,0.15,Wasserstein ABC,alpha,parameter,-0.999660044732233,0.3391660295152506,-1.4693750933970777,-1.0471512058188757,-0.24861351038931923,-0.20000000000000018,-0.7996600447322328,0.7996600447322328,0.5711857462373092,False,1.2207615830077585,10000,
beta_0.98_sigma_0.15_seed_202604,4,202604,0.98,0.15,Wasserstein ABC,beta,parameter,0.8997492785662797,0.03408998332214243,0.8522528366075599,0.8937454699072358,0.9735907863911725,0.98,-0.08025072143372025,0.08025072143372025,0.5385954458638942,False,0.12133794978361256,10000,
beta_0.98_sigma_0.15_seed_202604,4,202604,0.98,0.15,Wasserstein ABC,sigma_eta,parameter,0.2666123961484853,0.1305523674140557,0.06122647341799281,0.2636389595667277,0.48801674992028193,0.15,0.11661239614848531,0.11661239614848531,0.2591386581077451,True,0.4267902765022891,10000,
beta_0.98_sigma_0.15_seed_202604,4,202604,0.98,0.15,Wasserstein ABC,long_run_log_variance,derived,-9.982978561758731,0.3200299057949301,-10.556432368010483,-9.988293860144239,-9.404871303839322,-10.0,0.017021438241268783,0.017021438241268783,0.0017021438241268782,True,1.1515610641711618,10000,
beta_0.98_sigma_0.15_seed_202604,4,202604,0.98,0.15,Wasserstein ABC,half_life_days,derived,8.231345462080334,6.175117754315761,4.335637315425291,6.17039912769792,25.8982954809104,34.309618491520645,-26.07827302944031,26.07827302944031,0.760086359919314,False,21.562658165485107,10000,
beta_0.98_sigma_0.15_seed_202604,4,202604,0.98,0.15,Wasserstein ABC,stationary_log_volatility_variance,derived,0.5177465442251485,0.4798889709062898,0.017638796376964323,0.39789016137652383,1.7745970353270502,0.568181818181817,-0.05043527395666847,0.05043527395666847,0.08876608216373669,True,1.7569582389500857,10000,
beta_0.98_sigma_0.15_seed_202604,4,202604,0.98,0.15,ABC-SMC,alpha,parameter,-0.9227397458188792,0.30508486447377664,-1.451530607868146,-0.9272370448676596,-0.3658905314013066,-0.20000000000000018,-0.722739745818879,0.722739745818879,0.5162426755849137,False,1.0856400764668395,22137,52.2911271999983
beta_0.98_sigma_0.15_seed_202604,4,202604,0.98,0.15,ABC-SMC,beta,parameter,0.9138202618854349,0.029329917188960997,0.8618764173101204,0.9144796255536141,0.963699489185267,0.98,-0.06617973811456512,0.06617973811456512,0.444159316205135,False,0.10182307187514661,22137,52.2911271999983
beta_0.98_sigma_0.15_seed_202604,4,202604,0.98,0.15,ABC-SMC,sigma_eta,parameter,0.3000814068598958,0.06857579107860591,0.1746493511609003,0.30241772031683317,0.4269969213481821,0.15,0.15008140685989582,0.15008140685989582,0.33351423746643516,False,0.2523475701872818,22137,52.2911271999983
beta_0.98_sigma_0.15_seed_202604,4,202604,0.98,0.15,ABC-SMC,long_run_log_variance,derived,-10.919339755414484,1.9321063761477337,-14.354511675581278,-10.789806213365672,-7.872420435488222,-10.0,-0.9193397554144838,0.9193397554144838,0.09193397554144837,True,6.482091240093056,22137,52.2911271999983
beta_0.98_sigma_0.15_seed_202604,4,202604,0.98,0.15,ABC-SMC,half_life_days,derived,8.962810911697076,4.167868785149535,4.663155215156231,7.753316298812039,18.745985605025936,34.309618491520645,-25.34680757982357,25.34680757982357,0.7387668150867908,False,14.082830389869706,22137,52.2911271999983
beta_0.98_sigma_0.15_seed_202604,4,202604,0.98,0.15,ABC-SMC,stationary_log_volatility_variance,derived,0.5718366661587959,0.15237041394248874,0.32654619356621595,0.5658535724596974,0.9320081887135444,0.568181818181817,0.0036548479769789033,0.0036548479769789033,0.006432532439482883,True,0.6054619951473285,22137,52.2911271999983
beta_0.98_sigma_0.15_seed_202605,5,202605,0.98,0.15,Manual ABC,alpha,parameter,-0.9505892940472656,0.31267823752974716,-1.4576854043413268,-0.9511071074018226,-0.3276456142722115,-0.20000000000000018,-0.7505892940472654,0.7505892940472654,0.536135210033761,False,1.1300397900691153,10000,
beta_0.98_sigma_0.15_seed_202605,5,202605,0.98,0.15,Manual ABC,beta,parameter,0.9103522811710609,0.02908896382536747,0.8581242768153436,0.9094287781025854,0.9705173300387528,0.98,-0.06964771882893905,0.06964771882893905,0.4674343545566379,False,0.1123930532234092,10000,
beta_0.98_sigma_0.15_seed_202605,5,202605,0.98,0.15,Manual ABC,sigma_eta,parameter,0.3745480434573365,0.07502467224119998,0.20718667664238705,0.377098095430255,0.492003873304537,0.15,0.2245480434573365,0.2245480434573365,0.4989956521274144,False,0.28481719666214994,10000,
beta_0.98_sigma_0.15_seed_202605,5,202605,0.98,0.15,Manual ABC,long_run_log_variance,derived,-10.790511031647155,2.0968773261312106,-14.673827947045112,-10.6684103736817,-7.569282532673404,-10.0,-0.7905110316471546,0.7905110316471546,0.07905110316471546,True,7.1045454143717075,10000,
beta_0.98_sigma_0.15_seed_202605,5,202605,0.98,0.15,Manual ABC,half_life_days,derived,8.729372657753995,5.212202824509264,4.530185853458775,7.301005408932596,23.16202378726808,34.309618491520645,-25.58024583376665,25.58024583376665,0.7455706871263698,False,18.631837933809305,10000,
beta_0.98_sigma_0.15_seed_202605,5,202605,0.98,0.15,Manual ABC,stationary_log_volatility_variance,derived,0.8661585336936802,0.22824202900244833,0.4801685454513271,0.8496199309272618,1.3672198319762308,0.568181818181817,0.2979767155118632,0.2979767155118632,0.5244390193008803,True,0.8870512865249036,10000,
beta_0.98_sigma_0.15_seed_202605,5,202605,0.98,0.15,Auto ABC,alpha,parameter,-1.0147760026982553,0.27650908187075957,-1.4692978799453382,-1.0105255743009631,-0.46832675720774364,-0.20000000000000018,-0.8147760026982551,0.8147760026982551,0.5819828590701822,False,1.0009711227375946,10000,
beta_0.98_sigma_0.15_seed_202605,5,202605,0.98,0.15,Auto ABC,beta,parameter,0.9050568970014277,0.023073262639971993,0.8580922311032454,0.9047326111176588,0.9541196587609987,0.98,-0.07494310299857232,0.07494310299857232,0.5029738456280021,False,0.0960274276577533,10000,
beta_0.98_sigma_0.15_seed_202605,5,202605,0.98,0.15,Auto ABC,sigma_eta,parameter,0.3748623607311479,0.07395239170177717,0.2271337055744127,0.3779425049637509,0.4934926936847438,0.15,0.22486236073114793,0.22486236073114793,0.4996941349581065,False,0.2663589881103311,10000,
beta_0.98_sigma_0.15_seed_202605,5,202605,0.98,0.15,Auto ABC,long_run_log_variance,derived,-10.827917403071197,2.2620217619260132,-14.625096028811601,-10.773533230136312,-7.131302079644912,-10.0,-0.8279174030711971,0.8279174030711971,0.08279174030711971,True,7.493793949166689,10000,
beta_0.98_sigma_0.15_seed_202605,5,202605,0.98,0.15,Auto ABC,half_life_days,derived,7.504179971855622,2.5450732797025513,4.529080430604935,6.923451937335979,14.758429966058264,34.309618491520645,-26.805438519665024,26.805438519665024,0.7812805766490752,False,10.229349535453329,10000,
beta_0.98_sigma_0.15_seed_202605,5,202605,0.98,0.15,Auto ABC,stationary_log_volatility_variance,derived,0.8198595897296084,0.29485208783185873,0.3731046877506845,0.7764483472777733,1.4470161514360327,0.568181818181817,0.25167777154779136,0.25167777154779136,0.4429528779241137,True,1.0739114636853482,10000,
beta_0.98_sigma_0.15_seed_202605,5,202605,0.98,0.15,Wasserstein ABC,alpha,parameter,-0.9927664090748999,0.34530736006058205,-1.4723934783839199,-1.04637329452539,-0.24861351038931923,-0.20000000000000018,-0.7927664090748997,0.7927664090748997,0.5662617207677856,False,1.2237799679946006,10000,
beta_0.98_sigma_0.15_seed_202605,5,202605,0.98,0.15,Wasserstein ABC,beta,parameter,0.9010016622897823,0.034693446414970006,0.8522528366075599,0.8952063205469835,0.9735907863911725,0.98,-0.07899833771021769,0.07899833771021769,0.5301901859746153,False,0.12133794978361256,10000,
beta_0.98_sigma_0.15_seed_202605,5,202605,0.98,0.15,Wasserstein ABC,sigma_eta,parameter,0.2699666749928823,0.1312804036820096,0.06122647341799281,0.2709409272522258,0.4881987434321771,0.15,0.1199666749928823,0.1199666749928823,0.266592611095294,True,0.4269722700141843,10000,
beta_0.98_sigma_0.15_seed_202605,5,202605,0.98,0.15,Wasserstein ABC,long_run_log_variance,derived,-10.047817294573804,0.32269269063649947,-10.671177862604182,-10.051880713165842,-9.478301024460482,-10.0,-0.04781729457380379,0.04781729457380379,0.004781729457380379,True,1.1928768381437003,10000,
beta_0.98_sigma_0.15_seed_202605,5,202605,0.98,0.15,Wasserstein ABC,half_life_days,derived,8.420905595288286,6.360133380544262,4.335637315425291,6.26143210391145,25.8982954809104,34.309618491520645,-25.88871289623236,25.88871289623236,0.754561374753571,False,21.562658165485107,10000,
beta_0.98_sigma_0.15_seed_202605,5,202605,0.98,0.15,Wasserstein ABC,stationary_log_volatility_variance,derived,0.5491009058461179,0.5237437862275274,0.017638796376964323,0.4250782908593037,2.0367461592860954,0.568181818181817,-0.019080912335699085,0.019080912335699085,0.03358240571083046,True,2.019107362909131,10000,
beta_0.98_sigma_0.15_seed_202605,5,202605,0.98,0.15,ABC-SMC,alpha,parameter,-0.9486150797287303,0.32146338092384447,-1.4543944505651003,-0.9736130234952779,-0.26759461089399766,-0.20000000000000018,-0.7486150797287301,0.7486150797287301,0.534725056949093,False,1.1867998396711026,19863,46.68716549999954
beta_0.98_sigma_0.15_seed_202605,5,202605,0.98,0.15,ABC-SMC,beta,parameter,0.9130002846006353,0.029081411010026363,0.8612539648084676,0.9107094138553008,0.9761662731148911,0.98,-0.06699971539936467,0.06699971539936467,0.4496625194588232,False,0.11491230830642352,19863,46.68716549999954
beta_0.98_sigma_0.15_seed_202605,5,202605,0.98,0.15,ABC-SMC,sigma_eta,parameter,0.37208245875117363,0.07859816971825405,0.1832117960310819,0.3853754426302399,0.48883212134656784,0.15,0.22208245875117363,0.22208245875117363,0.49351657500260804,False,0.30562032531548594,19863,46.68716549999954
beta_0.98_sigma_0.15_seed_202605,5,202605,0.98,0.15,ABC-SMC,long_run_log_variance,derived,-11.087680343715009,2.1174714951271745,-14.850815066546831,-11.2046464354323,-7.5847102826429005,-10.0,-1.087680343715009,1.087680343715009,0.10876803437150091,True,7.2661047839039306,19863,46.68716549999954
beta_0.98_sigma_0.15_seed_202605,5,202605,0.98,0.15,ABC-SMC,half_life_days,derived,9.159090952046999,5.463591212637471,4.640600017411296,7.4108494564391245,28.734651315521134,34.309618491520645,-25.150527539473646,25.150527539473646,0.7330459691846881,False,24.09405129810984,19863,46.68716549999954
beta_0.98_sigma_0.15_seed_202605,5,202605,0.98,0.15,ABC-SMC,stationary_log_volatility_variance,derived,0.8794742878982436,0.24342392810399352,0.47300756883260653,0.8553660825686552,1.4577385946212973,0.568181818181817,0.31129246971642655,0.31129246971642655,0.5478747467009119,True,0.9847310257886908,19863,46.68716549999954
beta_0.98_sigma_0.30_seed_202601,1,202601,0.98,0.3,Manual ABC,alpha,parameter,-0.6629856449087961,0.3047073942689318,-1.353028397745501,-0.6197484428473838,-0.17658032617389785,-0.20000000000000018,-0.4629856449087959,0.4629856449087959,0.3307040320777114,True,1.1764480715716032,10000,
beta_0.98_sigma_0.30_seed_202601,1,202601,0.98,0.3,Manual ABC,beta,parameter,0.9400574632934584,0.024598710636560665,0.8865539265673844,0.9414007577099018,0.9829643274803772,0.98,-0.039942536706541576,0.039942536706541576,0.2680707161512857,True,0.0964104009129928,10000,
beta_0.98_sigma_0.30_seed_202601,1,202601,0.98,0.3,Manual ABC,sigma_eta,parameter,0.414338366370932,0.06657870971602284,0.2617090250561023,0.43148277629663634,0.49616883355779073,0.3,0.11433836637093203,0.11433836637093203,0.25408525860207115,True,0.23445980850168846,10000,
beta_0.98_sigma_0.30_seed_202601,1,202601,0.98,0.3,Manual ABC,long_run_log_variance,derived,-11.206718288397749,2.81836591882712,-15.799012280291366,-11.183088437733849,-6.605291203833164,-10.0,-1.2067182883977488,1.2067182883977488,0.12067182883977487,True,9.193721076458203,10000,
beta_0.98_sigma_0.30_seed_202601,1,202601,0.98,0.3,Manual ABC,half_life_days,derived,14.03011064928886,8.357933620197468,5.7563993332534364,11.47854169606014,40.340418484027275,34.309618491520645,-20.279507842231787,20.279507842231787,0.5910735453745634,True,34.58401915077384,10000,
beta_0.98_sigma_0.30_seed_202601,1,202601,0.98,0.3,Manual ABC,stationary_log_volatility_variance,derived,1.687651916177422,0.6933219986439497,0.8591139723799195,1.560350789578645,3.4525942108758643,2.272727272727268,-0.5850753565498461,0.5850753565498461,0.2574331568819328,True,2.593480238495945,10000,
beta_0.98_sigma_0.30_seed_202601,1,202601,0.98,0.3,Auto ABC,alpha,parameter,-0.4336868800278873,0.22587458602486313,-0.9259316983190081,-0.3983514555284755,-0.12007332895571987,-0.20000000000000018,-0.23368688002788712,0.23368688002788712,0.1669192000199194,True,0.8058583693632883,10000,
beta_0.98_sigma_0.30_seed_202601,1,202601,0.98,0.3,Auto ABC,beta,parameter,0.954259539557198,0.019877162103231788,0.9116338409136971,0.9570122369282321,0.9853842860934412,0.98,-0.025740460442801982,0.025740460442801982,0.1727547680724965,True,0.07375044517974405,10000,
beta_0.98_sigma_0.30_seed_202601,1,202601,0.98,0.3,Auto ABC,sigma_eta,parameter,0.3946324827531036,0.07498765155501518,0.21727752131868583,0.40727085829864873,0.4942288200264438,0.3,0.0946324827531036,0.0946324827531036,0.21029440611800798,True,0.276951298707758,10000,
beta_0.98_sigma_0.30_seed_202601,1,202601,0.98,0.3,Auto ABC,long_run_log_variance,derived,-9.8413095847623,3.6828988933318922,-16.38952488364654,-9.72228974704319,-3.4588504439786347,-10.0,0.15869041523770022,0.15869041523770022,0.01586904152377002,True,12.930674439667905,10000,
beta_0.98_sigma_0.30_seed_202601,1,202601,0.98,0.3,Auto ABC,half_life_days,derived,18.61393178091128,11.046674122994204,7.492117462828229,15.775178989064344,47.077367166403164,34.309618491520645,-15.695686710609365,15.695686710609365,0.45747191023090017,True,39.58524970357493,10000,
beta_0.98_sigma_0.30_seed_202601,1,202601,0.98,0.3,Auto ABC,stationary_log_volatility_variance,derived,2.128179048037815,1.3271150265962819,0.750599552788511,1.7558567603752429,5.9790838888843005,2.272727272727268,-0.14454822468945316,0.14454822468945316,0.06360121886335952,True,5.228484336095789,10000,
beta_0.98_sigma_0.30_seed_202601,1,202601,0.98,0.3,Wasserstein ABC,alpha,parameter,-0.9787676496548056,0.3526031836818075,-1.4667408909599389,-1.0452699636244196,-0.22342232817303342,-0.20000000000000018,-0.7787676496548054,0.7787676496548054,0.5562626068962896,False,1.2433185627869054,10000,
beta_0.98_sigma_0.30_seed_202601,1,202601,0.98,0.3,Wasserstein ABC,beta,parameter,0.901713681154082,0.03555124258553358,0.8524776249562782,0.8949123972664752,0.9786987000471832,0.98,-0.07828631884591797,0.07828631884591797,0.525411535878644,False,0.12622107509090497,10000,
beta_0.98_sigma_0.30_seed_202601,1,202601,0.98,0.3,Wasserstein ABC,sigma_eta,parameter,0.2888960565887977,0.13040398138518403,0.06156669720887342,0.3079859219848217,0.4915744357969727,0.3,-0.0111039434112023,0.0111039434112023,0.024675429802671775,True,0.43000773858809926,10000,
beta_0.98_sigma_0.30_seed_202601,1,202601,0.98,0.3,Wasserstein ABC,long_run_log_variance,derived,-9.980679577623079,0.3307883968759538,-10.608773885632498,-9.970035505943246,-9.443830962781565,-10.0,0.019320422376921442,0.019320422376921442,0.0019320422376921443,True,1.1649429228509334,10000,
beta_0.98_sigma_0.30_seed_202601,1,202601,0.98,0.3,Wasserstein ABC,half_life_days,derived,8.754239295369604,7.2287221830179025,4.3428011492323515,6.242913098597354,32.19231792168236,34.309618491520645,-25.55537919615104,25.55537919615104,0.7448459155110353,False,27.84951677245001,10000,
beta_0.98_sigma_0.30_seed_202601,1,202601,0.98,0.3,Wasserstein ABC,stationary_log_volatility_variance,derived,0.6447931478710545,0.6339838808770077,0.01777582383493634,0.4861050829993816,2.3415711411383393,2.272727272727268,-1.6279341248562136,1.6279341248562136,0.7162910149367354,True,2.323795317303403,10000,
beta_0.98_sigma_0.30_seed_202601,1,202601,0.98,0.3,ABC-SMC,alpha,parameter,-0.6194748961670433,0.3065125942481415,-1.2939521379130834,-0.5780210523012496,-0.153862613791167,-0.20000000000000018,-0.41947489616704314,0.41947489616704314,0.2996249258336023,True,1.1400895241219164,18280,42.26296860000002
beta_0.98_sigma_0.30_seed_202601,1,202601,0.98,0.3,ABC-SMC,beta,parameter,0.9458171185970699,0.0236939915154635,0.8970312513994559,0.9490406245445929,0.9837677492475388,0.98,-0.03418288140293013,0.03418288140293013,0.22941531142906127,True,0.0867364978480829,18280,42.26296860000002
beta_0.98_sigma_0.30_seed_202601,1,202601,0.98,0.3,ABC-SMC,sigma_eta,parameter,0.4216443727216143,0.0630613049085008,0.25864817906551874,0.4346554583046906,0.49694024767143735,0.3,0.12164437272161432,0.12164437272161432,0.27032082827025405,True,0.23829206860591862,18280,42.26296860000002
beta_0.98_sigma_0.30_seed_202601,1,202601,0.98,0.3,ABC-SMC,long_run_log_variance,derived,-11.425879917749636,2.6390756311278194,-15.750597393902845,-11.213550927678185,-7.058374031981598,-10.0,-1.4258799177496364,1.4258799177496364,0.14258799177496365,True,8.692223361921247,18280,42.26296860000002
beta_0.98_sigma_0.30_seed_202601,1,202601,0.98,0.3,ABC-SMC,half_life_days,derived,15.750096528399697,9.124430349316777,6.378777663717559,13.252361326184113,42.35433380546639,34.309618491520645,-18.55952196312095,18.55952196312095,0.5409422424125115,True,35.97555614174883,18280,42.26296860000002
beta_0.98_sigma_0.30_seed_202601,1,202601,0.98,0.3,ABC-SMC,stationary_log_volatility_variance,derived,1.9352663431256372,0.6975786967035904,0.9954975811814766,1.8390419297564355,3.800129798465098,2.272727272727268,-0.3374609296016309,0.3374609296016309,0.1484828090247179,True,2.8046322172836216,18280,42.26296860000002
beta_0.98_sigma_0.30_seed_202602,2,202602,0.98,0.3,Manual ABC,alpha,parameter,-0.7020036298334367,0.3169732401154221,-1.3874972277365671,-0.6461554766761625,-0.18227442053495935,-0.20000000000000018,-0.5020036298334365,0.5020036298334365,0.35857402130959753,True,1.2052228072016078,10000,
beta_0.98_sigma_0.30_seed_202602,2,202602,0.98,0.3,Manual ABC,beta,parameter,0.9361561519232496,0.026597410083354967,0.8752499512676994,0.9390354700003181,0.9821507039846864,0.98,-0.04384384807675035,0.04384384807675035,0.2942540139379218,True,0.10690075271698696,10000,
beta_0.98_sigma_0.30_seed_202602,2,202602,0.98,0.3,Manual ABC,sigma_eta,parameter,0.4183569489010791,0.06444375100509016,0.2684756481543152,0.4347023444738207,0.49645806145500804,0.3,0.11835694890107912,0.11835694890107912,0.263015442002398,True,0.22798241330069285,10000,
beta_0.98_sigma_0.30_seed_202602,2,202602,0.98,0.3,Manual ABC,long_run_log_variance,derived,-11.156300764826177,2.7468360942085455,-15.780232920983579,-11.112644731010345,-6.625400584647042,-10.0,-1.1563007648261774,1.1563007648261774,0.11563007648261774,True,9.154832336336536,10000,
beta_0.98_sigma_0.30_seed_202602,2,202602,0.98,0.3,Manual ABC,half_life_days,derived,13.166874295978877,7.805116614060507,5.202019962491334,11.019473008790259,38.48569245201525,34.309618491520645,-21.142744195541766,21.142744195541766,0.6162337305139965,True,33.283672489523916,10000,
beta_0.98_sigma_0.30_seed_202602,2,202602,0.98,0.3,Manual ABC,stationary_log_volatility_variance,derived,1.6204277850677102,0.6345893568615093,0.8116473347696497,1.520562904623621,3.173433788432557,2.272727272727268,-0.6522994876595578,0.6522994876595578,0.28701177457020605,True,2.3617864536629076,10000,
beta_0.98_sigma_0.30_seed_202602,2,202602,0.98,0.3,Auto ABC,alpha,parameter,-0.5098212703348796,0.2498691855959083,-1.057170388803641,-0.4839225113983927,-0.15406690107394905,-0.20000000000000018,-0.3098212703348794,0.3098212703348794,0.2213009073820567,True,0.903103487729692,10000,
beta_0.98_sigma_0.30_seed_202602,2,202602,0.98,0.3,Auto ABC,beta,parameter,0.9480909624936491,0.021484901367925947,0.8989357874147581,0.9490490416844595,0.9835481710978895,0.98,-0.03190903750635088,0.03190903750635088,0.21415461413658304,True,0.0846123836831314,10000,
beta_0.98_sigma_0.30_seed_202602,2,202602,0.98,0.3,Auto ABC,sigma_eta,parameter,0.3858232894417417,0.07758731647581507,0.21177070179904695,0.39793408460416746,0.4927473278529005,0.3,0.08582328944174172,0.08582328944174172,0.19071842098164826,True,0.28097662605385354,10000,
beta_0.98_sigma_0.30_seed_202602,2,202602,0.98,0.3,Auto ABC,long_run_log_variance,derived,-10.040163221226464,3.187591930874659,-15.588275429950766,-10.153936154900586,-4.180429347970033,-10.0,-0.04016322122646443,0.04016322122646443,0.004016322122646443,True,11.407846081980733,10000,
beta_0.98_sigma_0.30_seed_202602,2,202602,0.98,0.3,Auto ABC,half_life_days,derived,16.034592473674163,8.873306724154904,6.505756336524449,13.254608892628488,41.784390731951916,34.309618491520645,-18.275026017846482,18.275026017846482,0.532650225252811,True,35.27863439542747,10000,
beta_0.98_sigma_0.30_seed_202602,2,202602,0.98,0.3,Auto ABC,stationary_log_volatility_variance,derived,1.7766036790502282,1.144845538717854,0.5960970498431418,1.5471284691890361,5.230126377445416,2.272727272727268,-0.49612359367703984,0.49612359367703984,0.218294381217898,True,4.634029327602274,10000,
beta_0.98_sigma_0.30_seed_202602,2,202602,0.98,0.3,Wasserstein ABC,alpha,parameter,-0.9390007272491869,0.35481630956775834,-1.4583959013009933,-0.9764146498754438,-0.18377086482905436,-0.20000000000000018,-0.7390007272491868,0.7390007272491868,0.5278576623208477,True,1.274625036471939,10000,
beta_0.98_sigma_0.30_seed_202602,2,202602,0.98,0.3,Wasserstein ABC,beta,parameter,0.9037264689615933,0.03630314423277188,0.852470390482736,0.898134381809139,0.9808138909313018,0.98,-0.07627353103840673,0.07627353103840673,0.5119028928752128,True,0.1283435004485658,10000,
beta_0.98_sigma_0.30_seed_202602,2,202602,0.98,0.3,Wasserstein ABC,sigma_eta,parameter,0.31159640494917523,0.12109149794962787,0.07599380656766429,0.32901419422025174,0.4927473278529005,0.3,0.011596404949175243,0.011596404949175243,0.025769788775944984,True,0.4167535212852362,10000,
beta_0.98_sigma_0.30_seed_202602,2,202602,0.98,0.3,Wasserstein ABC,long_run_log_variance,derived,-9.76620181892175,0.34846960265899624,-10.48753615956756,-9.748743883800108,-9.218849402565017,-10.0,0.23379818107824946,0.23379818107824946,0.023379818107824947,True,1.268686757002543,10000,
beta_0.98_sigma_0.30_seed_202602,2,202602,0.98,0.3,Wasserstein ABC,half_life_days,derived,9.197238013629136,7.932371471673818,4.342570252853067,6.451747223978145,35.77986084777002,34.309618491520645,-25.11238047789151,25.11238047789151,0.7319341217419202,True,31.437290594916952,10000,
beta_0.98_sigma_0.30_seed_202602,2,202602,0.98,0.3,Wasserstein ABC,stationary_log_volatility_variance,derived,0.7458931076443889,0.70561064178394,0.02580965980365621,0.5865851134323725,2.7044852564814974,2.272727272727268,-1.5268341650828792,1.5268341650828792,0.6718070326364682,True,2.678675596677841,10000,
beta_0.98_sigma_0.30_seed_202602,2,202602,0.98,0.3,ABC-SMC,alpha,parameter,-0.6604895348647427,0.32165890160554483,-1.3481894353598862,-0.6211975040129254,-0.15588681957988731,-0.20000000000000018,-0.46048953486474253,0.46048953486474253,0.328921096331959,True,1.192302615779999,16641,37.16781710000214
beta_0.98_sigma_0.30_seed_202602,2,202602,0.98,0.3,ABC-SMC,beta,parameter,0.9404130009353413,0.026238734058932848,0.8827155137527153,0.9424928088827874,0.9857267661406252,0.98,-0.03958699906465868,0.03958699906465868,0.26568455748093067,True,0.10301125238790987,16641,37.16781710000214
beta_0.98_sigma_0.30_seed_202602,2,202602,0.98,0.3,ABC-SMC,sigma_eta,parameter,0.42280852438694805,0.0648131047935718,0.2550108584999189,0.4410340836811192,0.49624200326342804,0.3,0.12280852438694806,0.12280852438694806,0.27290783197099566,True,0.24123114476350915,16641,37.16781710000214
beta_0.98_sigma_0.30_seed_202602,2,202602,0.98,0.3,ABC-SMC,long_run_log_variance,derived,-11.150447884005544,2.750332219520633,-15.72802953116864,-11.08471990047259,-6.830328210568646,-10.0,-1.150447884005544,1.150447884005544,0.1150447884005544,True,8.897701320599996,16641,37.16781710000214
beta_0.98_sigma_0.30_seed_202602,2,202602,0.98,0.3,ABC-SMC,half_life_days,derived,14.66798700762367,9.402867722557978,5.556187061577581,11.70323168808701,48.215324505952616,34.309618491520645,-19.641631483896973,19.641631483896973,0.5724817805465032,True,42.659137444375034,16641,37.16781710000214
beta_0.98_sigma_0.30_seed_202602,2,202602,0.98,0.3,ABC-SMC,stationary_log_volatility_variance,derived,1.776421521419023,0.6108462409125215,0.9127355986028637,1.671606053642605,3.3346284667003383,2.272727272727268,-0.49630575130824495,0.49630575130824495,0.21837453057562822,True,2.4218928680974745,16641,37.16781710000214
beta_0.98_sigma_0.30_seed_202603,3,202603,0.98,0.3,Manual ABC,alpha,parameter,-0.6603484098917254,0.3029255752809623,-1.3314135168002887,-0.6176331041636627,-0.17658032617389785,-0.20000000000000018,-0.4603484098917252,0.4603484098917252,0.32882029277980374,True,1.154833190626391,10000,
beta_0.98_sigma_0.30_seed_202603,3,202603,0.98,0.3,Manual ABC,beta,parameter,0.9404863724900208,0.024042105299039752,0.8872205127966313,0.9415344624713063,0.9831235493149816,0.98,-0.03951362750997922,0.03951362750997922,0.2651921309394578,True,0.0959030365183503,10000,
beta_0.98_sigma_0.30_seed_202603,3,202603,0.98,0.3,Manual ABC,sigma_eta,parameter,0.410286415853364,0.06895824733750532,0.2433330931992988,0.4247051882260268,0.49616883355779073,0.3,0.11028641585336402,0.11028641585336402,0.2450809241185867,True,0.25283574035849193,10000,
beta_0.98_sigma_0.30_seed_202603,3,202603,0.98,0.3,Manual ABC,long_run_log_variance,derived,-11.202017025741306,2.7734290040279435,-15.780232920983579,-11.194444248225485,-6.653815644425154,-10.0,-1.2020170257413056,1.2020170257413056,0.12020170257413057,True,9.126417276558424,10000,
beta_0.98_sigma_0.30_seed_202603,3,202603,0.98,0.3,Manual ABC,half_life_days,derived,14.115354031042456,8.55512241350869,5.792555603666056,11.505600714852552,40.72430094591454,34.309618491520645,-20.194264460478188,20.194264460478188,0.5885890123047869,True,34.93174534224849,10000,
beta_0.98_sigma_0.30_seed_202603,3,202603,0.98,0.3,Manual ABC,stationary_log_volatility_variance,derived,1.6434020815533417,0.6128728021701092,0.8944777330279388,1.5470806434585895,3.159613893352482,2.272727272727268,-0.6293251911739264,0.6293251911739264,0.2769030841165282,True,2.265136160324543,10000,
beta_0.98_sigma_0.30_seed_202603,3,202603,0.98,0.3,Auto ABC,alpha,parameter,-0.39159498211683613,0.21246102330556207,-0.889419754954804,-0.3536535903699851,-0.11588681499301612,-0.20000000000000018,-0.19159498211683595,0.19159498211683595,0.13685355865488283,True,0.7735329399617878,10000,
beta_0.98_sigma_0.30_seed_202603,3,202603,0.98,0.3,Auto ABC,beta,parameter,0.9587303386008168,0.019827150683037694,0.9133841217073049,0.9615304066490602,0.9887992562508925,0.98,-0.021269661399183182,0.021269661399183182,0.1427494053636455,True,0.07541513454358761,10000,
beta_0.98_sigma_0.30_seed_202603,3,202603,0.98,0.3,Auto ABC,sigma_eta,parameter,0.3850923675973983,0.08472604430159779,0.19885919875912278,0.40280720043060864,0.49596341226173135,0.3,0.0850923675973983,0.0850923675973983,0.18909415021644066,True,0.29710421350260857,10000,
beta_0.98_sigma_0.30_seed_202603,3,202603,0.98,0.3,Auto ABC,long_run_log_variance,derived,-10.078261900881927,3.8719963895097047,-17.08558538797685,-9.701745613973664,-3.654567865980722,-10.0,-0.07826190088192675,0.07826190088192675,0.007826190088192676,True,13.431017521996127,10000,
beta_0.98_sigma_0.30_seed_202603,3,202603,0.98,0.3,Auto ABC,half_life_days,derived,21.86033381206147,14.782308665398073,7.65073566626819,17.66921373221058,61.53680742002984,34.309618491520645,-12.449284679459176,12.449284679459176,0.3628511544812403,True,53.88607175376165,10000,
beta_0.98_sigma_0.30_seed_202603,3,202603,0.98,0.3,Auto ABC,stationary_log_volatility_variance,derived,2.379256147723167,1.7618282128571785,0.6689122312280853,1.8829237448297278,7.472019938418055,2.272727272727268,0.1065288749958988,0.1065288749958988,0.04687270499819557,True,6.8031077071899695,10000,
beta_0.98_sigma_0.30_seed_202603,3,202603,0.98,0.3,Wasserstein ABC,alpha,parameter,-0.9412303790569337,0.34322687592008644,-1.4378882998126619,-0.9967564698586594,-0.21063483023311602,-0.20000000000000018,-0.7412303790569336,0.7412303790569336,0.5294502707549525,False,1.2272534695795458,10000,
beta_0.98_sigma_0.30_seed_202603,3,202603,0.98,0.3,Wasserstein ABC,beta,parameter,0.9017809348251385,0.035888242754582925,0.8523550277605799,0.8949253012830336,0.979488093917339,0.98,-0.07821906517486144,0.07821906517486144,0.5249601689588015,False,0.12713306615675912,10000,
beta_0.98_sigma_0.30_seed_202603,3,202603,0.98,0.3,Wasserstein ABC,sigma_eta,parameter,0.2957102270176711,0.12648635510970144,0.06256199528197334,0.31119723374128017,0.49012771067866395,0.3,-0.00428977298232891,0.00428977298232891,0.0095328288496198,True,0.42756571539669064,10000,
beta_0.98_sigma_0.30_seed_202603,3,202603,0.98,0.3,Wasserstein ABC,long_run_log_variance,derived,-9.600951141852828,0.3157790198130743,-10.218745656865417,-9.589142933104025,-9.082594463806739,-10.0,0.3990488581471716,0.3990488581471716,0.03990488581471716,True,1.1361511930586783,10000,
beta_0.98_sigma_0.30_seed_202603,3,202603,0.98,0.3,Wasserstein ABC,half_life_days,derived,8.808324883531528,7.282358783787171,4.33889137177651,6.2437239602814,33.4446607511706,34.309618491520645,-25.50129360798912,25.50129360798912,0.7432695182632697,False,29.10576937939409,10000,
beta_0.98_sigma_0.30_seed_202603,3,202603,0.98,0.3,Wasserstein ABC,stationary_log_volatility_variance,derived,0.6719813967819086,0.6663285663166904,0.020758576814127964,0.5264395978371048,2.5362320500675177,2.272727272727268,-1.6007458759453594,1.6007458759453594,0.7043281854159597,True,2.51547347325339,10000,
beta_0.98_sigma_0.30_seed_202603,3,202603,0.98,0.3,ABC-SMC,alpha,parameter,-0.5825148861483035,0.26859451592925626,-1.1637604406017616,-0.556565318609998,-0.1581974790183014,-0.20000000000000018,-0.3825148861483033,0.3825148861483033,0.27322491867735954,True,1.0055629615834603,17205,38.377969699999085
beta_0.98_sigma_0.30_seed_202603,3,202603,0.98,0.3,ABC-SMC,beta,parameter,0.9478393052916576,0.021618714930120048,0.9045358161041895,0.9487560713652551,0.9863286687732509,0.98,-0.032160694708342374,0.032160694708342374,0.2158435886465931,True,0.08179285266906133,17205,38.377969699999085
beta_0.98_sigma_0.30_seed_202603,3,202603,0.98,0.3,ABC-SMC,sigma_eta,parameter,0.41358941095575014,0.06627874466067844,0.26099374478006054,0.4302653012215282,0.495032921560701,0.3,0.11358941095575015,0.11358941095575015,0.2524209132350003,True,0.23403917678064046,17205,38.377969699999085
beta_0.98_sigma_0.30_seed_202603,3,202603,0.98,0.3,ABC-SMC,long_run_log_variance,derived,-11.276327352999818,2.562452421524727,-15.831968822250047,-11.086956478914027,-7.199503739299108,-10.0,-1.276327352999818,1.276327352999818,0.12763273529998181,True,8.63246508295094,17205,38.377969699999085
beta_0.98_sigma_0.30_seed_202603,3,202603,0.98,0.3,ABC-SMC,half_life_days,derived,16.4545891320728,10.591843134604368,6.908440636336848,13.176813501872193,50.35341301284088,34.309618491520645,-17.855029359447844,17.855029359447844,0.5204088574712824,True,43.44497237650403,17205,38.377969699999085
beta_0.98_sigma_0.30_seed_202603,3,202603,0.98,0.3,ABC-SMC,stationary_log_volatility_variance,derived,1.9128073831268444,0.6623415412665237,0.9902119748811627,1.757900247309209,3.5205698948968744,2.272727272727268,-0.35991988960042365,0.35991988960042365,0.15836475142418674,True,2.5303579200157116,17205,38.377969699999085
beta_0.98_sigma_0.30_seed_202604,4,202604,0.98,0.3,Manual ABC,alpha,parameter,-0.7244025281475057,0.3084362960988102,-1.3729969690453503,-0.6822869475274723,-0.1937740357302229,-0.20000000000000018,-0.5244025281475055,0.5244025281475055,0.3745732343910754,True,1.1792229333151274,10000,
beta_0.98_sigma_0.30_seed_202604,4,202604,0.98,0.3,Manual ABC,beta,parameter,0.9340195251061125,0.02604804702436568,0.8785569060135942,0.9352943455500121,0.9809562347676541,0.98,-0.04598047489388746,0.04598047489388746,0.308593791234144,True,0.10239932875405999,10000,
beta_0.98_sigma_0.30_seed_202604,4,202604,0.98,0.3,Manual ABC,sigma_eta,parameter,0.40335428056272676,0.07046462721152656,0.2433330931992988,0.4160454137412924,0.49616883355779073,0.3,0.10335428056272677,0.10335428056272677,0.22967617902828172,True,0.25283574035849193,10000,
beta_0.98_sigma_0.30_seed_202604,4,202604,0.98,0.3,Manual ABC,long_run_log_variance,derived,-11.12816255209199,2.522699080477634,-15.471509372888644,-11.136107152917289,-6.904256600839638,-10.0,-1.1281625520919896,1.1281625520919896,0.11281625520919895,True,8.567252772049006,10000,
beta_0.98_sigma_0.30_seed_202604,4,202604,0.98,0.3,Manual ABC,half_life_days,derived,12.566221286508679,7.471799582305327,5.3535380376503605,10.3618750882961,36.04990692947479,34.309618491520645,-21.743397205011966,21.743397205011966,0.6337405707494439,True,30.696368891824427,10000,
beta_0.98_sigma_0.30_seed_202604,4,202604,0.98,0.3,Manual ABC,stationary_log_volatility_variance,derived,1.406825428409047,0.43054969053805353,0.7827679916673138,1.3271864759666456,2.452535026695677,2.272727272727268,-0.8659018443182211,0.8659018443182211,0.3809968115000181,True,1.669767035028363,10000,
beta_0.98_sigma_0.30_seed_202604,4,202604,0.98,0.3,Auto ABC,alpha,parameter,-0.37930109431529935,0.20899483482531558,-0.9005621910875774,-0.3232183532667672,-0.11189764530371726,-0.20000000000000018,-0.17930109431529917,0.17930109431529917,0.1280722102252137,True,0.7886645457838601,10000,
beta_0.98_sigma_0.30_seed_202604,4,202604,0.98,0.3,Auto ABC,beta,parameter,0.958796943782785,0.020162468431823528,0.9124128600879101,0.9621178986317391,0.9890147606740639,0.98,-0.021203056217214966,0.021203056217214966,0.14230239071956352,True,0.07660190058615379,10000,
beta_0.98_sigma_0.30_seed_202604,4,202604,0.98,0.3,Auto ABC,sigma_eta,parameter,0.371869009563652,0.09145437255638209,0.18192656569237475,0.38836452531186405,0.49596341226173135,0.3,0.071869009563652,0.071869009563652,0.1597089101414489,True,0.3140368465693566,10000,
beta_0.98_sigma_0.30_seed_202604,4,202604,0.98,0.3,Auto ABC,long_run_log_variance,derived,-9.878843583322515,3.9222262220469943,-17.101027257220604,-9.377995301136558,-3.654567865980722,-10.0,0.12115641667748456,0.12115641667748456,0.012115641667748455,True,13.446459391239882,10000,
beta_0.98_sigma_0.30_seed_202604,4,202604,0.98,0.3,Auto ABC,half_life_days,derived,22.172827653951565,15.291329527186113,7.561933336484627,17.94868075958799,62.750838395956514,34.309618491520645,-12.13679083756908,12.13679083756908,0.35374310094904127,True,55.188905059471885,10000,
beta_0.98_sigma_0.30_seed_202604,4,202604,0.98,0.3,Auto ABC,stationary_log_volatility_variance,derived,2.2941340620510564,1.830440498272734,0.5138863532861068,1.7763180914318486,7.887850046056272,2.272727272727268,0.021406789323788367,0.021406789323788367,0.0094189873024669,True,7.3739636927701655,10000,
beta_0.98_sigma_0.30_seed_202604,4,202604,0.98,0.3,Wasserstein ABC,alpha,parameter,-0.9347880650035374,0.35217479589432704,-1.4443803189661462,-0.9846793095664679,-0.18377086482905436,-0.20000000000000018,-0.7347880650035372,0.7347880650035372,0.5248486178596695,True,1.2606094541370918,10000,
beta_0.98_sigma_0.30_seed_202604,4,202604,0.98,0.3,Wasserstein ABC,beta,parameter,0.9030306109211279,0.036565879973401445,0.8523550277605799,0.8961083541780279,0.9808138909313018,0.98,-0.07696938907887207,0.07696938907887207,0.5165730810662554,True,0.12845886317072186,10000,
beta_0.98_sigma_0.30_seed_202604,4,202604,0.98,0.3,Wasserstein ABC,sigma_eta,parameter,0.30001922624725996,0.12510311878594046,0.06267842365183708,0.31982850478079106,0.48967131742154546,0.3,1.9226247259973572e-05,1.9226247259973572e-05,4.2724993911052384e-05,True,0.4269928937697084,10000,
beta_0.98_sigma_0.30_seed_202604,4,202604,0.98,0.3,Wasserstein ABC,long_run_log_variance,derived,-9.660892262694542,0.33475566857735417,-10.280083132834777,-9.634753314574612,-9.115941792631759,-10.0,0.33910773730545785,0.33910773730545785,0.03391077373054578,True,1.1641413402030185,10000,
beta_0.98_sigma_0.30_seed_202604,4,202604,0.98,0.3,Wasserstein ABC,half_life_days,derived,9.140023415969422,7.90366133421643,4.33889137177651,6.318919403588943,35.77986084777002,34.309618491520645,-25.16959507555122,25.16959507555122,0.7336017181820803,True,31.440969475993505,10000,
beta_0.98_sigma_0.30_seed_202604,4,202604,0.98,0.3,Wasserstein ABC,stationary_log_volatility_variance,derived,0.7025008073697152,0.687672019593891,0.020758576814127964,0.5615599308120229,2.646025930942895,2.272727272727268,-1.5702264653575528,1.5702264653575528,0.6908996447573247,True,2.625267354128767,10000,
beta_0.98_sigma_0.30_seed_202604,4,202604,0.98,0.3,ABC-SMC,alpha,parameter,-0.6748944805068913,0.28940221782711056,-1.3218766019549673,-0.6499220430106208,-0.17918876499991832,-0.20000000000000018,-0.4748944805068911,0.4748944805068911,0.33921034321920795,True,1.1426878369550488,17779,39.59046710000257
beta_0.98_sigma_0.30_seed_202604,4,202604,0.98,0.3,ABC-SMC,beta,parameter,0.9410419967517629,0.0229511701011855,0.8956146374867408,0.9419480979737191,0.98579981871926,0.98,-0.03895800324823706,0.03895800324823706,0.26146310904857084,True,0.09018518123251928,17779,39.59046710000257
beta_0.98_sigma_0.30_seed_202604,4,202604,0.98,0.3,ABC-SMC,sigma_eta,parameter,0.4061439394388652,0.07040289637828537,0.2362870814160525,0.42202813553231083,0.49507001646622184,0.3,0.10614393943886519,0.10614393943886519,0.23587542097525596,True,0.25878293505016936,17779,39.59046710000257
beta_0.98_sigma_0.30_seed_202604,4,202604,0.98,0.3,ABC-SMC,long_run_log_variance,derived,-11.524774776235656,2.3280072951301256,-15.394618565067693,-11.440158919562272,-7.455359012121897,-10.0,-1.524774776235656,1.524774776235656,0.15247747762356562,True,7.9392595529457965,17779,39.59046710000257
beta_0.98_sigma_0.30_seed_202604,4,202604,0.98,0.3,ABC-SMC,half_life_days,derived,14.223053564257274,9.035426431081245,6.287331510116257,11.590100821642313,48.46515887471738,34.309618491520645,-20.08656492726337,20.08656492726337,0.5854499644823392,True,42.17782736460113,17779,39.59046710000257
beta_0.98_sigma_0.30_seed_202604,4,202604,0.98,0.3,ABC-SMC,stationary_log_volatility_variance,derived,1.5996825130009023,0.5475559620168232,0.9280396505398537,1.4953130766330027,2.9102368048989824,2.272727272727268,-0.6730447597263658,0.6730447597263658,0.2961396942796016,True,1.9821971543591288,17779,39.59046710000257
beta_0.98_sigma_0.30_seed_202605,5,202605,0.98,0.3,Manual ABC,alpha,parameter,-0.5868273420487711,0.3092564495243107,-1.3266532702522356,-0.5336307702089945,-0.14715326492350633,-0.20000000000000018,-0.3868273420487709,0.3868273420487709,0.27630524432055065,True,1.1795000053287292,10000,
beta_0.98_sigma_0.30_seed_202605,5,202605,0.98,0.3,Manual ABC,beta,parameter,0.946386732154128,0.02531255253891429,0.8872205127966313,0.9480708680541521,0.9859422863233414,0.98,-0.03361326784587193,0.03361326784587193,0.22559240165014716,True,0.09872177352671008,10000,
beta_0.98_sigma_0.30_seed_202605,5,202605,0.98,0.3,Manual ABC,sigma_eta,parameter,0.42148255650283994,0.06227204357755666,0.2678335753717125,0.44048252919920505,0.49693707417131056,0.3,0.12148255650283996,0.12148255650283996,0.26996123667297767,True,0.22910349879959807,10000,
beta_0.98_sigma_0.30_seed_202605,5,202605,0.98,0.3,Manual ABC,long_run_log_variance,derived,-11.156933084874316,3.1193151599346116,-16.434429563575097,-11.139626628398776,-5.9206137082458286,-10.0,-1.156933084874316,1.156933084874316,0.1156933084874316,True,10.51381585532927,10000,
beta_0.98_sigma_0.30_seed_202605,5,202605,0.98,0.3,Manual ABC,half_life_days,derived,16.932692044843034,12.100460631026774,5.792555603666056,12.998291005030435,48.95985707177818,34.309618491520645,-17.37692644667761,17.37692644667761,0.5064739047148595,True,43.16730146811213,10000,
beta_0.98_sigma_0.30_seed_202605,5,202605,0.98,0.3,Manual ABC,stationary_log_volatility_variance,derived,2.0948173916846056,1.1064053503876305,0.9446981769160555,1.756686532937732,5.582674329419775,2.272727272727268,-0.17790988104266248,0.17790988104266248,0.07828034765877165,True,4.637976152503719,10000,
beta_0.98_sigma_0.30_seed_202605,5,202605,0.98,0.3,Auto ABC,alpha,parameter,-0.5823612362880939,0.2618047391766968,-1.182781755210695,-0.5565091937486984,-0.16615361444566434,-0.20000000000000018,-0.3823612362880937,0.3823612362880937,0.2731151687772098,True,1.0166281407650306,10000,
beta_0.98_sigma_0.30_seed_202605,5,202605,0.98,0.3,Auto ABC,beta,parameter,0.9396090759992457,0.0221977969123854,0.8904117761614452,0.940325788067486,0.9811549206090462,0.98,-0.04039092400075428,0.04039092400075428,0.2710800268506998,True,0.09074314444760101,10000,
beta_0.98_sigma_0.30_seed_202605,5,202605,0.98,0.3,Auto ABC,sigma_eta,parameter,0.4059455355233933,0.06591011074094706,0.26499591964445385,0.4165370848944816,0.4963134724239327,0.3,0.10594553552339331,0.10594553552339331,0.23543452338531845,True,0.23131755277947885,10000,
beta_0.98_sigma_0.30_seed_202605,5,202605,0.98,0.3,Auto ABC,long_run_log_variance,derived,-9.890524666186188,3.1707453467616338,-15.506888241987552,-10.125333487261408,-3.9114073193063215,-10.0,0.10947533381381191,0.10947533381381191,0.010947533381381191,True,11.59548092268123,10000,
beta_0.98_sigma_0.30_seed_202605,5,202605,0.98,0.3,Auto ABC,half_life_days,derived,13.272288249427149,7.159717584246068,5.97173856742645,11.265395575556271,36.43366262068628,34.309618491520645,-21.037330242093496,21.037330242093496,0.6131612989894571,True,30.46192405325983,10000,
beta_0.98_sigma_0.30_seed_202605,5,202605,0.98,0.3,Auto ABC,stationary_log_volatility_variance,derived,1.6225834180241394,0.8602843079230839,0.7517790518717027,1.4271519556502035,3.94024777595876,2.272727272727268,-0.6501438547031286,0.6501438547031286,0.2860632960693772,True,3.1884687240870573,10000,
beta_0.98_sigma_0.30_seed_202605,5,202605,0.98,0.3,Wasserstein ABC,alpha,parameter,-0.9312006932703727,0.3539827843355816,-1.4563399493047438,-0.9718010235233865,-0.18377086482905436,-0.20000000000000018,-0.7312006932703725,0.7312006932703725,0.5222862094788375,True,1.2725690844756894,10000,
beta_0.98_sigma_0.30_seed_202605,5,202605,0.98,0.3,Wasserstein ABC,beta,parameter,0.9040713643635888,0.03649206493346852,0.8523550277605799,0.8984799471725575,0.9808138909313018,0.98,-0.07592863563641117,0.07592863563641117,0.5095881586336319,True,0.12845886317072186,10000,
beta_0.98_sigma_0.30_seed_202605,5,202605,0.98,0.3,Wasserstein ABC,sigma_eta,parameter,0.30263108035808367,0.12567410945231816,0.06602170160199744,0.3226538335735651,0.49142227250072185,0.3,0.0026310803580836817,0.0026310803580836817,0.0058468452401859595,True,0.4254005708987244,10000,
beta_0.98_sigma_0.30_seed_202605,5,202605,0.98,0.3,Wasserstein ABC,long_run_log_variance,derived,-9.725574260688537,0.3380449833281689,-10.44328926133372,-9.701745613973664,-9.204824313231738,-10.0,0.27442573931146264,0.27442573931146264,0.027442573931146262,True,1.2384649481019814,10000,
beta_0.98_sigma_0.30_seed_202605,5,202605,0.98,0.3,Wasserstein ABC,half_life_days,derived,9.251983808716668,7.952798129353647,4.33889137177651,6.474931439461237,35.77986084777002,34.309618491520645,-25.05763468280398,25.05763468280398,0.730338481874894,True,31.440969475993505,10000,
beta_0.98_sigma_0.30_seed_202605,5,202605,0.98,0.3,Wasserstein ABC,stationary_log_volatility_variance,derived,0.7248382611687065,0.7128040042390534,0.020999151210121934,0.5646808732833312,2.7044852564814974,2.272727272727268,-1.5478890115585615,1.5478890115585615,0.6810711650857685,True,2.6834861052713754,10000,
beta_0.98_sigma_0.30_seed_202605,5,202605,0.98,0.3,ABC-SMC,alpha,parameter,-0.4927149660937217,0.2688276033661517,-1.2227651870518987,-0.4279038109846627,-0.1411841031150365,-0.20000000000000018,-0.2927149660937215,0.2927149660937215,0.2090821186383725,True,1.0815810839368623,15669,33.4728643999988
beta_0.98_sigma_0.30_seed_202605,5,202605,0.98,0.3,ABC-SMC,beta,parameter,0.9550248150154439,0.023857544134762855,0.9010538385188231,0.9586191931880133,0.9879605583994854,0.98,-0.024975184984556087,0.024975184984556087,0.16761869117151734,True,0.08690671988066223,15669,33.4728643999988
beta_0.98_sigma_0.30_seed_202605,5,202605,0.98,0.3,ABC-SMC,sigma_eta,parameter,0.4309924985072263,0.058728438235323165,0.2810281581419278,0.4478251153748972,0.4974476449094989,0.3,0.13099249850722633,0.13099249850722633,0.2910944411271696,True,0.2164194867675711,15669,33.4728643999988
beta_0.98_sigma_0.30_seed_202605,5,202605,0.98,0.3,ABC-SMC,long_run_log_variance,derived,-11.4163027054291,3.1672150549554594,-16.66812038825009,-11.24917945025338,-6.131252886143383,-10.0,-1.4163027054291,1.4163027054291,0.14163027054291,True,10.536867502106709,15669,33.4728643999988
beta_0.98_sigma_0.30_seed_202605,5,202605,0.98,0.3,ABC-SMC,half_life_days,derived,20.585751304789998,13.087623859259695,6.652705548913661,16.4014364596891,57.2257607618955,34.309618491520645,-13.723867186730647,13.723867186730647,0.4000005768097478,True,50.57305521298184,15669,33.4728643999988
beta_0.98_sigma_0.30_seed_202605,5,202605,0.98,0.3,ABC-SMC,stationary_log_volatility_variance,derived,2.702579943790452,1.5559481876921046,1.0542693397166083,2.291841527045479,7.333183219507318,2.272727272727268,0.42985267106318403,0.42985267106318403,0.18913517526780135,True,6.27891387979071,15669,33.4728643999988
